# nspin         1
# kick mode    0
# kick strength    0.005000000000
# dim           3
# pol(1)           1.000000000000    0.000000000000    0.000000000000
# pol(2)           0.000000000000    1.000000000000    0.000000000000
# pol(3)           0.000000000000    0.000000000000    1.000000000000
# direction    1
# Equiv. axes  0
# wprime           0.000000000000    0.000000000000    1.000000000000
# kick time        0.000000000000
#%
# Number of time steps =    10000
# PropagationSpectrumDampMode   =    2
# PropagationSpectrumDampFactor =    -1.0000
# PropagationSpectrumStartTime  =     0.0000
# PropagationSpectrumEndTime    =   200.0000
# PropagationSpectrumMinEnergy  =     0.0000
# PropagationSpectrumMaxEnergy  =     0.7350
# PropagationSpectrumEnergyStep =     0.0004
#%
# Electronic sum rule       =         3.822896
# Static polarizability (from sum rule) =        14.059382 b
#%
#       Energy        sigma(1, nspin=1)   sigma(2, nspin=1)   sigma(3, nspin=1)   StrengthFunction(1)
#        [H]                [b^2]               [b^2]               [b^2]               [1/H]        
      0.00000000E+00     -0.00000000E+00     -0.00000000E+00     -0.00000000E+00     -0.00000000E+00
      0.36749325E-03      0.27984629E-10      0.26052022E-08     -0.33593751E-09      0.19427839E-09
      0.73498651E-03      0.11690217E-09      0.10414112E-07     -0.13428866E-08      0.81157284E-09
      0.11024798E-02      0.28172399E-09      0.23406659E-07     -0.30182599E-08      0.19558194E-08
      0.14699730E-02      0.54766921E-09      0.41549466E-07     -0.53577538E-08      0.38020975E-08
      0.18374663E-02      0.95060085E-09      0.64795948E-07     -0.83553625E-08      0.65993799E-08
      0.22049595E-02      0.15375722E-08      0.93086464E-07     -0.12003397E-07      0.10674326E-07
      0.25724528E-02      0.23675154E-08      0.12634850E-06     -0.16292508E-07      0.16436061E-07
      0.29399460E-02      0.35120616E-08      0.16449691E-06     -0.21211718E-07      0.24381873E-07
      0.33074393E-02      0.50564809E-08      0.20743416E-06     -0.26748452E-07      0.35103733E-07
      0.36749325E-02      0.71007269E-08      0.25505066E-06     -0.32888582E-07      0.49295552E-07
      0.40424258E-02      0.97605706E-08      0.30722508E-06     -0.39616465E-07      0.67761051E-07
      0.44099190E-02      0.13168805E-07      0.36382476E-06     -0.46914998E-07      0.91422123E-07
      0.47774123E-02      0.17476502E-07      0.42470611E-06     -0.54765667E-07      0.12132756E-06
      0.51449056E-02      0.22854300E-07      0.48971504E-06     -0.63148610E-07      0.15866197E-06
      0.55123988E-02      0.29493699E-07      0.55868747E-06     -0.72042672E-07      0.20475484E-06
      0.58798921E-02      0.37608346E-07      0.63144984E-06     -0.81425476E-07      0.26108936E-06
      0.62473853E-02      0.47435285E-07      0.70781962E-06     -0.91273491E-07      0.32931115E-06
      0.66148786E-02      0.59236136E-07      0.78760591E-06     -0.10156211E-06      0.41123650E-06
      0.69823718E-02      0.73298207E-07      0.87061001E-06     -0.11226570E-06      0.50885996E-06
      0.73498651E-02      0.89935484E-07      0.95662603E-06     -0.12335774E-06      0.62436134E-06
      0.77173583E-02      0.10948950E-06      0.10454415E-05     -0.13481083E-06      0.76011165E-06
      0.80848516E-02      0.13233003E-06      0.11368382E-05     -0.14659683E-06      0.91867806E-06
      0.84523448E-02      0.15885566E-06      0.12305924E-05     -0.15868691E-06      0.11028276E-05
      0.88198381E-02      0.18949408E-06      0.13264761E-05     -0.17105167E-06      0.13155295E-05
      0.91873313E-02      0.22470224E-06      0.14242573E-05     -0.18366120E-06      0.15599560E-05
      0.95548246E-02      0.26496623E-06      0.15237008E-05     -0.19648518E-06      0.18394816E-05
      0.99223179E-02      0.31080088E-06      0.16245692E-05     -0.20949300E-06      0.21576807E-05
      0.10289811E-01      0.36274920E-06      0.17266230E-05     -0.22265381E-06      0.25183228E-05
      0.10657304E-01      0.42138141E-06      0.18296219E-05     -0.23593661E-06      0.29253666E-05
      0.11024798E-01      0.48729376E-06      0.19333253E-05     -0.24931038E-06      0.33829516E-05
      0.11392291E-01      0.56110709E-06      0.20374929E-05     -0.26274415E-06      0.38953877E-05
      0.11759784E-01      0.64346495E-06      0.21418856E-05     -0.27620710E-06      0.44671427E-05
      0.12127277E-01      0.73503161E-06      0.22462660E-05     -0.28966863E-06      0.51028282E-05
      0.12494771E-01      0.83648960E-06      0.23503992E-05     -0.30309845E-06      0.58071825E-05
      0.12862264E-01      0.94853705E-06      0.24540536E-05     -0.31646670E-06      0.65850523E-05
      0.13229757E-01      0.10718847E-05      0.25570012E-05     -0.32974399E-06      0.74413718E-05
      0.13597250E-01      0.12072527E-05      0.26590186E-05     -0.34290153E-06      0.83811405E-05
      0.13964744E-01      0.13553670E-05      0.27598874E-05     -0.35591116E-06      0.94093981E-05
      0.14332237E-01      0.15169556E-05      0.28593950E-05     -0.36874546E-06      0.10531199E-04
      0.14699730E-01      0.16927447E-05      0.29573349E-05     -0.38137783E-06      0.11751584E-04
      0.15067223E-01      0.18834542E-05      0.30535075E-05     -0.39378253E-06      0.13075551E-04
      0.15434717E-01      0.20897934E-05      0.31477206E-05     -0.40593477E-06      0.14508025E-04
      0.15802210E-01      0.23124566E-05      0.32397897E-05     -0.41781078E-06      0.16053825E-04
      0.16169703E-01      0.25521183E-05      0.33295387E-05     -0.42938785E-06      0.17717634E-04
      0.16537196E-01      0.28094282E-05      0.34168003E-05     -0.44064439E-06      0.19503963E-04
      0.16904690E-01      0.30850068E-05      0.35014163E-05     -0.45156002E-06      0.21417119E-04
      0.17272183E-01      0.33794399E-05      0.35832380E-05     -0.46211555E-06      0.23461170E-04
      0.17639676E-01      0.36932743E-05      0.36621265E-05     -0.47229309E-06      0.25639910E-04
      0.18007169E-01      0.40270127E-05      0.37379533E-05     -0.48207604E-06      0.27956830E-04
      0.18374663E-01      0.43811087E-05      0.38106001E-05     -0.49144915E-06      0.30415080E-04
      0.18742156E-01      0.47559627E-05      0.38799595E-05     -0.50039856E-06      0.33017438E-04
      0.19109649E-01      0.51519172E-05      0.39459347E-05     -0.50891179E-06      0.35766283E-04
      0.19477142E-01      0.55692522E-05      0.40084402E-05     -0.51697779E-06      0.38663558E-04
      0.19844636E-01      0.60081817E-05      0.40674013E-05     -0.52458692E-06      0.41710749E-04
      0.20212129E-01      0.64688498E-05      0.41227549E-05     -0.53173101E-06      0.44908857E-04
      0.20579622E-01      0.69513272E-05      0.41744489E-05     -0.53840334E-06      0.48258372E-04
      0.20947115E-01      0.74556083E-05      0.42224425E-05     -0.54459862E-06      0.51759255E-04
      0.21314609E-01      0.79816086E-05      0.42667062E-05     -0.55031302E-06      0.55410920E-04
      0.21682102E-01      0.85291623E-05      0.43072217E-05     -0.55554414E-06      0.59212215E-04
      0.22049595E-01      0.90980207E-05      0.43439815E-05     -0.56029100E-06      0.63161415E-04
      0.22417088E-01      0.96878510E-05      0.43769893E-05     -0.56455404E-06      0.67256209E-04
      0.22784582E-01      0.10298236E-04      0.44062594E-05     -0.56833506E-06      0.71493699E-04
      0.23152075E-01      0.10928673E-04      0.44318167E-05     -0.57163723E-06      0.75870395E-04
      0.23519568E-01      0.11578574E-04      0.44536964E-05     -0.57446504E-06      0.80382223E-04
      0.23887062E-01      0.12247270E-04      0.44719435E-05     -0.57682426E-06      0.85024528E-04
      0.24254555E-01      0.12934008E-04      0.44866130E-05     -0.57872191E-06      0.89792084E-04
      0.24622048E-01      0.13637955E-04      0.44977690E-05     -0.58016622E-06      0.94679117E-04
      0.24989541E-01      0.14358204E-04      0.45054850E-05     -0.58116657E-06      0.99679314E-04
      0.25357035E-01      0.15093770E-04      0.45098426E-05     -0.58173348E-06      0.10478586E-03
      0.25724528E-01      0.15843604E-04      0.45109322E-05     -0.58187847E-06      0.10999144E-03
      0.26092021E-01      0.16606588E-04      0.45088515E-05     -0.58161412E-06      0.11528833E-03
      0.26459514E-01      0.17381547E-04      0.45037057E-05     -0.58095391E-06      0.12066834E-03
      0.26827008E-01      0.18167252E-04      0.44956071E-05     -0.57991223E-06      0.12612296E-03
      0.27194501E-01      0.18962426E-04      0.44846741E-05     -0.57850426E-06      0.13164332E-03
      0.27561994E-01      0.19765755E-04      0.44710310E-05     -0.57674597E-06      0.13722029E-03
      0.27929487E-01      0.20575887E-04      0.44548076E-05     -0.57465397E-06      0.14284449E-03
      0.28296981E-01      0.21391451E-04      0.44361384E-05     -0.57224555E-06      0.14850640E-03
      0.28664474E-01      0.22211054E-04      0.44151623E-05     -0.56953849E-06      0.15419635E-03
      0.29031967E-01      0.23033299E-04      0.43920219E-05     -0.56655110E-06      0.15990465E-03
      0.29399460E-01      0.23856789E-04      0.43668631E-05     -0.56330207E-06      0.16562158E-03
      0.29766954E-01      0.24680137E-04      0.43398342E-05     -0.55981044E-06      0.17133753E-03
      0.30134447E-01      0.25501975E-04      0.43110860E-05     -0.55609553E-06      0.17704299E-03
      0.30501940E-01      0.26320967E-04      0.42807706E-05     -0.55217685E-06      0.18272870E-03
      0.30869433E-01      0.27135813E-04      0.42490412E-05     -0.54807404E-06      0.18838563E-03
      0.31236927E-01      0.27945266E-04      0.42160514E-05     -0.54380679E-06      0.19400512E-03
      0.31604420E-01      0.28748135E-04      0.41819550E-05     -0.53939479E-06      0.19957889E-03
      0.31971913E-01      0.29543297E-04      0.41469049E-05     -0.53485767E-06      0.20509917E-03
      0.32339406E-01      0.30329709E-04      0.41110531E-05     -0.53021490E-06      0.21055869E-03
      0.32706900E-01      0.31106415E-04      0.40745501E-05     -0.52548573E-06      0.21595084E-03
      0.33074393E-01      0.31872552E-04      0.40375440E-05     -0.52068918E-06      0.22126961E-03
      0.33441886E-01      0.32627367E-04      0.40001807E-05     -0.51584391E-06      0.22650978E-03
      0.33809379E-01      0.33370214E-04      0.39626030E-05     -0.51096820E-06      0.23166687E-03
      0.34176873E-01      0.34100573E-04      0.39249501E-05     -0.50607991E-06      0.23673725E-03
      0.34544366E-01      0.34818046E-04      0.38873577E-05     -0.50119637E-06      0.24171819E-03
      0.34911859E-01      0.35522374E-04      0.38499569E-05     -0.49633439E-06      0.24660786E-03
      0.35279352E-01      0.36213434E-04      0.38128745E-05     -0.49151018E-06      0.25140542E-03
      0.35646846E-01      0.36891250E-04      0.37762322E-05     -0.48673931E-06      0.25611104E-03
      0.36014339E-01      0.37555992E-04      0.37401464E-05     -0.48203668E-06      0.26072589E-03
      0.36381832E-01      0.38207984E-04      0.37047280E-05     -0.47741647E-06      0.26525224E-03
      0.36749325E-01      0.38847704E-04      0.36700821E-05     -0.47289210E-06      0.26969338E-03
      0.37116819E-01      0.39475785E-04      0.36363076E-05     -0.46847623E-06      0.27405372E-03
      0.37484312E-01      0.40093017E-04      0.36034973E-05     -0.46418069E-06      0.27833875E-03
      0.37851805E-01      0.40700345E-04      0.35717373E-05     -0.46001650E-06      0.28255502E-03
      0.38219298E-01      0.41298869E-04      0.35411071E-05     -0.45599381E-06      0.28671016E-03
      0.38586792E-01      0.41889839E-04      0.35116796E-05     -0.45212190E-06      0.29081287E-03
      0.38954285E-01      0.42474654E-04      0.34835207E-05     -0.44840917E-06      0.29487284E-03
      0.39321778E-01      0.43054855E-04      0.34566892E-05     -0.44486315E-06      0.29890079E-03
      0.39689271E-01      0.43632120E-04      0.34312372E-05     -0.44149044E-06      0.30290835E-03
      0.40056765E-01      0.44208259E-04      0.34072095E-05     -0.43829676E-06      0.30690809E-03
      0.40424258E-01      0.44785201E-04      0.33846439E-05     -0.43528691E-06      0.31091342E-03
      0.40791751E-01      0.45364992E-04      0.33635715E-05     -0.43246483E-06      0.31493851E-03
      0.41159244E-01      0.45949779E-04      0.33440161E-05     -0.42983354E-06      0.31899829E-03
      0.41526738E-01      0.46541803E-04      0.33259949E-05     -0.42739521E-06      0.32310831E-03
      0.41894231E-01      0.47143384E-04      0.33095183E-05     -0.42515112E-06      0.32728469E-03
      0.42261724E-01      0.47756913E-04      0.32945901E-05     -0.42310174E-06      0.33154400E-03
      0.42629217E-01      0.48384834E-04      0.32812075E-05     -0.42124671E-06      0.33590323E-03
      0.42996711E-01      0.49029633E-04      0.32693618E-05     -0.41958484E-06      0.34037964E-03
      0.43364204E-01      0.49693822E-04      0.32590378E-05     -0.41811421E-06      0.34499066E-03
      0.43731697E-01      0.50379925E-04      0.32502148E-05     -0.41683212E-06      0.34975380E-03
      0.44099190E-01      0.51090458E-04      0.32428663E-05     -0.41573518E-06      0.35468656E-03
      0.44466684E-01      0.51827921E-04      0.32369606E-05     -0.41481931E-06      0.35980626E-03
      0.44834177E-01      0.52594774E-04      0.32324606E-05     -0.41407978E-06      0.36513000E-03
      0.45201670E-01      0.53393422E-04      0.32293248E-05     -0.41351126E-06      0.37067448E-03
      0.45569163E-01      0.54226204E-04      0.32275070E-05     -0.41310783E-06      0.37645592E-03
      0.45936657E-01      0.55095367E-04      0.32269567E-05     -0.41286308E-06      0.38248993E-03
      0.46304150E-01      0.56003057E-04      0.32276197E-05     -0.41277006E-06      0.38879141E-03
      0.46671643E-01      0.56951299E-04      0.32294383E-05     -0.41282141E-06      0.39537442E-03
      0.47039137E-01      0.57941983E-04      0.32323514E-05     -0.41300936E-06      0.40225207E-03
      0.47406630E-01      0.58976846E-04      0.32362951E-05     -0.41332576E-06      0.40943642E-03
      0.47774123E-01      0.60057459E-04      0.32412031E-05     -0.41376218E-06      0.41693839E-03
      0.48141616E-01      0.61185211E-04      0.32470069E-05     -0.41430989E-06      0.42476761E-03
      0.48509110E-01      0.62361299E-04      0.32536360E-05     -0.41495995E-06      0.43293239E-03
      0.48876603E-01      0.63586708E-04      0.32610186E-05     -0.41570324E-06      0.44143958E-03
      0.49244096E-01      0.64862208E-04      0.32690818E-05     -0.41653051E-06      0.45029452E-03
      0.49611589E-01      0.66188337E-04      0.32777518E-05     -0.41743240E-06      0.45950093E-03
      0.49979083E-01      0.67565393E-04      0.32869544E-05     -0.41839952E-06      0.46906091E-03
      0.50346576E-01      0.68993427E-04      0.32966154E-05     -0.41942248E-06      0.47897478E-03
      0.50714069E-01      0.70472236E-04      0.33066607E-05     -0.42049192E-06      0.48924115E-03
      0.51081562E-01      0.72001353E-04      0.33170169E-05     -0.42159856E-06      0.49985678E-03
      0.51449056E-01      0.73580049E-04      0.33276113E-05     -0.42273323E-06      0.51081660E-03
      0.51816549E-01      0.75207326E-04      0.33383725E-05     -0.42388694E-06      0.52211369E-03
      0.52184042E-01      0.76881918E-04      0.33492304E-05     -0.42505088E-06      0.53373925E-03
      0.52551535E-01      0.78602291E-04      0.33601166E-05     -0.42621647E-06      0.54568264E-03
      0.52919029E-01      0.80366643E-04      0.33709650E-05     -0.42737539E-06      0.55793134E-03
      0.53286522E-01      0.82172911E-04      0.33817114E-05     -0.42851963E-06      0.57047104E-03
      0.53654015E-01      0.84018775E-04      0.33922941E-05     -0.42964147E-06      0.58328563E-03
      0.54021508E-01      0.85901664E-04      0.34026543E-05     -0.43073359E-06      0.59635726E-03
      0.54389002E-01      0.87818766E-04      0.34127359E-05     -0.43178899E-06      0.60966640E-03
      0.54756495E-01      0.89767038E-04      0.34224858E-05     -0.43280112E-06      0.62319194E-03
      0.55123988E-01      0.91743218E-04      0.34318543E-05     -0.43376381E-06      0.63691122E-03
      0.55491481E-01      0.93743838E-04      0.34407950E-05     -0.43467137E-06      0.65080018E-03
      0.55858975E-01      0.95765240E-04      0.34492650E-05     -0.43551852E-06      0.66483340E-03
      0.56226468E-01      0.97803591E-04      0.34572250E-05     -0.43630048E-06      0.67898430E-03
      0.56593961E-01      0.99854902E-04      0.34646395E-05     -0.43701293E-06      0.69322517E-03
      0.56961454E-01      0.10191505E-03      0.34714765E-05     -0.43765206E-06      0.70752737E-03
      0.57328948E-01      0.10397978E-03      0.34777083E-05     -0.43821453E-06      0.72186144E-03
      0.57696441E-01      0.10604477E-03      0.34833105E-05     -0.43869752E-06      0.73619727E-03
      0.58063934E-01      0.10810561E-03      0.34882631E-05     -0.43909869E-06      0.75050423E-03
      0.58431427E-01      0.11015782E-03      0.34925497E-05     -0.43941621E-06      0.76475135E-03
      0.58798921E-01      0.11219692E-03      0.34961579E-05     -0.43964876E-06      0.77890748E-03
      0.59166414E-01      0.11421843E-03      0.34990789E-05     -0.43979548E-06      0.79294146E-03
      0.59533907E-01      0.11621788E-03      0.35013081E-05     -0.43985604E-06      0.80682230E-03
      0.59901400E-01      0.11819086E-03      0.35028441E-05     -0.43983053E-06      0.82051934E-03
      0.60268894E-01      0.12013302E-03      0.35036896E-05     -0.43971956E-06      0.83400246E-03
      0.60636387E-01      0.12204013E-03      0.35038506E-05     -0.43952414E-06      0.84724223E-03
      0.61003880E-01      0.12390807E-03      0.35033365E-05     -0.43924575E-06      0.86021009E-03
      0.61371373E-01      0.12573288E-03      0.35021601E-05     -0.43888628E-06      0.87287852E-03
      0.61738867E-01      0.12751078E-03      0.35003372E-05     -0.43844802E-06      0.88522124E-03
      0.62106360E-01      0.12923817E-03      0.34978868E-05     -0.43793362E-06      0.89721335E-03
      0.62473853E-01      0.13091169E-03      0.34948306E-05     -0.43734613E-06      0.90883149E-03
      0.62841346E-01      0.13252823E-03      0.34911930E-05     -0.43668890E-06      0.92005400E-03
      0.63208840E-01      0.13408492E-03      0.34870009E-05     -0.43596560E-06      0.93086109E-03
      0.63576333E-01      0.13557921E-03      0.34822836E-05     -0.43518022E-06      0.94123495E-03
      0.63943826E-01      0.13700884E-03      0.34770724E-05     -0.43433696E-06      0.95115987E-03
      0.64311319E-01      0.13837186E-03      0.34714004E-05     -0.43344031E-06      0.96062240E-03
      0.64678813E-01      0.13966667E-03      0.34653028E-05     -0.43249492E-06      0.96961143E-03
      0.65046306E-01      0.14089203E-03      0.34588158E-05     -0.43150567E-06      0.97811826E-03
      0.65413799E-01      0.14204705E-03      0.34519771E-05     -0.43047755E-06      0.98613673E-03
      0.65781292E-01      0.14313120E-03      0.34448257E-05     -0.42941571E-06      0.99366326E-03
      0.66148786E-01      0.14414435E-03      0.34374011E-05     -0.42832538E-06      0.10006969E-02
      0.66516279E-01      0.14508675E-03      0.34297436E-05     -0.42721188E-06      0.10072394E-02
      0.66883772E-01      0.14595904E-03      0.34218939E-05     -0.42608055E-06      0.10132951E-02
      0.67251265E-01      0.14676224E-03      0.34138929E-05     -0.42493676E-06      0.10188711E-02
      0.67618759E-01      0.14749775E-03      0.34057816E-05     -0.42378586E-06      0.10239773E-02
      0.67986252E-01      0.14816738E-03      0.33976007E-05     -0.42263319E-06      0.10286261E-02
      0.68353745E-01      0.14877329E-03      0.33893906E-05     -0.42148398E-06      0.10328325E-02
      0.68721238E-01      0.14931800E-03      0.33811909E-05     -0.42034342E-06      0.10366141E-02
      0.69088732E-01      0.14980442E-03      0.33730408E-05     -0.41921656E-06      0.10399909E-02
      0.69456225E-01      0.15023576E-03      0.33649782E-05     -0.41810832E-06      0.10429854E-02
      0.69823718E-01      0.15061559E-03      0.33570401E-05     -0.41702347E-06      0.10456223E-02
      0.70191212E-01      0.15094775E-03      0.33492621E-05     -0.41596660E-06      0.10479283E-02
      0.70558705E-01      0.15123640E-03      0.33416784E-05     -0.41494209E-06      0.10499322E-02
      0.70926198E-01      0.15148593E-03      0.33343216E-05     -0.41395413E-06      0.10516646E-02
      0.71293691E-01      0.15170100E-03      0.33272226E-05     -0.41300666E-06      0.10531576E-02
      0.71661185E-01      0.15188644E-03      0.33204106E-05     -0.41210337E-06      0.10544450E-02
      0.72028678E-01      0.15204728E-03      0.33139126E-05     -0.41124769E-06      0.10555616E-02
      0.72396171E-01      0.15218872E-03      0.33077538E-05     -0.41044280E-06      0.10565435E-02
      0.72763664E-01      0.15231603E-03      0.33019571E-05     -0.40969156E-06      0.10574274E-02
      0.73131158E-01      0.15243461E-03      0.32965434E-05     -0.40899656E-06      0.10582506E-02
      0.73498651E-01      0.15254988E-03      0.32915310E-05     -0.40836007E-06      0.10590509E-02
      0.73866144E-01      0.15266730E-03      0.32869363E-05     -0.40778406E-06      0.10598660E-02
      0.74233637E-01      0.15279226E-03      0.32827730E-05     -0.40727020E-06      0.10607335E-02
      0.74601131E-01      0.15293015E-03      0.32790526E-05     -0.40681982E-06      0.10616908E-02
      0.74968624E-01      0.15308623E-03      0.32757841E-05     -0.40643395E-06      0.10627743E-02
      0.75336117E-01      0.15326562E-03      0.32729742E-05     -0.40611329E-06      0.10640197E-02
      0.75703610E-01      0.15347329E-03      0.32706273E-05     -0.40585823E-06      0.10654614E-02
      0.76071104E-01      0.15371398E-03      0.32687452E-05     -0.40566886E-06      0.10671324E-02
      0.76438597E-01      0.15399222E-03      0.32673274E-05     -0.40554495E-06      0.10690640E-02
      0.76806090E-01      0.15431221E-03      0.32663714E-05     -0.40548596E-06      0.10712855E-02
      0.77173583E-01      0.15467789E-03      0.32658722E-05     -0.40549108E-06      0.10738242E-02
      0.77541077E-01      0.15509281E-03      0.32658226E-05     -0.40555919E-06      0.10767047E-02
      0.77908570E-01      0.15556016E-03      0.32662134E-05     -0.40568892E-06      0.10799492E-02
      0.78276063E-01      0.15608273E-03      0.32670335E-05     -0.40587861E-06      0.10835770E-02
      0.78643556E-01      0.15666285E-03      0.32682697E-05     -0.40612636E-06      0.10876044E-02
      0.79011050E-01      0.15730241E-03      0.32699071E-05     -0.40643005E-06      0.10920444E-02
      0.79378543E-01      0.15800280E-03      0.32719290E-05     -0.40678730E-06      0.10969068E-02
      0.79746036E-01      0.15876491E-03      0.32743171E-05     -0.40719554E-06      0.11021976E-02
      0.80113529E-01      0.15958911E-03      0.32770517E-05     -0.40765202E-06      0.11079195E-02
      0.80481023E-01      0.16047522E-03      0.32801117E-05     -0.40815380E-06      0.11140711E-02
      0.80848516E-01      0.16142252E-03      0.32834746E-05     -0.40869777E-06      0.11206476E-02
      0.81216009E-01      0.16242972E-03      0.32871172E-05     -0.40928069E-06      0.11276399E-02
      0.81583502E-01      0.16349497E-03      0.32910151E-05     -0.40989921E-06      0.11350352E-02
      0.81950996E-01      0.16461585E-03      0.32951429E-05     -0.41054985E-06      0.11428167E-02
      0.82318489E-01      0.16578938E-03      0.32994749E-05     -0.41122906E-06      0.11509637E-02
      0.82685982E-01      0.16701201E-03      0.33039846E-05     -0.41193321E-06      0.11594516E-02
      0.83053475E-01      0.16827963E-03      0.33086451E-05     -0.41265864E-06      0.11682519E-02
      0.83420969E-01      0.16958762E-03      0.33134296E-05     -0.41340164E-06      0.11773324E-02
      0.83788462E-01      0.17093080E-03      0.33183107E-05     -0.41415849E-06      0.11866572E-02
      0.84155955E-01      0.17230351E-03      0.33232613E-05     -0.41492550E-06      0.11961870E-02
      0.84523448E-01      0.17369959E-03      0.33282544E-05     -0.41569897E-06      0.12058790E-02
      0.84890942E-01      0.17511244E-03      0.33332634E-05     -0.41647527E-06      0.12156874E-02
      0.85258435E-01      0.17653501E-03      0.33382620E-05     -0.41725081E-06      0.12255634E-02
      0.85625928E-01      0.17795988E-03      0.33432244E-05     -0.41802210E-06      0.12354553E-02
      0.85993421E-01      0.17937927E-03      0.33481258E-05     -0.41878572E-06      0.12453092E-02
      0.86360915E-01      0.18078508E-03      0.33529417E-05     -0.41953835E-06      0.12550687E-02
      0.86728408E-01      0.18216891E-03      0.33576489E-05     -0.42027682E-06      0.12646758E-02
      0.87095901E-01      0.18352218E-03      0.33622250E-05     -0.42099807E-06      0.12740706E-02
      0.87463394E-01      0.18483608E-03      0.33666488E-05     -0.42169920E-06      0.12831921E-02
      0.87830888E-01      0.18610169E-03      0.33709003E-05     -0.42237747E-06      0.12919784E-02
      0.88198381E-01      0.18731000E-03      0.33749606E-05     -0.42303030E-06      0.13003669E-02
      0.88565874E-01      0.18845197E-03      0.33788124E-05     -0.42365530E-06      0.13082948E-02
      0.88933367E-01      0.18951858E-03      0.33824396E-05     -0.42425026E-06      0.13156996E-02
      0.89300861E-01      0.19050091E-03      0.33858276E-05     -0.42481317E-06      0.13225192E-02
      0.89668354E-01      0.19139015E-03      0.33889635E-05     -0.42534224E-06      0.13286926E-02
      0.90035847E-01      0.19217769E-03      0.33918358E-05     -0.42583585E-06      0.13341600E-02
      0.90403340E-01      0.19285518E-03      0.33944346E-05     -0.42629263E-06      0.13388633E-02
      0.90770834E-01      0.19341456E-03      0.33967518E-05     -0.42671140E-06      0.13427467E-02
      0.91138327E-01      0.19384815E-03      0.33987806E-05     -0.42709122E-06      0.13457568E-02
      0.91505820E-01      0.19414866E-03      0.34005161E-05     -0.42743135E-06      0.13478431E-02
      0.91873313E-01      0.19430930E-03      0.34019551E-05     -0.42773128E-06      0.13489583E-02
      0.92240807E-01      0.19432378E-03      0.34030958E-05     -0.42799071E-06      0.13490588E-02
      0.92608300E-01      0.19418640E-03      0.34039383E-05     -0.42820957E-06      0.13481051E-02
      0.92975793E-01      0.19389207E-03      0.34044840E-05     -0.42838799E-06      0.13460617E-02
      0.93343287E-01      0.19343637E-03      0.34047360E-05     -0.42852629E-06      0.13428981E-02
      0.93710780E-01      0.19281559E-03      0.34046990E-05     -0.42862504E-06      0.13385885E-02
      0.94078273E-01      0.19202677E-03      0.34043790E-05     -0.42868497E-06      0.13331122E-02
      0.94445766E-01      0.19106772E-03      0.34037837E-05     -0.42870700E-06      0.13264542E-02
      0.94813260E-01      0.18993710E-03      0.34029218E-05     -0.42869224E-06      0.13186051E-02
      0.95180753E-01      0.18863438E-03      0.34018035E-05     -0.42864198E-06      0.13095612E-02
      0.95548246E-01      0.18715992E-03      0.34004402E-05     -0.42855767E-06      0.12993250E-02
      0.95915739E-01      0.18551496E-03      0.33988445E-05     -0.42844089E-06      0.12879051E-02
      0.96283233E-01      0.18370163E-03      0.33970299E-05     -0.42829339E-06      0.12753164E-02
      0.96650726E-01      0.18172300E-03      0.33950109E-05     -0.42811704E-06      0.12615801E-02
      0.97018219E-01      0.17958304E-03      0.33928032E-05     -0.42791383E-06      0.12467238E-02
      0.97385712E-01      0.17728663E-03      0.33904228E-05     -0.42768586E-06      0.12307813E-02
      0.97753206E-01      0.17483956E-03      0.33878867E-05     -0.42743531E-06      0.12137930E-02
      0.98120699E-01      0.17224854E-03      0.33852125E-05     -0.42716447E-06      0.11958053E-02
      0.98488192E-01      0.16952114E-03      0.33824182E-05     -0.42687567E-06      0.11768708E-02
      0.98855685E-01      0.16666580E-03      0.33795223E-05     -0.42657132E-06      0.11570481E-02
      0.99223179E-01      0.16369178E-03      0.33765434E-05     -0.42625384E-06      0.11364015E-02
      0.99590672E-01      0.16060917E-03      0.33735006E-05     -0.42592572E-06      0.11150010E-02
      0.99958165E-01      0.15742878E-03      0.33704128E-05     -0.42558943E-06      0.10929217E-02
      0.10032566E+00      0.15416217E-03      0.33672990E-05     -0.42524745E-06      0.10702439E-02
      0.10069315E+00      0.15082157E-03      0.33641782E-05     -0.42490227E-06      0.10470523E-02
      0.10106064E+00      0.14741980E-03      0.33610691E-05     -0.42455635E-06      0.10234362E-02
      0.10142814E+00      0.14397028E-03      0.33579900E-05     -0.42421208E-06      0.99948846E-03
      0.10179563E+00      0.14048690E-03      0.33549592E-05     -0.42387186E-06      0.97530567E-03
      0.10216312E+00      0.13698399E-03      0.33519940E-05     -0.42353798E-06      0.95098733E-03
      0.10253062E+00      0.13347624E-03      0.33491116E-05     -0.42321269E-06      0.92663544E-03
      0.10289811E+00      0.12997866E-03      0.33463282E-05     -0.42289815E-06      0.90235405E-03
      0.10326560E+00      0.12650643E-03      0.33436596E-05     -0.42259643E-06      0.87824870E-03
      0.10363310E+00      0.12307489E-03      0.33411205E-05     -0.42230950E-06      0.85442586E-03
      0.10400059E+00      0.11969944E-03      0.33387251E-05     -0.42203923E-06      0.83099240E-03
      0.10436808E+00      0.11639544E-03      0.33364864E-05     -0.42178735E-06      0.80805498E-03
      0.10473558E+00      0.11317815E-03      0.33344166E-05     -0.42155549E-06      0.78571948E-03
      0.10510307E+00      0.11006261E-03      0.33325267E-05     -0.42134514E-06      0.76409042E-03
      0.10547056E+00      0.10706361E-03      0.33308269E-05     -0.42115765E-06      0.74327035E-03
      0.10583806E+00      0.10419553E-03      0.33293260E-05     -0.42099424E-06      0.72335924E-03
      0.10620555E+00      0.10147234E-03      0.33280320E-05     -0.42085597E-06      0.70445392E-03
      0.10657304E+00      0.98907423E-04      0.33269514E-05     -0.42074376E-06      0.68664746E-03
      0.10694054E+00      0.96513581E-04      0.33260897E-05     -0.42065837E-06      0.67002863E-03
      0.10730803E+00      0.94302890E-04      0.33254513E-05     -0.42060042E-06      0.65468130E-03
      0.10767552E+00      0.92286650E-04      0.33250392E-05     -0.42057037E-06      0.64068390E-03
      0.10804302E+00      0.90475301E-04      0.33248553E-05     -0.42056852E-06      0.62810893E-03
      0.10841051E+00      0.88878353E-04      0.33249005E-05     -0.42059502E-06      0.61702240E-03
      0.10877800E+00      0.87504318E-04      0.33251741E-05     -0.42064987E-06      0.60748340E-03
      0.10914550E+00      0.86360643E-04      0.33256746E-05     -0.42073292E-06      0.59954364E-03
      0.10951299E+00      0.85453655E-04      0.33263993E-05     -0.42084386E-06      0.59324703E-03
      0.10988048E+00      0.84788501E-04      0.33273442E-05     -0.42098225E-06      0.58862932E-03
      0.11024798E+00      0.84369105E-04      0.33285044E-05     -0.42114751E-06      0.58571774E-03
      0.11061547E+00      0.84198122E-04      0.33298740E-05     -0.42133893E-06      0.58453071E-03
      0.11098296E+00      0.84276902E-04      0.33314459E-05     -0.42155565E-06      0.58507763E-03
      0.11135046E+00      0.84605461E-04      0.33332123E-05     -0.42179672E-06      0.58735859E-03
      0.11171795E+00      0.85182459E-04      0.33351645E-05     -0.42206105E-06      0.59136430E-03
      0.11208544E+00      0.86005181E-04      0.33372927E-05     -0.42234745E-06      0.59707591E-03
      0.11245294E+00      0.87069535E-04      0.33395866E-05     -0.42265463E-06      0.60446500E-03
      0.11282043E+00      0.88370043E-04      0.33420351E-05     -0.42298120E-06      0.61349355E-03
      0.11318792E+00      0.89899856E-04      0.33446265E-05     -0.42332572E-06      0.62411400E-03
      0.11355542E+00      0.91650762E-04      0.33473485E-05     -0.42368662E-06      0.63626937E-03
      0.11392291E+00      0.93613214E-04      0.33501883E-05     -0.42406232E-06      0.64989334E-03
      0.11429040E+00      0.95776357E-04      0.33531327E-05     -0.42445114E-06      0.66491058E-03
      0.11465790E+00      0.98128067E-04      0.33561681E-05     -0.42485138E-06      0.68123692E-03
      0.11502539E+00      0.10065500E-03      0.33592806E-05     -0.42526130E-06      0.69877969E-03
      0.11539288E+00      0.10334263E-03      0.33624563E-05     -0.42567913E-06      0.71743813E-03
      0.11576038E+00      0.10617535E-03      0.33656809E-05     -0.42610307E-06      0.73710377E-03
      0.11612787E+00      0.10913648E-03      0.33689403E-05     -0.42653134E-06      0.75766091E-03
      0.11649536E+00      0.11220840E-03      0.33722203E-05     -0.42696215E-06      0.77898717E-03
      0.11686285E+00      0.11537259E-03      0.33755067E-05     -0.42739370E-06      0.80095401E-03
      0.11723035E+00      0.11860975E-03      0.33787857E-05     -0.42782424E-06      0.82342741E-03
      0.11759784E+00      0.12189986E-03      0.33820437E-05     -0.42825204E-06      0.84626842E-03
      0.11796533E+00      0.12522231E-03      0.33852671E-05     -0.42867541E-06      0.86933396E-03
      0.11833283E+00      0.12855599E-03      0.33884431E-05     -0.42909271E-06      0.89247747E-03
      0.11870032E+00      0.13187941E-03      0.33915592E-05     -0.42950235E-06      0.91554968E-03
      0.11906781E+00      0.13517077E-03      0.33946032E-05     -0.42990280E-06      0.93839942E-03
      0.11943531E+00      0.13840816E-03      0.33975638E-05     -0.43029262E-06      0.96087439E-03
      0.11980280E+00      0.14156958E-03      0.34004300E-05     -0.43067042E-06      0.98282203E-03
      0.12017029E+00      0.14463315E-03      0.34031916E-05     -0.43103492E-06      0.10040903E-02
      0.12053779E+00      0.14757716E-03      0.34058391E-05     -0.43138490E-06      0.10245286E-02
      0.12090528E+00      0.15038025E-03      0.34083639E-05     -0.43171928E-06      0.10439886E-02
      0.12127277E+00      0.15302150E-03      0.34107578E-05     -0.43203703E-06      0.10623250E-02
      0.12164027E+00      0.15548056E-03      0.34130138E-05     -0.43233726E-06      0.10793966E-02
      0.12200776E+00      0.15773778E-03      0.34151256E-05     -0.43261917E-06      0.10950669E-02
      0.12237525E+00      0.15977433E-03      0.34170876E-05     -0.43288207E-06      0.11092053E-02
      0.12274275E+00      0.16157229E-03      0.34188954E-05     -0.43312540E-06      0.11216873E-02
      0.12311024E+00      0.16311481E-03      0.34205453E-05     -0.43334870E-06      0.11323960E-02
      0.12347773E+00      0.16438619E-03      0.34220345E-05     -0.43355163E-06      0.11412224E-02
      0.12384523E+00      0.16537200E-03      0.34233612E-05     -0.43373395E-06      0.11480661E-02
      0.12421272E+00      0.16605914E-03      0.34245245E-05     -0.43389557E-06      0.11528365E-02
      0.12458021E+00      0.16643601E-03      0.34255243E-05     -0.43403649E-06      0.11554528E-02
      0.12494771E+00      0.16649252E-03      0.34263615E-05     -0.43415683E-06      0.11558452E-02
      0.12531520E+00      0.16622022E-03      0.34270378E-05     -0.43425682E-06      0.11539547E-02
      0.12568269E+00      0.16561234E-03      0.34275559E-05     -0.43433681E-06      0.11497347E-02
      0.12605019E+00      0.16466389E-03      0.34279192E-05     -0.43439724E-06      0.11431502E-02
      0.12641768E+00      0.16337169E-03      0.34281318E-05     -0.43443867E-06      0.11341793E-02
      0.12678517E+00      0.16173439E-03      0.34281990E-05     -0.43446174E-06      0.11228127E-02
      0.12715267E+00      0.15975258E-03      0.34281263E-05     -0.43446721E-06      0.11090543E-02
      0.12752016E+00      0.15742875E-03      0.34279203E-05     -0.43445589E-06      0.10929215E-02
      0.12788765E+00      0.15476732E-03      0.34275881E-05     -0.43442873E-06      0.10744450E-02
      0.12825515E+00      0.15177468E-03      0.34271374E-05     -0.43438670E-06      0.10536691E-02
      0.12862264E+00      0.14845911E-03      0.34265765E-05     -0.43433087E-06      0.10306514E-02
      0.12899013E+00      0.14483087E-03      0.34259143E-05     -0.43426239E-06      0.10054629E-02
      0.12935763E+00      0.14090206E-03      0.34251600E-05     -0.43418245E-06      0.97818784E-03
      0.12972512E+00      0.13668666E-03      0.34243233E-05     -0.43409227E-06      0.94892317E-03
      0.13009261E+00      0.13220044E-03      0.34234142E-05     -0.43399317E-06      0.91777843E-03
      0.13046011E+00      0.12746094E-03      0.34224432E-05     -0.43388646E-06      0.88487525E-03
      0.13082760E+00      0.12248733E-03      0.34214207E-05     -0.43377350E-06      0.85034685E-03
      0.13119509E+00      0.11730040E-03      0.34203576E-05     -0.43365566E-06      0.81433748E-03
      0.13156258E+00      0.11192242E-03      0.34192647E-05     -0.43353434E-06      0.77700178E-03
      0.13193008E+00      0.10637705E-03      0.34181530E-05     -0.43341095E-06      0.73850406E-03
      0.13229757E+00      0.10068926E-03      0.34170334E-05     -0.43328688E-06      0.69901752E-03
      0.13266506E+00      0.94885136E-04      0.34159169E-05     -0.43316352E-06      0.65872344E-03
      0.13303256E+00      0.88991839E-04      0.34148141E-05     -0.43304226E-06      0.61781026E-03
      0.13340005E+00      0.83037402E-04      0.34137358E-05     -0.43292444E-06      0.57647262E-03
      0.13376754E+00      0.77050613E-04      0.34126924E-05     -0.43281140E-06      0.53491039E-03
      0.13413504E+00      0.71060862E-04      0.34116939E-05     -0.43270442E-06      0.49332758E-03
      0.13450253E+00      0.65097979E-04      0.34107502E-05     -0.43260476E-06      0.45193132E-03
      0.13487002E+00      0.59192080E-04      0.34098707E-05     -0.43251362E-06      0.41093065E-03
      0.13523752E+00      0.53373395E-04      0.34090644E-05     -0.43243214E-06      0.37053544E-03
      0.13560501E+00      0.47672100E-04      0.34083399E-05     -0.43236140E-06      0.33095520E-03
      0.13597250E+00      0.42118149E-04      0.34077052E-05     -0.43230244E-06      0.29239787E-03
      0.13634000E+00      0.36741099E-04      0.34071679E-05     -0.43225620E-06      0.25506864E-03
      0.13670749E+00      0.31569934E-04      0.34067349E-05     -0.43222355E-06      0.21916874E-03
      0.13707498E+00      0.26632898E-04      0.34064126E-05     -0.43220531E-06      0.18489423E-03
      0.13744248E+00      0.21957319E-04      0.34062066E-05     -0.43220219E-06      0.15243484E-03
      0.13780997E+00      0.17569440E-04      0.34061220E-05     -0.43221481E-06      0.12197276E-03
      0.13817746E+00      0.13494257E-04      0.34061632E-05     -0.43224374E-06      0.93681518E-04
      0.13854496E+00      0.97553543E-05      0.34063339E-05     -0.43228943E-06      0.67724838E-04
      0.13891245E+00      0.63747488E-05      0.34066371E-05     -0.43235224E-06      0.44255577E-04
      0.13927994E+00      0.33727426E-05      0.34070751E-05     -0.43243246E-06      0.23414675E-04
      0.13964744E+00      0.76777906E-06      0.34076493E-05     -0.43253027E-06      0.53301717E-05
      0.14001493E+00     -0.14236905E-05      0.34083608E-05     -0.43264577E-06     -0.98837223E-05
      0.14038242E+00     -0.31873323E-05      0.34092096E-05     -0.43277894E-06     -0.22127497E-04
      0.14074992E+00     -0.45110446E-05      0.34101952E-05     -0.43292972E-06     -0.31317137E-04
      0.14111741E+00     -0.53850623E-05      0.34113162E-05     -0.43309791E-06     -0.37384852E-04
      0.14148490E+00     -0.58020495E-05      0.34125708E-05     -0.43328326E-06     -0.40279713E-04
      0.14185240E+00     -0.57571802E-05      0.34139563E-05     -0.43348541E-06     -0.39968215E-04
      0.14221989E+00     -0.52482057E-05      0.34154696E-05     -0.43370393E-06     -0.36434749E-04
      0.14258738E+00     -0.42755093E-05      0.34171066E-05     -0.43393830E-06     -0.29681975E-04
      0.14295488E+00     -0.28421460E-05      0.34188629E-05     -0.43418794E-06     -0.19731101E-04
      0.14332237E+00     -0.95386859E-06      0.34207336E-05     -0.43445220E-06     -0.66220656E-05
      0.14368986E+00      0.13808616E-05      0.34227129E-05     -0.43473033E-06      0.95863896E-05
      0.14405736E+00      0.41508785E-05      0.34247950E-05     -0.43502156E-06      0.28816747E-04
      0.14442485E+00      0.73423314E-05      0.34269732E-05     -0.43532503E-06      0.50972849E-04
      0.14479234E+00      0.10938719E-04      0.34292406E-05     -0.43563984E-06      0.75940142E-04
      0.14515984E+00      0.14920941E-04      0.34315899E-05     -0.43596504E-06      0.10358602E-03
      0.14552733E+00      0.19267365E-04      0.34340134E-05     -0.43629963E-06      0.13376030E-03
      0.14589482E+00      0.23953903E-04      0.34365032E-05     -0.43664260E-06      0.16629578E-03
      0.14626232E+00      0.28954116E-04      0.34390511E-05     -0.43699287E-06      0.20100888E-03
      0.14662981E+00      0.34239318E-04      0.34416486E-05     -0.43734937E-06      0.23770047E-03
      0.14699730E+00      0.39778709E-04      0.34442873E-05     -0.43771098E-06      0.27615672E-03
      0.14736479E+00      0.45539508E-04      0.34469585E-05     -0.43807660E-06      0.31615005E-03
      0.14773229E+00      0.51487112E-04      0.34496534E-05     -0.43844510E-06      0.35744025E-03
      0.14809978E+00      0.57585261E-04      0.34523632E-05     -0.43881535E-06      0.39977559E-03
      0.14846727E+00      0.63796216E-04      0.34550794E-05     -0.43918624E-06      0.44289406E-03
      0.14883477E+00      0.70080951E-04      0.34577933E-05     -0.43955666E-06      0.48652473E-03
      0.14920226E+00      0.76399349E-04      0.34604963E-05     -0.43992552E-06      0.53038910E-03
      0.14956975E+00      0.82710419E-04      0.34631802E-05     -0.44029174E-06      0.57420260E-03
      0.14993725E+00      0.88972507E-04      0.34658368E-05     -0.44065430E-06      0.61767605E-03
      0.15030474E+00      0.95143528E-04      0.34684582E-05     -0.44101218E-06      0.66051728E-03
      0.15067223E+00      0.10118119E-03      0.34710368E-05     -0.44136442E-06      0.70243272E-03
      0.15103973E+00      0.10704325E-03      0.34735655E-05     -0.44171008E-06      0.74312905E-03
      0.15140722E+00      0.11268773E-03      0.34760372E-05     -0.44204830E-06      0.78231486E-03
      0.15177471E+00      0.11807318E-03      0.34784456E-05     -0.44237825E-06      0.81970238E-03
      0.15214221E+00      0.12315890E-03      0.34807845E-05     -0.44269915E-06      0.85500912E-03
      0.15250970E+00      0.12790523E-03      0.34830484E-05     -0.44301031E-06      0.88795965E-03
      0.15287719E+00      0.13227373E-03      0.34852320E-05     -0.44331107E-06      0.91828720E-03
      0.15324469E+00      0.13622748E-03      0.34873309E-05     -0.44360085E-06      0.94573539E-03
      0.15361218E+00      0.13973127E-03      0.34893408E-05     -0.44387913E-06      0.97005985E-03
      0.15397967E+00      0.14275186E-03      0.34912583E-05     -0.44414549E-06      0.99102981E-03
      0.15434717E+00      0.14525821E-03      0.34930803E-05     -0.44439954E-06      0.10084297E-02
      0.15471466E+00      0.14722165E-03      0.34948044E-05     -0.44464099E-06      0.10220605E-02
      0.15508215E+00      0.14861612E-03      0.34964287E-05     -0.44486961E-06      0.10317414E-02
      0.15544965E+00      0.14941838E-03      0.34979520E-05     -0.44508526E-06      0.10373109E-02
      0.15581714E+00      0.14960814E-03      0.34993735E-05     -0.44528787E-06      0.10386283E-02
      0.15618463E+00      0.14916827E-03      0.35006931E-05     -0.44547743E-06      0.10355746E-02
      0.15655213E+00      0.14808496E-03      0.35019113E-05     -0.44565402E-06      0.10280539E-02
      0.15691962E+00      0.14634780E-03      0.35030290E-05     -0.44581779E-06      0.10159940E-02
      0.15728711E+00      0.14394998E-03      0.35040479E-05     -0.44596897E-06      0.99934752E-03
      0.15765461E+00      0.14088832E-03      0.35049700E-05     -0.44610783E-06      0.97809249E-03
      0.15802210E+00      0.13716341E-03      0.35057981E-05     -0.44623474E-06      0.95223292E-03
      0.15838959E+00      0.13277963E-03      0.35065351E-05     -0.44635012E-06      0.92179929E-03
      0.15875709E+00      0.12774523E-03      0.35071849E-05     -0.44645446E-06      0.88684886E-03
      0.15912458E+00      0.12207234E-03      0.35077514E-05     -0.44654829E-06      0.84746581E-03
      0.15949207E+00      0.11577696E-03      0.35082391E-05     -0.44663223E-06      0.80376127E-03
      0.15985957E+00      0.10887897E-03      0.35086531E-05     -0.44670692E-06      0.75587318E-03
      0.16022706E+00      0.10140206E-03      0.35089987E-05     -0.44677305E-06      0.70396601E-03
      0.16059455E+00      0.93373666E-04      0.35092814E-05     -0.44683139E-06      0.64823032E-03
      0.16096205E+00      0.84824924E-04      0.35095073E-05     -0.44688270E-06      0.58888217E-03
      0.16132954E+00      0.75790515E-04      0.35096826E-05     -0.44692781E-06      0.52616237E-03
      0.16169703E+00      0.66308563E-04      0.35098139E-05     -0.44696756E-06      0.46033558E-03
      0.16206453E+00      0.56420476E-04      0.35099078E-05     -0.44700284E-06      0.39168928E-03
      0.16243202E+00      0.46170778E-04      0.35099712E-05     -0.44703454E-06      0.32053254E-03
      0.16279951E+00      0.35606913E-04      0.35100112E-05     -0.44706356E-06      0.24719476E-03
      0.16316700E+00      0.24779036E-04      0.35100347E-05     -0.44709083E-06      0.17202412E-03
      0.16353450E+00      0.13739785E-04      0.35100490E-05     -0.44711728E-06      0.95386051E-04
      0.16390199E+00      0.25440267E-05      0.35100612E-05     -0.44714384E-06      0.17661460E-04
      0.16426948E+00     -0.87514029E-05      0.35100785E-05     -0.44717143E-06     -0.60755082E-04
      0.16463698E+00     -0.20087982E-04      0.35101079E-05     -0.44720096E-06     -0.13945730E-03
      0.16500447E+00     -0.31405797E-04      0.35101564E-05     -0.44723334E-06     -0.21802925E-03
      0.16537196E+00     -0.42643851E-04      0.35102309E-05     -0.44726945E-06     -0.29604747E-03
      0.16573946E+00     -0.53740383E-04      0.35103381E-05     -0.44731015E-06     -0.37308320E-03
      0.16610695E+00     -0.64633197E-04      0.35104844E-05     -0.44735626E-06     -0.44870465E-03
      0.16647444E+00     -0.75259998E-04      0.35106761E-05     -0.44740859E-06     -0.52247935E-03
      0.16684194E+00     -0.85558740E-04      0.35109191E-05     -0.44746790E-06     -0.59397657E-03
      0.16720943E+00     -0.95467972E-04      0.35112191E-05     -0.44753491E-06     -0.66276967E-03
      0.16757692E+00     -0.10492719E-03      0.35115814E-05     -0.44761029E-06     -0.72843863E-03
      0.16794442E+00     -0.11387719E-03      0.35120112E-05     -0.44769470E-06     -0.79057242E-03
      0.16831191E+00     -0.12226041E-03      0.35125128E-05     -0.44778869E-06     -0.84877150E-03
      0.16867940E+00     -0.13002132E-03      0.35130907E-05     -0.44789281E-06     -0.90265021E-03
      0.16904690E+00     -0.13710669E-03      0.35137486E-05     -0.44800753E-06     -0.95183916E-03
      0.16941439E+00     -0.14346600E-03      0.35144899E-05     -0.44813326E-06     -0.99598757E-03
      0.16978188E+00     -0.14905174E-03      0.35153175E-05     -0.44827036E-06     -0.10347656E-02
      0.17014938E+00     -0.15381972E-03      0.35162339E-05     -0.44841912E-06     -0.10678665E-02
      0.17051687E+00     -0.15772938E-03      0.35172411E-05     -0.44857979E-06     -0.10950086E-02
      0.17088436E+00     -0.16074409E-03      0.35183406E-05     -0.44875254E-06     -0.11159377E-02
      0.17125186E+00     -0.16283141E-03      0.35195335E-05     -0.44893746E-06     -0.11304286E-02
      0.17161935E+00     -0.16396336E-03      0.35208204E-05     -0.44913461E-06     -0.11382869E-02
      0.17198684E+00     -0.16411664E-03      0.35222014E-05     -0.44934397E-06     -0.11393510E-02
      0.17235434E+00     -0.16327285E-03      0.35236760E-05     -0.44956545E-06     -0.11334932E-02
      0.17272183E+00     -0.16141869E-03      0.35252435E-05     -0.44979891E-06     -0.11206210E-02
      0.17308932E+00     -0.15854610E-03      0.35269024E-05     -0.45004414E-06     -0.11006786E-02
      0.17345682E+00     -0.15465245E-03      0.35286512E-05     -0.45030089E-06     -0.10736475E-02
      0.17382431E+00     -0.14974057E-03      0.35304875E-05     -0.45056882E-06     -0.10395477E-02
      0.17419180E+00     -0.14381894E-03      0.35324088E-05     -0.45084756E-06     -0.99843782E-03
      0.17455930E+00     -0.13690165E-03      0.35344120E-05     -0.45113668E-06     -0.95041574E-03
      0.17492679E+00     -0.12900848E-03      0.35364937E-05     -0.45143569E-06     -0.89561880E-03
      0.17529428E+00     -0.12016488E-03      0.35386502E-05     -0.45174406E-06     -0.83422363E-03
      0.17566178E+00     -0.11040192E-03      0.35408773E-05     -0.45206121E-06     -0.76644599E-03
      0.17602927E+00     -0.99756246E-04      0.35431707E-05     -0.45238653E-06     -0.69254027E-03
      0.17639676E+00     -0.88269961E-04      0.35455255E-05     -0.45271936E-06     -0.61279875E-03
      0.17676426E+00     -0.75990499E-04      0.35479370E-05     -0.45305901E-06     -0.52755073E-03
      0.17713175E+00     -0.62970461E-04      0.35503997E-05     -0.45340475E-06     -0.43716140E-03
      0.17749924E+00     -0.49267419E-04      0.35529084E-05     -0.45375583E-06     -0.34203043E-03
      0.17786673E+00     -0.34943690E-04      0.35554575E-05     -0.45411149E-06     -0.24259045E-03
      0.17823423E+00     -0.20066082E-04      0.35580412E-05     -0.45447092E-06     -0.13930526E-03
      0.17860172E+00     -0.47056058E-05      0.35606537E-05     -0.45483333E-06     -0.32667844E-04
      0.17896921E+00      0.11062836E-04      0.35632892E-05     -0.45519789E-06      0.76801800E-04
      0.17933671E+00      0.27160790E-04      0.35659416E-05     -0.45556379E-06      0.18855903E-03
      0.17970420E+00      0.43506619E-04      0.35686050E-05     -0.45593019E-06      0.30203708E-03
      0.18007169E+00      0.60015889E-04      0.35712736E-05     -0.45629627E-06      0.41664980E-03
      0.18043919E+00      0.76601787E-04      0.35739413E-05     -0.45666123E-06      0.53179449E-03
      0.18080668E+00      0.93175545E-04      0.35766024E-05     -0.45702425E-06      0.64685490E-03
      0.18117417E+00      0.10964690E-03      0.35792512E-05     -0.45738453E-06      0.76120439E-03
      0.18154167E+00      0.12592455E-03      0.35818823E-05     -0.45774132E-06      0.87420915E-03
      0.18190916E+00      0.14191666E-03      0.35844901E-05     -0.45809386E-06      0.98523154E-03
      0.18227665E+00      0.15753131E-03      0.35870695E-05     -0.45844142E-06      0.10936335E-02
      0.18264415E+00      0.17267705E-03      0.35896157E-05     -0.45878332E-06      0.11987802E-02
      0.18301164E+00      0.18726338E-03      0.35921238E-05     -0.45911889E-06      0.13000432E-02
      0.18337913E+00      0.20120124E-03      0.35945896E-05     -0.45944750E-06      0.13968044E-02
      0.18374663E+00      0.21440359E-03      0.35970088E-05     -0.45976858E-06      0.14884594E-02
      0.18411412E+00      0.22678585E-03      0.35993777E-05     -0.46008158E-06      0.15744210E-02
      0.18448161E+00      0.23826646E-03      0.36016928E-05     -0.46038600E-06      0.16541231E-02
      0.18484911E+00      0.24876734E-03      0.36039510E-05     -0.46068138E-06      0.17270237E-02
      0.18521660E+00      0.25821443E-03      0.36061495E-05     -0.46096733E-06      0.17926085E-02
      0.18558409E+00      0.26653812E-03      0.36082860E-05     -0.46124349E-06      0.18503942E-02
      0.18595159E+00      0.27367373E-03      0.36103584E-05     -0.46150956E-06      0.18999320E-02
      0.18631908E+00      0.27956197E-03      0.36123652E-05     -0.46176529E-06      0.19408100E-02
      0.18668657E+00      0.28414932E-03      0.36143052E-05     -0.46201048E-06      0.19726569E-02
      0.18705407E+00      0.28738847E-03      0.36161775E-05     -0.46224500E-06      0.19951441E-02
      0.18742156E+00      0.28923868E-03      0.36179819E-05     -0.46246876E-06      0.20079889E-02
      0.18778905E+00      0.28966610E-03      0.36197183E-05     -0.46268173E-06      0.20109562E-02
      0.18815655E+00      0.28864412E-03      0.36213871E-05     -0.46288393E-06      0.20038612E-02
      0.18852404E+00      0.28615360E-03      0.36229892E-05     -0.46307543E-06      0.19865712E-02
      0.18889153E+00      0.28218315E-03      0.36245257E-05     -0.46325638E-06      0.19590071E-02
      0.18925903E+00      0.27672931E-03      0.36259983E-05     -0.46342695E-06      0.19211448E-02
      0.18962652E+00      0.26979674E-03      0.36274089E-05     -0.46358737E-06      0.18730166E-02
      0.18999401E+00      0.26139829E-03      0.36287599E-05     -0.46373793E-06      0.18147119E-02
      0.19036151E+00      0.25155515E-03      0.36300537E-05     -0.46387896E-06      0.17463776E-02
      0.19072900E+00      0.24029682E-03      0.36312935E-05     -0.46401083E-06      0.16682186E-02
      0.19109649E+00      0.22766116E-03      0.36324825E-05     -0.46413396E-06      0.15804977E-02
      0.19146399E+00      0.21369428E-03      0.36336243E-05     -0.46424882E-06      0.14835351E-02
      0.19183148E+00      0.19845047E-03      0.36347227E-05     -0.46435588E-06      0.13777076E-02
      0.19219897E+00      0.18199206E-03      0.36357817E-05     -0.46445570E-06      0.12634480E-02
      0.19256647E+00      0.16438920E-03      0.36368057E-05     -0.46454883E-06      0.11412432E-02
      0.19293396E+00      0.14571965E-03      0.36377992E-05     -0.46463587E-06      0.10116332E-02
      0.19330145E+00      0.12606848E-03      0.36387667E-05     -0.46471742E-06      0.87520832E-03
      0.19366894E+00      0.10552771E-03      0.36397131E-05     -0.46479415E-06      0.73260765E-03
      0.19403644E+00      0.84196001E-04      0.36406433E-05     -0.46486669E-06      0.58451599E-03
      0.19440393E+00      0.62178178E-04      0.36415622E-05     -0.46493574E-06      0.43166111E-03
      0.19477142E+00      0.39584802E-04      0.36424750E-05     -0.46500198E-06      0.27481055E-03
      0.19513892E+00      0.16531660E-04      0.36433867E-05     -0.46506609E-06      0.11476815E-03
      0.19550641E+00     -0.68607661E-05      0.36443024E-05     -0.46512879E-06     -0.47629667E-04
      0.19587390E+00     -0.30467875E-04      0.36452272E-05     -0.46519077E-06     -0.21151788E-03
      0.19624140E+00     -0.54161547E-04      0.36461662E-05     -0.46525273E-06     -0.37600705E-03
      0.19660889E+00     -0.77810784E-04      0.36471241E-05     -0.46531536E-06     -0.54018774E-03
      0.19697638E+00     -0.10128237E-03      0.36481060E-05     -0.46537935E-06     -0.70313509E-03
      0.19734388E+00     -0.12444154E-03      0.36491164E-05     -0.46544537E-06     -0.86391362E-03
      0.19771137E+00     -0.14715274E-03      0.36501601E-05     -0.46551406E-06     -0.10215821E-02
      0.19807886E+00     -0.16928029E-03      0.36512413E-05     -0.46558606E-06     -0.11751988E-02
      0.19844636E+00     -0.19068916E-03      0.36523643E-05     -0.46566199E-06     -0.13238261E-02
      0.19881385E+00     -0.21124571E-03      0.36535331E-05     -0.46574243E-06     -0.14665363E-02
      0.19918134E+00     -0.23081844E-03      0.36547513E-05     -0.46582794E-06     -0.16024166E-02
      0.19954884E+00     -0.24927879E-03      0.36560225E-05     -0.46591904E-06     -0.17305743E-02
      0.19991633E+00     -0.26650182E-03      0.36573498E-05     -0.46601622E-06     -0.18501422E-02
      0.20028382E+00     -0.28236705E-03      0.36587363E-05     -0.46611995E-06     -0.19602838E-02
      0.20065132E+00     -0.29675911E-03      0.36601844E-05     -0.46623065E-06     -0.20601982E-02
      0.20101881E+00     -0.30956857E-03      0.36616965E-05     -0.46634869E-06     -0.21491256E-02
      0.20138630E+00     -0.32069255E-03      0.36632747E-05     -0.46647442E-06     -0.22263519E-02
      0.20175380E+00     -0.33003549E-03      0.36649204E-05     -0.46660814E-06     -0.22912136E-02
      0.20212129E+00     -0.33750974E-03      0.36666351E-05     -0.46675010E-06     -0.23431022E-02
      0.20248878E+00     -0.34303624E-03      0.36684196E-05     -0.46690050E-06     -0.23814690E-02
      0.20285628E+00     -0.34654511E-03      0.36702747E-05     -0.46705952E-06     -0.24058287E-02
      0.20322377E+00     -0.34797617E-03      0.36722005E-05     -0.46722728E-06     -0.24157636E-02
      0.20359126E+00     -0.34727950E-03      0.36741970E-05     -0.46740384E-06     -0.24109271E-02
      0.20395876E+00     -0.34441587E-03      0.36762638E-05     -0.46758924E-06     -0.23910469E-02
      0.20432625E+00     -0.33935720E-03      0.36784001E-05     -0.46778347E-06     -0.23559279E-02
      0.20469374E+00     -0.33208689E-03      0.36806048E-05     -0.46798645E-06     -0.23054551E-02
      0.20506124E+00     -0.32260014E-03      0.36828765E-05     -0.46819808E-06     -0.22395949E-02
      0.20542873E+00     -0.31090421E-03      0.36852135E-05     -0.46841822E-06     -0.21583980E-02
      0.20579622E+00     -0.29701864E-03      0.36876137E-05     -0.46864667E-06     -0.20619999E-02
      0.20616372E+00     -0.28097531E-03      0.36900748E-05     -0.46888321E-06     -0.19506218E-02
      0.20653121E+00     -0.26281857E-03      0.36925943E-05     -0.46912755E-06     -0.18245719E-02
      0.20689870E+00     -0.24260521E-03      0.36951692E-05     -0.46937940E-06     -0.16842442E-02
      0.20726620E+00     -0.22040440E-03      0.36977966E-05     -0.46963840E-06     -0.15301190E-02
      0.20763369E+00     -0.19629755E-03      0.37004730E-05     -0.46990419E-06     -0.13627614E-02
      0.20800118E+00     -0.17037809E-03      0.37031949E-05     -0.47017635E-06     -0.11828200E-02
      0.20836868E+00     -0.14275121E-03      0.37059588E-05     -0.47045445E-06     -0.99102524E-03
      0.20873617E+00     -0.11353351E-03      0.37087606E-05     -0.47073803E-06     -0.78818650E-03
      0.20910366E+00     -0.82852592E-04      0.37115965E-05     -0.47102660E-06     -0.57518961E-03
      0.20947115E+00     -0.50846568E-04      0.37144623E-05     -0.47131964E-06     -0.35299339E-03
      0.20983865E+00     -0.17663509E-04      0.37173538E-05     -0.47161665E-06     -0.12262582E-03
      0.21020614E+00      0.16539157E-04      0.37202668E-05     -0.47191707E-06      0.11482020E-03
      0.21057363E+00      0.51595331E-04      0.37231969E-05     -0.47222035E-06      0.35819155E-03
      0.21094113E+00      0.87330978E-04      0.37261399E-05     -0.47252593E-06      0.60628002E-03
      0.21130862E+00      0.12356492E-03      0.37290914E-05     -0.47283325E-06      0.85782781E-03
      0.21167611E+00      0.16010969E-03      0.37320471E-05     -0.47314173E-06      0.11115335E-02
      0.21204361E+00      0.19677242E-03      0.37350028E-05     -0.47345081E-06      0.13660581E-02
      0.21241110E+00      0.23335583E-03      0.37379544E-05     -0.47375990E-06      0.16200319E-02
      0.21277859E+00      0.26965914E-03      0.37408976E-05     -0.47406845E-06      0.18720614E-02
      0.21314609E+00      0.30547921E-03      0.37438287E-05     -0.47437590E-06      0.21207359E-02
      0.21351358E+00      0.34061149E-03      0.37467438E-05     -0.47468171E-06      0.23646356E-02
      0.21388107E+00      0.37485122E-03      0.37496393E-05     -0.47498535E-06      0.26023389E-02
      0.21424857E+00      0.40799445E-03      0.37525116E-05     -0.47528630E-06      0.28324300E-02
      0.21461606E+00      0.43983925E-03      0.37553576E-05     -0.47558406E-06      0.30535069E-02
      0.21498355E+00      0.47018682E-03      0.37581742E-05     -0.47587818E-06      0.32641896E-02
      0.21535105E+00      0.49884266E-03      0.37609585E-05     -0.47616818E-06      0.34631278E-02
      0.21571854E+00      0.52561773E-03      0.37637081E-05     -0.47645366E-06      0.36490090E-02
      0.21608603E+00      0.55032956E-03      0.37664205E-05     -0.47673421E-06      0.38205666E-02
      0.21645353E+00      0.57280346E-03      0.37690938E-05     -0.47700947E-06      0.39765877E-02
      0.21682102E+00      0.59287355E-03      0.37717261E-05     -0.47727909E-06      0.41159207E-02
      0.21718851E+00      0.61038393E-03      0.37743161E-05     -0.47754278E-06      0.42374836E-02
      0.21755601E+00      0.62518974E-03      0.37768624E-05     -0.47780027E-06      0.43402702E-02
      0.21792350E+00      0.63715811E-03      0.37793643E-05     -0.47805132E-06      0.44233586E-02
      0.21829099E+00      0.64616923E-03      0.37818212E-05     -0.47829574E-06      0.44859167E-02
      0.21865849E+00      0.65211726E-03      0.37842327E-05     -0.47853335E-06      0.45272099E-02
      0.21902598E+00      0.65491118E-03      0.37865990E-05     -0.47876404E-06      0.45466062E-02
      0.21939347E+00      0.65447563E-03      0.37889203E-05     -0.47898772E-06      0.45435824E-02
      0.21976097E+00      0.65075164E-03      0.37911973E-05     -0.47920434E-06      0.45177293E-02
      0.22012846E+00      0.64369737E-03      0.37934309E-05     -0.47941388E-06      0.44687562E-02
      0.22049595E+00      0.63328860E-03      0.37956223E-05     -0.47961637E-06      0.43964951E-02
      0.22086345E+00      0.61951934E-03      0.37977731E-05     -0.47981188E-06      0.43009045E-02
      0.22123094E+00      0.60240223E-03      0.37998850E-05     -0.48000049E-06      0.41820719E-02
      0.22159843E+00      0.58196885E-03      0.38019601E-05     -0.48018235E-06      0.40402168E-02
      0.22196593E+00      0.55827002E-03      0.38040005E-05     -0.48035763E-06      0.38756919E-02
      0.22233342E+00      0.53137589E-03      0.38060089E-05     -0.48052651E-06      0.36889840E-02
      0.22270091E+00      0.50137601E-03      0.38079879E-05     -0.48068925E-06      0.34807151E-02
      0.22306841E+00      0.46837926E-03      0.38099405E-05     -0.48084610E-06      0.32516410E-02
      0.22343590E+00      0.43251372E-03      0.38118698E-05     -0.48099736E-06      0.30026507E-02
      0.22380339E+00      0.39392633E-03      0.38137791E-05     -0.48114336E-06      0.27347646E-02
      0.22417088E+00      0.35278259E-03      0.38156718E-05     -0.48128443E-06      0.24491313E-02
      0.22453838E+00      0.30926601E-03      0.38175516E-05     -0.48142095E-06      0.21470251E-02
      0.22490587E+00      0.26357754E-03      0.38194220E-05     -0.48155332E-06      0.18298409E-02
      0.22527336E+00      0.21593487E-03      0.38212868E-05     -0.48168195E-06      0.14990900E-02
      0.22564086E+00      0.16657163E-03      0.38231499E-05     -0.48180727E-06      0.11563944E-02
      0.22600835E+00      0.11573645E-03      0.38250152E-05     -0.48192973E-06      0.80348003E-03
      0.22637584E+00      0.63691969E-04      0.38268865E-05     -0.48204979E-06      0.44217034E-03
      0.22674334E+00      0.10713730E-04      0.38287677E-05     -0.48216793E-06      0.74378192E-04
      0.22711083E+00     -0.42911038E-04      0.38306628E-05     -0.48228461E-06     -0.29790237E-03
      0.22747832E+00     -0.96884706E-04      0.38325756E-05     -0.48240034E-06     -0.67260510E-03
      0.22784582E+00     -0.15090063E-03      0.38345099E-05     -0.48251559E-06     -0.10476012E-02
      0.22821331E+00     -0.20464459E-03      0.38364694E-05     -0.48263086E-06     -0.14207092E-02
      0.22858080E+00     -0.25779636E-03      0.38384577E-05     -0.48274665E-06     -0.17897061E-02
      0.22894830E+00     -0.31003127E-03      0.38404782E-05     -0.48286343E-06     -0.21523378E-02
      0.22931579E+00     -0.36102189E-03      0.38425344E-05     -0.48298170E-06     -0.25063312E-02
      0.22968328E+00     -0.41043971E-03      0.38446295E-05     -0.48310193E-06     -0.28494058E-02
      0.23005078E+00     -0.45795695E-03      0.38467664E-05     -0.48322459E-06     -0.31792859E-02
      0.23041827E+00     -0.50324830E-03      0.38489480E-05     -0.48335012E-06     -0.34937132E-02
      0.23078576E+00     -0.54599279E-03      0.38511769E-05     -0.48347898E-06     -0.37904593E-02
      0.23115326E+00     -0.58587558E-03      0.38534555E-05     -0.48361157E-06     -0.40673386E-02
      0.23152075E+00     -0.62258987E-03      0.38557861E-05     -0.48374832E-06     -0.43222211E-02
      0.23188824E+00     -0.65583870E-03      0.38581705E-05     -0.48388962E-06     -0.45530453E-02
      0.23225574E+00     -0.68533681E-03      0.38606104E-05     -0.48403582E-06     -0.47578308E-02
      0.23262323E+00     -0.71081251E-03      0.38631074E-05     -0.48418728E-06     -0.49346913E-02
      0.23299072E+00     -0.73200938E-03      0.38656625E-05     -0.48434432E-06     -0.50818469E-02
      0.23335822E+00     -0.74868812E-03      0.38682767E-05     -0.48450724E-06     -0.51976361E-02
      0.23372571E+00     -0.76062819E-03      0.38709506E-05     -0.48467631E-06     -0.52805279E-02
      0.23409320E+00     -0.76762949E-03      0.38736845E-05     -0.48485178E-06     -0.53291333E-02
      0.23446070E+00     -0.76951394E-03      0.38764786E-05     -0.48503387E-06     -0.53422157E-02
      0.23482819E+00     -0.76612695E-03      0.38793326E-05     -0.48522277E-06     -0.53187021E-02
      0.23519568E+00     -0.75733885E-03      0.38822461E-05     -0.48541864E-06     -0.52576923E-02
      0.23556318E+00     -0.74304621E-03      0.38852184E-05     -0.48562163E-06     -0.51584682E-02
      0.23593067E+00     -0.72317301E-03      0.38882484E-05     -0.48583183E-06     -0.50205020E-02
      0.23629816E+00     -0.69767176E-03      0.38913350E-05     -0.48604932E-06     -0.48434640E-02
      0.23666566E+00     -0.66652444E-03      0.38944765E-05     -0.48627416E-06     -0.46272292E-02
      0.23703315E+00     -0.62974333E-03      0.38976714E-05     -0.48650636E-06     -0.43718828E-02
      0.23740064E+00     -0.58737172E-03      0.39009177E-05     -0.48674591E-06     -0.40777253E-02
      0.23776814E+00     -0.53948443E-03      0.39042131E-05     -0.48699279E-06     -0.37452761E-02
      0.23813563E+00     -0.48618818E-03      0.39075553E-05     -0.48724692E-06     -0.33752763E-02
      0.23850312E+00     -0.42762188E-03      0.39109419E-05     -0.48750822E-06     -0.29686900E-02
      0.23887062E+00     -0.36395661E-03      0.39143699E-05     -0.48777656E-06     -0.25267050E-02
      0.23923811E+00     -0.29539561E-03      0.39178367E-05     -0.48805182E-06     -0.20507323E-02
      0.23960560E+00     -0.22217389E-03      0.39213391E-05     -0.48833383E-06     -0.15424033E-02
      0.23997309E+00     -0.14455790E-03      0.39248741E-05     -0.48862239E-06     -0.10035679E-02
      0.24034059E+00     -0.62844785E-04      0.39284385E-05     -0.48891731E-06     -0.43628892E-03
      0.24070808E+00      0.22638331E-04      0.39320289E-05     -0.48921835E-06      0.15716265E-03
      0.24107557E+00      0.11153539E-03      0.39356419E-05     -0.48952527E-06      0.77431489E-03
      0.24144307E+00      0.20346253E-03      0.39392743E-05     -0.48983781E-06      0.14125029E-02
      0.24181056E+00      0.29800944E-03      0.39429225E-05     -0.49015567E-06      0.20688783E-02
      0.24217805E+00      0.39474088E-03      0.39465832E-05     -0.49047857E-06      0.27404194E-02
      0.24254555E+00      0.49319834E-03      0.39502530E-05     -0.49080620E-06      0.34239431E-02
      0.24291304E+00      0.59290193E-03      0.39539285E-05     -0.49113823E-06      0.41161178E-02
      0.24328053E+00      0.69335232E-03      0.39576064E-05     -0.49147434E-06      0.48134770E-02
      0.24364803E+00      0.79403298E-03      0.39612835E-05     -0.49181419E-06      0.55124349E-02
      0.24401552E+00      0.89441244E-03      0.39649567E-05     -0.49215744E-06      0.62093017E-02
      0.24438301E+00      0.99394677E-03      0.39686231E-05     -0.49250372E-06      0.69003014E-02
      0.24475051E+00      0.10920821E-02      0.39722797E-05     -0.49285269E-06      0.75815888E-02
      0.24511800E+00      0.11882575E-02      0.39759239E-05     -0.49320399E-06      0.82492693E-02
      0.24548549E+00      0.12819073E-02      0.39795531E-05     -0.49355725E-06      0.88994172E-02
      0.24585299E+00      0.13724649E-02      0.39831650E-05     -0.49391213E-06      0.95280969E-02
      0.24622048E+00      0.14593646E-02      0.39867574E-05     -0.49426827E-06      0.10131383E-01
      0.24658797E+00      0.15420457E-02      0.39903285E-05     -0.49462531E-06      0.10705382E-01
      0.24695547E+00      0.16199549E-02      0.39938764E-05     -0.49498291E-06      0.11246253E-01
      0.24732296E+00      0.16925500E-02      0.39973998E-05     -0.49534072E-06      0.11750232E-01
      0.24769045E+00      0.17593026E-02      0.40008973E-05     -0.49569841E-06      0.12213650E-01
      0.24805795E+00      0.18197017E-02      0.40043681E-05     -0.49605565E-06      0.12632960E-01
      0.24842544E+00      0.18732567E-02      0.40078113E-05     -0.49641213E-06      0.13004756E-01
      0.24879293E+00      0.19195005E-02      0.40112265E-05     -0.49676753E-06      0.13325796E-01
      0.24916043E+00      0.19579931E-02      0.40146135E-05     -0.49712156E-06      0.13593024E-01
      0.24952792E+00      0.19883241E-02      0.40179724E-05     -0.49747393E-06      0.13803592E-01
      0.24989541E+00      0.20101162E-02      0.40213034E-05     -0.49782437E-06      0.13954879E-01
      0.25026291E+00      0.20230276E-02      0.40246074E-05     -0.49817262E-06      0.14044515E-01
      0.25063040E+00      0.20267557E-02      0.40278850E-05     -0.49851843E-06      0.14070396E-01
      0.25099789E+00      0.20210389E-02      0.40311374E-05     -0.49886157E-06      0.14030709E-01
      0.25136539E+00      0.20056598E-02      0.40343661E-05     -0.49920183E-06      0.13923942E-01
      0.25173288E+00      0.19804474E-02      0.40375726E-05     -0.49953900E-06      0.13748909E-01
      0.25210037E+00      0.19452792E-02      0.40407589E-05     -0.49987289E-06      0.13504760E-01
      0.25246787E+00      0.19000837E-02      0.40439270E-05     -0.50020333E-06      0.13190998E-01
      0.25283536E+00      0.18448418E-02      0.40470793E-05     -0.50053017E-06      0.12807491E-01
      0.25320285E+00      0.17795887E-02      0.40502183E-05     -0.50085325E-06      0.12354483E-01
      0.25357035E+00      0.17044154E-02      0.40533467E-05     -0.50117246E-06      0.11832605E-01
      0.25393784E+00      0.16194696E-02      0.40564675E-05     -0.50148769E-06      0.11242884E-01
      0.25430533E+00      0.15249569E-02      0.40595837E-05     -0.50179883E-06      0.10586746E-01
      0.25467283E+00      0.14211413E-02      0.40626985E-05     -0.50210580E-06      0.98660246E-02
      0.25504032E+00      0.13083455E-02      0.40658154E-05     -0.50240854E-06      0.90829595E-02
      0.25540781E+00      0.11869512E-02      0.40689377E-05     -0.50270700E-06      0.82402007E-02
      0.25577530E+00      0.10573986E-02      0.40720690E-05     -0.50300113E-06      0.73408048E-02
      0.25614280E+00      0.92018632E-03      0.40752129E-05     -0.50329091E-06      0.63882323E-02
      0.25651029E+00      0.77586997E-03      0.40783731E-05     -0.50357632E-06      0.53863414E-02
      0.25687778E+00      0.62506152E-03      0.40815534E-05     -0.50385737E-06      0.43393801E-02
      0.25724528E+00      0.46842757E-03      0.40847573E-05     -0.50413407E-06      0.32519764E-02
      0.25761277E+00      0.30668766E-03      0.40879887E-05     -0.50440644E-06      0.21291254E-02
      0.25798026E+00      0.14061210E-03      0.40912512E-05     -0.50467451E-06      0.97617488E-03
      0.25834776E+00     -0.28980398E-04      0.40945485E-05     -0.50493833E-06     -0.20119134E-03
      0.25871525E+00     -0.20122550E-03      0.40978840E-05     -0.50519795E-06     -0.13969728E-02
      0.25908274E+00     -0.37521631E-03      0.41012612E-05     -0.50545343E-06     -0.26048735E-02
      0.25945024E+00     -0.55000670E-03      0.41046835E-05     -0.50570484E-06     -0.38183251E-02
      0.25981773E+00     -0.72461499E-03      0.41081541E-05     -0.50595228E-06     -0.50305127E-02
      0.26018522E+00     -0.89802794E-03      0.41116761E-05     -0.50619581E-06     -0.62344017E-02
      0.26055272E+00     -0.10692049E-02      0.41152523E-05     -0.50643554E-06     -0.74227679E-02
      0.26092021E+00     -0.12370824E-02      0.41188855E-05     -0.50667157E-06     -0.85882282E-02
      0.26128770E+00     -0.14005789E-02      0.41225781E-05     -0.50690400E-06     -0.97232739E-02
      0.26165520E+00     -0.15585997E-02      0.41263325E-05     -0.50713295E-06     -0.10820305E-01
      0.26202269E+00     -0.17100420E-02      0.41301506E-05     -0.50735852E-06     -0.11871667E-01
      0.26239018E+00     -0.18538009E-02      0.41340344E-05     -0.50758085E-06     -0.12869688E-01
      0.26275768E+00     -0.19887743E-02      0.41379853E-05     -0.50780005E-06     -0.13806717E-01
      0.26312517E+00     -0.21138691E-02      0.41420046E-05     -0.50801626E-06     -0.14675166E-01
      0.26349266E+00     -0.22280070E-02      0.41460934E-05     -0.50822960E-06     -0.15467548E-01
      0.26386016E+00     -0.23301301E-02      0.41502524E-05     -0.50844022E-06     -0.16176520E-01
      0.26422765E+00     -0.24192079E-02      0.41544820E-05     -0.50864823E-06     -0.16794927E-01
      0.26459514E+00     -0.24942425E-02      0.41587823E-05     -0.50885379E-06     -0.17315842E-01
      0.26496264E+00     -0.25542754E-02      0.41631534E-05     -0.50905702E-06     -0.17732609E-01
      0.26533013E+00     -0.25983933E-02      0.41675946E-05     -0.50925808E-06     -0.18038890E-01
      0.26569762E+00     -0.26257347E-02      0.41721052E-05     -0.50945709E-06     -0.18228703E-01
      0.26606512E+00     -0.26354957E-02      0.41766843E-05     -0.50965420E-06     -0.18296467E-01
      0.26643261E+00     -0.26269361E-02      0.41813306E-05     -0.50984954E-06     -0.18237043E-01
      0.26680010E+00     -0.25993853E-02      0.41860424E-05     -0.51004326E-06     -0.18045777E-01
      0.26716760E+00     -0.25522481E-02      0.41908179E-05     -0.51023550E-06     -0.17718536E-01
      0.26753509E+00     -0.24850106E-02      0.41956549E-05     -0.51042638E-06     -0.17251751E-01
      0.26790258E+00     -0.23972449E-02      0.42005512E-05     -0.51061604E-06     -0.16642453E-01
      0.26827008E+00     -0.22886148E-02      0.42055039E-05     -0.51080462E-06     -0.15888307E-01
      0.26863757E+00     -0.21588805E-02      0.42105105E-05     -0.51099224E-06     -0.14987650E-01
      0.26900506E+00     -0.20079032E-02      0.42155676E-05     -0.51117903E-06     -0.13939517E-01
      0.26937256E+00     -0.18356493E-02      0.42206722E-05     -0.51136510E-06     -0.12743673E-01
      0.26974005E+00     -0.16421940E-02      0.42258208E-05     -0.51155058E-06     -0.11400644E-01
      0.27010754E+00     -0.14277252E-02      0.42310098E-05     -0.51173557E-06     -0.99117322E-02
      0.27047503E+00     -0.11925464E-02      0.42362355E-05     -0.51192019E-06     -0.82790446E-02
      0.27084253E+00     -0.93707906E-03      0.42414940E-05     -0.51210453E-06     -0.65055072E-02
      0.27121002E+00     -0.66186487E-03      0.42467815E-05     -0.51228868E-06     -0.45948809E-02
      0.27157751E+00     -0.36756734E-03      0.42520940E-05     -0.51247272E-06     -0.25517719E-02
      0.27194501E+00     -0.54972855E-04      0.42574274E-05     -0.51265675E-06     -0.38163942E-03
      0.27231250E+00      0.27500886E-03      0.42627776E-05     -0.51284081E-06      0.19092009E-02
      0.27267999E+00      0.62134478E-03      0.42681408E-05     -0.51302497E-06      0.43135773E-02
      0.27304749E+00      0.98287921E-03      0.42735128E-05     -0.51320927E-06      0.68234667E-02
      0.27341498E+00      0.13583351E-02      0.42788897E-05     -0.51339374E-06      0.94300035E-02
      0.27378247E+00      0.17463159E-02      0.42842676E-05     -0.51357840E-06      0.12123492E-01
      0.27414997E+00      0.21453081E-02      0.42896429E-05     -0.51376326E-06      0.14893426E-01
      0.27451746E+00      0.25536845E-02      0.42950119E-05     -0.51394830E-06      0.17728508E-01
      0.27488495E+00      0.29697079E-02      0.43003712E-05     -0.51413350E-06      0.20616677E-01
      0.27525245E+00      0.33915355E-02      0.43057176E-05     -0.51431880E-06      0.23545141E-01
      0.27561994E+00      0.38172245E-02      0.43110480E-05     -0.51450415E-06      0.26500412E-01
      0.27598743E+00      0.42447374E-02      0.43163597E-05     -0.51468946E-06      0.29468346E-01
      0.27635493E+00      0.46719489E-02      0.43216502E-05     -0.51487461E-06      0.32434187E-01
      0.27672242E+00      0.50966528E-02      0.43269172E-05     -0.51505947E-06      0.35382620E-01
      0.27708991E+00      0.55165700E-02      0.43321589E-05     -0.51524390E-06      0.38297821E-01
      0.27745741E+00      0.59293565E-02      0.43373737E-05     -0.51542770E-06      0.41163519E-01
      0.27782490E+00      0.63326131E-02      0.43425604E-05     -0.51561066E-06      0.43963057E-01
      0.27819239E+00      0.67238947E-02      0.43477182E-05     -0.51579255E-06      0.46679462E-01
      0.27855989E+00      0.71007206E-02      0.43528466E-05     -0.51597309E-06      0.49295509E-01
      0.27892738E+00      0.74605853E-02      0.43579456E-05     -0.51615198E-06      0.51793807E-01
      0.27929487E+00      0.78009700E-02      0.43630157E-05     -0.51632890E-06      0.54156868E-01
      0.27966237E+00      0.81193545E-02      0.43680576E-05     -0.51650346E-06      0.56367197E-01
      0.28002986E+00      0.84132294E-02      0.43730726E-05     -0.51667527E-06      0.58407371E-01
      0.28039735E+00      0.86801090E-02      0.43780625E-05     -0.51684389E-06      0.60260136E-01
      0.28076485E+00      0.89175449E-02      0.43830295E-05     -0.51700883E-06      0.61908493E-01
      0.28113234E+00      0.91231389E-02      0.43879763E-05     -0.51716958E-06      0.63335794E-01
      0.28149983E+00      0.92945579E-02      0.43929059E-05     -0.51732559E-06      0.64525840E-01
      0.28186733E+00      0.94295471E-02      0.43978220E-05     -0.51747625E-06      0.65462979E-01
      0.28223482E+00      0.95259455E-02      0.44027287E-05     -0.51762093E-06      0.66132208E-01
      0.28260231E+00      0.95817000E-02      0.44076305E-05     -0.51775895E-06      0.66519274E-01
      0.28296981E+00      0.95948802E-02      0.44125325E-05     -0.51788960E-06      0.66610775E-01
      0.28333730E+00      0.95636938E-02      0.44174401E-05     -0.51801210E-06      0.66394269E-01
      0.28370479E+00      0.94865013E-02      0.44223593E-05     -0.51812565E-06      0.65858374E-01
      0.28407229E+00      0.93618310E-02      0.44272963E-05     -0.51822942E-06      0.64992872E-01
      0.28443978E+00      0.91883940E-02      0.44322580E-05     -0.51832250E-06      0.63788816E-01
      0.28480727E+00      0.89650987E-02      0.44372516E-05     -0.51840397E-06      0.62238627E-01
      0.28517477E+00      0.86910658E-02      0.44422846E-05     -0.51847287E-06      0.60336202E-01
      0.28554226E+00      0.83656426E-02      0.44473649E-05     -0.51852819E-06      0.58077008E-01
      0.28590975E+00      0.79884166E-02      0.44525008E-05     -0.51856888E-06      0.55458183E-01
      0.28627724E+00      0.75592299E-02      0.44577008E-05     -0.51859385E-06      0.52478629E-01
      0.28664474E+00      0.70781917E-02      0.44629740E-05     -0.51860200E-06      0.49139106E-01
      0.28701223E+00      0.65456916E-02      0.44683293E-05     -0.51859218E-06      0.45442318E-01
      0.28737972E+00      0.59624118E-02      0.44737762E-05     -0.51856320E-06      0.41393000E-01
      0.28774722E+00      0.53293383E-02      0.44793243E-05     -0.51851386E-06      0.36997998E-01
      0.28811471E+00      0.46477722E-02      0.44849833E-05     -0.51844293E-06      0.32266344E-01
      0.28848220E+00      0.39193399E-02      0.44907631E-05     -0.51834916E-06      0.27209330E-01
      0.28884970E+00      0.31460023E-02      0.44966737E-05     -0.51823127E-06      0.21840570E-01
      0.28921719E+00      0.23300636E-02      0.45027251E-05     -0.51808797E-06      0.16176058E-01
      0.28958468E+00      0.14741789E-02      0.45089274E-05     -0.51791797E-06      0.10234229E-01
      0.28995218E+00      0.58136105E-03      0.45152906E-05     -0.51771996E-06      0.40359972E-02
      0.29031967E+00     -0.34501397E-03      0.45218249E-05     -0.51749263E-06     -0.23951991E-02
      0.29068716E+00     -0.13012019E-02      0.45285401E-05     -0.51723468E-06     -0.90333665E-02
      0.29105466E+00     -0.22830870E-02      0.45354459E-05     -0.51694481E-06     -0.15849931E-01
      0.29142215E+00     -0.32861792E-02      0.45425521E-05     -0.51662173E-06     -0.22813723E-01
      0.29178964E+00     -0.43056132E-02      0.45498679E-05     -0.51626416E-06     -0.29890965E-01
      0.29215714E+00     -0.53361482E-02      0.45574026E-05     -0.51587088E-06     -0.37045274E-01
      0.29252463E+00     -0.63721692E-02      0.45651649E-05     -0.51544065E-06     -0.44237669E-01
      0.29289212E+00     -0.74076894E-02      0.45731634E-05     -0.51497229E-06     -0.51426586E-01
      0.29325962E+00     -0.84363539E-02      0.45814061E-05     -0.51446466E-06     -0.58567909E-01
      0.29362711E+00     -0.94514450E-02      0.45899008E-05     -0.51391667E-06     -0.65615001E-01
      0.29399460E+00     -0.10445889E-01      0.45986546E-05     -0.51332728E-06     -0.72518752E-01
      0.29436210E+00     -0.11412262E-01      0.46076744E-05     -0.51269549E-06     -0.79227628E-01
      0.29472959E+00     -0.12342802E-01      0.46169661E-05     -0.51202041E-06     -0.85687743E-01
      0.29509708E+00     -0.13229419E-01      0.46265356E-05     -0.51130119E-06     -0.91842926E-01
      0.29546458E+00     -0.14063705E-01      0.46363877E-05     -0.51053707E-06     -0.97634806E-01
      0.29583207E+00     -0.14836947E-01      0.46465267E-05     -0.50972738E-06     -0.10300290E+00
      0.29619956E+00     -0.15540145E-01      0.46569563E-05     -0.50887154E-06     -0.10788473E+00
      0.29656706E+00     -0.16164026E-01      0.46676795E-05     -0.50796907E-06     -0.11221592E+00
      0.29693455E+00     -0.16699062E-01      0.46786984E-05     -0.50701960E-06     -0.11593031E+00
      0.29730204E+00     -0.17135487E-01      0.46900145E-05     -0.50602288E-06     -0.11896012E+00
      0.29766954E+00     -0.17463318E-01      0.47016282E-05     -0.50497876E-06     -0.12123603E+00
      0.29803703E+00     -0.17672380E-01      0.47135395E-05     -0.50388725E-06     -0.12268740E+00
      0.29840452E+00     -0.17752320E-01      0.47257471E-05     -0.50274846E-06     -0.12324237E+00
      0.29877202E+00     -0.17692639E-01      0.47382492E-05     -0.50156267E-06     -0.12282805E+00
      0.29913951E+00     -0.17482714E-01      0.47510430E-05     -0.50033028E-06     -0.12137068E+00
      0.29950700E+00     -0.17111821E-01      0.47641246E-05     -0.49905184E-06     -0.11879582E+00
      0.29987450E+00     -0.16569167E-01      0.47774894E-05     -0.49772809E-06     -0.11502854E+00
      0.30024199E+00     -0.15843913E-01      0.47911318E-05     -0.49635988E-06     -0.10999359E+00
      0.30060948E+00     -0.14925207E-01      0.48050454E-05     -0.49494826E-06     -0.10361564E+00
      0.30097698E+00     -0.13802211E-01      0.48192225E-05     -0.49349445E-06     -0.95819432E-01
      0.30134447E+00     -0.12464131E-01      0.48336547E-05     -0.49199983E-06     -0.86530048E-01
      0.30171196E+00     -0.10900252E-01      0.48483328E-05     -0.49046594E-06     -0.75673089E-01
      0.30207945E+00     -0.90999638E-02      0.48632463E-05     -0.48889455E-06     -0.63174905E-01
      0.30244695E+00     -0.70527991E-02      0.48783841E-05     -0.48728755E-06     -0.48962822E-01
      0.30281444E+00     -0.47484622E-02      0.48937338E-05     -0.48564706E-06     -0.32965367E-01
      0.30318193E+00     -0.21768638E-02      0.49092824E-05     -0.48397536E-06     -0.15112496E-01
      0.30354943E+00      0.67184612E-03      0.49250158E-05     -0.48227493E-06      0.46641740E-02
      0.30391692E+00      0.38072448E-02      0.49409191E-05     -0.48054842E-06      0.26431130E-01
      0.30428441E+00      0.72386032E-02      0.49569765E-05     -0.47879868E-06      0.50252735E-01
      0.30465191E+00      0.10974852E-01      0.49731713E-05     -0.47702872E-06      0.76190989E-01
      0.30501940E+00      0.15024550E-01      0.49894860E-05     -0.47524177E-06      0.10430531E+00
      0.30538689E+00      0.19395847E-01      0.50059024E-05     -0.47344120E-06      0.13465227E+00
      0.30575439E+00      0.24096456E-01      0.50224012E-05     -0.47163059E-06      0.16728543E+00
      0.30612188E+00      0.29133618E-01      0.50389627E-05     -0.46981366E-06      0.20225504E+00
      0.30648937E+00      0.34514069E-01      0.50555664E-05     -0.46799433E-06      0.23960788E+00
      0.30685687E+00      0.40244012E-01      0.50721909E-05     -0.46617666E-06      0.27938700E+00
      0.30722436E+00      0.46329083E-01      0.50888146E-05     -0.46436488E-06      0.32163155E+00
      0.30759185E+00      0.52774326E-01      0.51054148E-05     -0.46256338E-06      0.36637652E+00
      0.30795935E+00      0.59584159E-01      0.51219686E-05     -0.46077667E-06      0.41365259E+00
      0.30832684E+00      0.66762351E-01      0.51384524E-05     -0.45900943E-06      0.46348593E+00
      0.30869433E+00      0.74311993E-01      0.51548423E-05     -0.45726643E-06      0.51589799E+00
      0.30906183E+00      0.82235472E-01      0.51711138E-05     -0.45555259E-06      0.57090536E+00
      0.30942932E+00      0.90534451E-01      0.51872422E-05     -0.45387292E-06      0.62851957E+00
      0.30979681E+00      0.99209843E-01      0.52032024E-05     -0.45223257E-06      0.68874696E+00
      0.31016431E+00      0.10826179E+00      0.52189690E-05     -0.45063672E-06      0.75158853E+00
      0.31053180E+00      0.11768965E+00      0.52345165E-05     -0.44909068E-06      0.81703981E+00
      0.31089929E+00      0.12749198E+00      0.52498192E-05     -0.44759979E-06      0.88509072E+00
      0.31126679E+00      0.13766649E+00      0.52648512E-05     -0.44616948E-06      0.95572549E+00
      0.31163428E+00      0.14821008E+00      0.52795868E-05     -0.44480520E-06      0.10289225E+01
      0.31200177E+00      0.15911880E+00      0.52940001E-05     -0.44351242E-06      0.11046544E+01
      0.31236927E+00      0.17038783E+00      0.53080654E-05     -0.44229664E-06      0.11828877E+01
      0.31273676E+00      0.18201150E+00      0.53217570E-05     -0.44116337E-06      0.12635829E+01
      0.31310425E+00      0.19398325E+00      0.53350497E-05     -0.44011809E-06      0.13466947E+01
      0.31347175E+00      0.20629566E+00      0.53479183E-05     -0.43916625E-06      0.14321715E+01
      0.31383924E+00      0.21894043E+00      0.53603380E-05     -0.43831329E-06      0.15199556E+01
      0.31420673E+00      0.23190840E+00      0.53722844E-05     -0.43756455E-06      0.16099834E+01
      0.31457423E+00      0.24518951E+00      0.53837335E-05     -0.43692532E-06      0.17021852E+01
      0.31494172E+00      0.25877285E+00      0.53946619E-05     -0.43640082E-06      0.17964852E+01
      0.31530921E+00      0.27264667E+00      0.54050467E-05     -0.43599613E-06      0.18928017E+01
      0.31567671E+00      0.28679834E+00      0.54148655E-05     -0.43571624E-06      0.19910472E+01
      0.31604420E+00      0.30121441E+00      0.54240970E-05     -0.43556601E-06      0.20911283E+01
      0.31641169E+00      0.31588062E+00      0.54327202E-05     -0.43555013E-06      0.21929458E+01
      0.31677918E+00      0.33078189E+00      0.54407151E-05     -0.43567314E-06      0.22963953E+01
      0.31714668E+00      0.34590237E+00      0.54480625E-05     -0.43593942E-06      0.24013666E+01
      0.31751417E+00      0.36122546E+00      0.54547443E-05     -0.43635314E-06      0.25077445E+01
      0.31788166E+00      0.37673380E+00      0.54607431E-05     -0.43691826E-06      0.26154084E+01
      0.31824916E+00      0.39240933E+00      0.54660427E-05     -0.43763854E-06      0.27242331E+01
      0.31861665E+00      0.40823333E+00      0.54706279E-05     -0.43851750E-06      0.28340884E+01
      0.31898414E+00      0.42418640E+00      0.54744847E-05     -0.43955841E-06      0.29448398E+01
      0.31935164E+00      0.44024854E+00      0.54776002E-05     -0.44076430E-06      0.30563484E+01
      0.31971913E+00      0.45639918E+00      0.54799626E-05     -0.44213791E-06      0.31684714E+01
      0.32008662E+00      0.47261720E+00      0.54815616E-05     -0.44368171E-06      0.32810621E+01
      0.32045412E+00      0.48888097E+00      0.54823881E-05     -0.44539790E-06      0.33939705E+01
      0.32082161E+00      0.50516841E+00      0.54824344E-05     -0.44728836E-06      0.35070432E+01
      0.32118910E+00      0.52145700E+00      0.54816939E-05     -0.44935465E-06      0.36201239E+01
      0.32155660E+00      0.53772388E+00      0.54801617E-05     -0.45159806E-06      0.37330539E+01
      0.32192409E+00      0.55394584E+00      0.54778344E-05     -0.45401950E-06      0.38456720E+01
      0.32229158E+00      0.57009939E+00      0.54747097E-05     -0.45661960E-06      0.39578152E+01
      0.32265908E+00      0.58616082E+00      0.54707871E-05     -0.45939863E-06      0.40693188E+01
      0.32302657E+00      0.60210623E+00      0.54660676E-05     -0.46235653E-06      0.41800170E+01
      0.32339406E+00      0.61791160E+00      0.54605536E-05     -0.46549288E-06      0.42897430E+01
      0.32376156E+00      0.63355282E+00      0.54542491E-05     -0.46880694E-06      0.43983294E+01
      0.32412905E+00      0.64900576E+00      0.54471598E-05     -0.47229762E-06      0.45056088E+01
      0.32449654E+00      0.66424635E+00      0.54392929E-05     -0.47596346E-06      0.46114140E+01
      0.32486404E+00      0.67925057E+00      0.54306570E-05     -0.47980267E-06      0.47155781E+01
      0.32523153E+00      0.69399456E+00      0.54212625E-05     -0.48381312E-06      0.48179357E+01
      0.32559902E+00      0.70845464E+00      0.54111215E-05     -0.48799233E-06      0.49183223E+01
      0.32596652E+00      0.72260741E+00      0.54002474E-05     -0.49233747E-06      0.50165754E+01
      0.32633401E+00      0.73642976E+00      0.53886553E-05     -0.49684541E-06      0.51125346E+01
      0.32670150E+00      0.74989895E+00      0.53763620E-05     -0.50151264E-06      0.52060421E+01
      0.32706900E+00      0.76299266E+00      0.53633857E-05     -0.50633538E-06      0.52969429E+01
      0.32743649E+00      0.77568904E+00      0.53497461E-05     -0.51130949E-06      0.53850853E+01
      0.32780398E+00      0.78796677E+00      0.53354647E-05     -0.51643057E-06      0.54703213E+01
      0.32817148E+00      0.79980513E+00      0.53205642E-05     -0.52169388E-06      0.55525070E+01
      0.32853897E+00      0.81118402E+00      0.53050690E-05     -0.52709442E-06      0.56315030E+01
      0.32890646E+00      0.82208403E+00      0.52890047E-05     -0.53262691E-06      0.57071744E+01
      0.32927396E+00      0.83248651E+00      0.52723985E-05     -0.53828581E-06      0.57793918E+01
      0.32964145E+00      0.84237357E+00      0.52552788E-05     -0.54406533E-06      0.58480310E+01
      0.33000894E+00      0.85172818E+00      0.52376757E-05     -0.54995944E-06      0.59129737E+01
      0.33037644E+00      0.86053419E+00      0.52196200E-05     -0.55596191E-06      0.59741079E+01
      0.33074393E+00      0.86877637E+00      0.52011443E-05     -0.56206628E-06      0.60313277E+01
      0.33111142E+00      0.87644047E+00      0.51822820E-05     -0.56826593E-06      0.60845344E+01
      0.33147892E+00      0.88351326E+00      0.51630677E-05     -0.57455403E-06      0.61336360E+01
      0.33184641E+00      0.88998255E+00      0.51435373E-05     -0.58092364E-06      0.61785480E+01
      0.33221390E+00      0.89583726E+00      0.51237274E-05     -0.58736766E-06      0.62191933E+01
      0.33258139E+00      0.90106742E+00      0.51036757E-05     -0.59387888E-06      0.62555028E+01
      0.33294889E+00      0.90566422E+00      0.50834207E-05     -0.60044998E-06      0.62874152E+01
      0.33331638E+00      0.90962003E+00      0.50630019E-05     -0.60707358E-06      0.63148778E+01
      0.33368387E+00      0.91292845E+00      0.50424592E-05     -0.61374222E-06      0.63378459E+01
      0.33405137E+00      0.91558431E+00      0.50218335E-05     -0.62044843E-06      0.63562837E+01
      0.33441886E+00      0.91758369E+00      0.50011659E-05     -0.62718468E-06      0.63701641E+01
      0.33478635E+00      0.91892396E+00      0.49804984E-05     -0.63394346E-06      0.63794686E+01
      0.33515385E+00      0.91960378E+00      0.49598731E-05     -0.64071729E-06      0.63841882E+01
      0.33552134E+00      0.91962311E+00      0.49393325E-05     -0.64749871E-06      0.63843224E+01
      0.33588883E+00      0.91898325E+00      0.49189195E-05     -0.65428032E-06      0.63798802E+01
      0.33625633E+00      0.91768678E+00      0.48986769E-05     -0.66105480E-06      0.63708797E+01
      0.33662382E+00      0.91573763E+00      0.48786478E-05     -0.66781493E-06      0.63573481E+01
      0.33699131E+00      0.91314107E+00      0.48588750E-05     -0.67455362E-06      0.63393220E+01
      0.33735881E+00      0.90990366E+00      0.48394014E-05     -0.68126387E-06      0.63168468E+01
      0.33772630E+00      0.90603330E+00      0.48202696E-05     -0.68793888E-06      0.62899775E+01
      0.33809379E+00      0.90153916E+00      0.48015219E-05     -0.69457199E-06      0.62587777E+01
      0.33846129E+00      0.89643175E+00      0.47832000E-05     -0.70115673E-06      0.62233204E+01
      0.33882878E+00      0.89072283E+00      0.47653454E-05     -0.70768685E-06      0.61836872E+01
      0.33919627E+00      0.88442539E+00      0.47479988E-05     -0.71415628E-06      0.61399684E+01
      0.33956377E+00      0.87755371E+00      0.47312002E-05     -0.72055923E-06      0.60922629E+01
      0.33993126E+00      0.87012323E+00      0.47149889E-05     -0.72689011E-06      0.60406781E+01
      0.34029875E+00      0.86215059E+00      0.46994032E-05     -0.73314362E-06      0.59853294E+01
      0.34066625E+00      0.85365356E+00      0.46844803E-05     -0.73931472E-06      0.59263403E+01
      0.34103374E+00      0.84465104E+00      0.46702566E-05     -0.74539865E-06      0.58638419E+01
      0.34140123E+00      0.83516299E+00      0.46567672E-05     -0.75139095E-06      0.57979727E+01
      0.34176873E+00      0.82521039E+00      0.46440458E-05     -0.75728744E-06      0.57288786E+01
      0.34213622E+00      0.81481524E+00      0.46321248E-05     -0.76308429E-06      0.56567121E+01
      0.34250371E+00      0.80400046E+00      0.46210353E-05     -0.76877793E-06      0.55816323E+01
      0.34287121E+00      0.79278984E+00      0.46108068E-05     -0.77436517E-06      0.55038046E+01
      0.34323870E+00      0.78120806E+00      0.46014669E-05     -0.77984311E-06      0.54234001E+01
      0.34360619E+00      0.76928054E+00      0.45930419E-05     -0.78520919E-06      0.53405954E+01
      0.34397369E+00      0.75703346E+00      0.45855562E-05     -0.79046120E-06      0.52555722E+01
      0.34434118E+00      0.74449366E+00      0.45790321E-05     -0.79559722E-06      0.51685168E+01
      0.34470867E+00      0.73168859E+00      0.45734904E-05     -0.80061573E-06      0.50796199E+01
      0.34507617E+00      0.71864626E+00      0.45689497E-05     -0.80551548E-06      0.49890758E+01
      0.34544366E+00      0.70539516E+00      0.45654264E-05     -0.81029560E-06      0.48970823E+01
      0.34581115E+00      0.69196419E+00      0.45629350E-05     -0.81495552E-06      0.48038402E+01
      0.34617865E+00      0.67838262E+00      0.45614878E-05     -0.81949501E-06      0.47095525E+01
      0.34654614E+00      0.66468001E+00      0.45610950E-05     -0.82391416E-06      0.46144246E+01
      0.34691363E+00      0.65088613E+00      0.45617642E-05     -0.82821337E-06      0.45186629E+01
      0.34728113E+00      0.63703089E+00      0.45635011E-05     -0.83239333E-06      0.44224754E+01
      0.34764862E+00      0.62314430E+00      0.45663088E-05     -0.83645506E-06      0.43260701E+01
      0.34801611E+00      0.60925635E+00      0.45701883E-05     -0.84039984E-06      0.42296555E+01
      0.34838360E+00      0.59539700E+00      0.45751379E-05     -0.84422924E-06      0.41334394E+01
      0.34875110E+00      0.58159605E+00      0.45811537E-05     -0.84794511E-06      0.40376287E+01
      0.34911859E+00      0.56788310E+00      0.45882295E-05     -0.85154954E-06      0.39424289E+01
      0.34948608E+00      0.55428747E+00      0.45963565E-05     -0.85504486E-06      0.38480437E+01
      0.34985358E+00      0.54083815E+00      0.46055236E-05     -0.85843364E-06      0.37546742E+01
      0.35022107E+00      0.52756370E+00      0.46157173E-05     -0.86171867E-06      0.36625186E+01
      0.35058856E+00      0.51449220E+00      0.46269216E-05     -0.86490293E-06      0.35717720E+01
      0.35095606E+00      0.50165116E+00      0.46391182E-05     -0.86798959E-06      0.34826253E+01
      0.35132355E+00      0.48906749E+00      0.46522867E-05     -0.87098201E-06      0.33952654E+01
      0.35169104E+00      0.47676739E+00      0.46664040E-05     -0.87388367E-06      0.33098741E+01
      0.35205854E+00      0.46477634E+00      0.46814451E-05     -0.87669822E-06      0.32266284E+01
      0.35242603E+00      0.45311899E+00      0.46973825E-05     -0.87942943E-06      0.31456992E+01
      0.35279352E+00      0.44181910E+00      0.47141868E-05     -0.88208117E-06      0.30672517E+01
      0.35316102E+00      0.43089953E+00      0.47318263E-05     -0.88465739E-06      0.29914445E+01
      0.35352851E+00      0.42038212E+00      0.47502675E-05     -0.88716215E-06      0.29184292E+01
      0.35389600E+00      0.41028769E+00      0.47694748E-05     -0.88959952E-06      0.28483504E+01
      0.35426350E+00      0.40063596E+00      0.47894107E-05     -0.89197366E-06      0.27813450E+01
      0.35463099E+00      0.39144549E+00      0.48100361E-05     -0.89428872E-06      0.27175418E+01
      0.35499848E+00      0.38273368E+00      0.48313100E-05     -0.89654887E-06      0.26570615E+01
      0.35536598E+00      0.37451667E+00      0.48531899E-05     -0.89875829E-06      0.26000164E+01
      0.35573347E+00      0.36680933E+00      0.48756320E-05     -0.90092111E-06      0.25465096E+01
      0.35610096E+00      0.35962525E+00      0.48985907E-05     -0.90304145E-06      0.24966353E+01
      0.35646846E+00      0.35297663E+00      0.49220197E-05     -0.90512337E-06      0.24504784E+01
      0.35683595E+00      0.34687432E+00      0.49458711E-05     -0.90717086E-06      0.24081142E+01
      0.35720344E+00      0.34132777E+00      0.49700962E-05     -0.90918785E-06      0.23696083E+01
      0.35757094E+00      0.33634500E+00      0.49946454E-05     -0.91117816E-06      0.23350163E+01
      0.35793843E+00      0.33193259E+00      0.50194685E-05     -0.91314553E-06      0.23043839E+01
      0.35830592E+00      0.32809564E+00      0.50445143E-05     -0.91509359E-06      0.22777465E+01
      0.35867342E+00      0.32483780E+00      0.50697316E-05     -0.91702582E-06      0.22551295E+01
      0.35904091E+00      0.32216122E+00      0.50950686E-05     -0.91894562E-06      0.22365478E+01
      0.35940840E+00      0.32006657E+00      0.51204735E-05     -0.92085620E-06      0.22220061E+01
      0.35977590E+00      0.31855303E+00      0.51458943E-05     -0.92276066E-06      0.22114986E+01
      0.36014339E+00      0.31761829E+00      0.51712794E-05     -0.92466195E-06      0.22050094E+01
      0.36051088E+00      0.31725858E+00      0.51965772E-05     -0.92656284E-06      0.22025121E+01
      0.36087838E+00      0.31746864E+00      0.52217368E-05     -0.92846597E-06      0.22039704E+01
      0.36124587E+00      0.31824177E+00      0.52467077E-05     -0.93037378E-06      0.22093377E+01
      0.36161336E+00      0.31956981E+00      0.52714403E-05     -0.93228860E-06      0.22185574E+01
      0.36198086E+00      0.32144323E+00      0.52958861E-05     -0.93421253E-06      0.22315633E+01
      0.36234835E+00      0.32385107E+00      0.53199972E-05     -0.93614756E-06      0.22482794E+01
      0.36271584E+00      0.32678105E+00      0.53437273E-05     -0.93809548E-06      0.22686202E+01
      0.36308333E+00      0.33021954E+00      0.53670315E-05     -0.94005793E-06      0.22924913E+01
      0.36345083E+00      0.33415163E+00      0.53898662E-05     -0.94203640E-06      0.23197892E+01
      0.36381832E+00      0.33856117E+00      0.54121897E-05     -0.94403220E-06      0.23504016E+01
      0.36418581E+00      0.34343079E+00      0.54339621E-05     -0.94604651E-06      0.23842081E+01
      0.36455331E+00      0.34874200E+00      0.54551454E-05     -0.94808037E-06      0.24210802E+01
      0.36492080E+00      0.35447516E+00      0.54757038E-05     -0.95013466E-06      0.24608817E+01
      0.36528829E+00      0.36060962E+00      0.54956037E-05     -0.95221014E-06      0.25034691E+01
      0.36565579E+00      0.36712370E+00      0.55148139E-05     -0.95430746E-06      0.25486920E+01
      0.36602328E+00      0.37399481E+00      0.55333056E-05     -0.95642714E-06      0.25963935E+01
      0.36639077E+00      0.38119947E+00      0.55510529E-05     -0.95856961E-06      0.26464106E+01
      0.36675827E+00      0.38871341E+00      0.55680323E-05     -0.96073519E-06      0.26985748E+01
      0.36712576E+00      0.39651159E+00      0.55842234E-05     -0.96292414E-06      0.27527123E+01
      0.36749325E+00      0.40456832E+00      0.55996086E-05     -0.96513664E-06      0.28086447E+01
      0.36786075E+00      0.41285730E+00      0.56141734E-05     -0.96737281E-06      0.28661895E+01
      0.36822824E+00      0.42135168E+00      0.56279063E-05     -0.96963272E-06      0.29251602E+01
      0.36859573E+00      0.43002419E+00      0.56407991E-05     -0.97191642E-06      0.29853676E+01
      0.36896323E+00      0.43884715E+00      0.56528467E-05     -0.97422392E-06      0.30466195E+01
      0.36933072E+00      0.44779259E+00      0.56640475E-05     -0.97655525E-06      0.31087216E+01
      0.36969821E+00      0.45683232E+00      0.56744031E-05     -0.97891041E-06      0.31714784E+01
      0.37006571E+00      0.46593800E+00      0.56839185E-05     -0.98128945E-06      0.32346929E+01
      0.37043320E+00      0.47508121E+00      0.56926021E-05     -0.98369243E-06      0.32981681E+01
      0.37080069E+00      0.48423357E+00      0.57004658E-05     -0.98611946E-06      0.33617067E+01
      0.37116819E+00      0.49336676E+00      0.57075250E-05     -0.98857071E-06      0.34251123E+01
      0.37153568E+00      0.50245268E+00      0.57137982E-05     -0.99104641E-06      0.34881897E+01
      0.37190317E+00      0.51146344E+00      0.57193077E-05     -0.99354688E-06      0.35507453E+01
      0.37227067E+00      0.52037150E+00      0.57240789E-05     -0.99607251E-06      0.36125880E+01
      0.37263816E+00      0.52914974E+00      0.57281408E-05     -0.99862381E-06      0.36735294E+01
      0.37300565E+00      0.53777153E+00      0.57315254E-05     -0.10012014E-05      0.37333847E+01
      0.37337315E+00      0.54621080E+00      0.57342683E-05     -0.10038060E-05      0.37919728E+01
      0.37374064E+00      0.55444212E+00      0.57364079E-05     -0.10064385E-05      0.38491173E+01
      0.37410813E+00      0.56244079E+00      0.57379860E-05     -0.10090998E-05      0.39046467E+01
      0.37447563E+00      0.57018289E+00      0.57390472E-05     -0.10117912E-05      0.39583949E+01
      0.37484312E+00      0.57764536E+00      0.57396391E-05     -0.10145139E-05      0.40102017E+01
      0.37521061E+00      0.58480608E+00      0.57398121E-05     -0.10172693E-05      0.40599138E+01
      0.37557811E+00      0.59164390E+00      0.57396191E-05     -0.10200590E-05      0.41073842E+01
      0.37594560E+00      0.59813877E+00      0.57391158E-05     -0.10228849E-05      0.41524736E+01
      0.37631309E+00      0.60427171E+00      0.57383601E-05     -0.10257487E-05      0.41950505E+01
      0.37668059E+00      0.61002496E+00      0.57374121E-05     -0.10286526E-05      0.42349914E+01
      0.37704808E+00      0.61538196E+00      0.57363341E-05     -0.10315988E-05      0.42721814E+01
      0.37741557E+00      0.62032745E+00      0.57351904E-05     -0.10345896E-05      0.43065147E+01
      0.37778307E+00      0.62484750E+00      0.57340466E-05     -0.10376277E-05      0.43378943E+01
      0.37815056E+00      0.62892957E+00      0.57329704E-05     -0.10407156E-05      0.43662334E+01
      0.37851805E+00      0.63256252E+00      0.57320304E-05     -0.10438563E-05      0.43914545E+01
      0.37888554E+00      0.63573667E+00      0.57312966E-05     -0.10470526E-05      0.44134905E+01
      0.37925304E+00      0.63844383E+00      0.57308398E-05     -0.10503076E-05      0.44322845E+01
      0.37962053E+00      0.64067735E+00      0.57307317E-05     -0.10536245E-05      0.44477903E+01
      0.37998802E+00      0.64243211E+00      0.57310442E-05     -0.10570066E-05      0.44599724E+01
      0.38035552E+00      0.64370454E+00      0.57318498E-05     -0.10604572E-05      0.44688060E+01
      0.38072301E+00      0.64449270E+00      0.57332209E-05     -0.10639799E-05      0.44742777E+01
      0.38109050E+00      0.64479620E+00      0.57352297E-05     -0.10675780E-05      0.44763846E+01
      0.38145800E+00      0.64461628E+00      0.57379482E-05     -0.10712552E-05      0.44751356E+01
      0.38182549E+00      0.64395581E+00      0.57414474E-05     -0.10750150E-05      0.44705504E+01
      0.38219298E+00      0.64281923E+00      0.57457977E-05     -0.10788609E-05      0.44626599E+01
      0.38256048E+00      0.64121262E+00      0.57510683E-05     -0.10827965E-05      0.44515063E+01
      0.38292797E+00      0.63914364E+00      0.57573271E-05     -0.10868254E-05      0.44371428E+01
      0.38329546E+00      0.63662154E+00      0.57646402E-05     -0.10909510E-05      0.44196335E+01
      0.38366296E+00      0.63365713E+00      0.57730720E-05     -0.10951766E-05      0.43990536E+01
      0.38403045E+00      0.63026278E+00      0.57826849E-05     -0.10995056E-05      0.43754890E+01
      0.38439794E+00      0.62645236E+00      0.57935390E-05     -0.11039411E-05      0.43490358E+01
      0.38476544E+00      0.62224124E+00      0.58056917E-05     -0.11084861E-05      0.43198008E+01
      0.38513293E+00      0.61764623E+00      0.58191977E-05     -0.11131435E-05      0.42879008E+01
      0.38550042E+00      0.61268556E+00      0.58341090E-05     -0.11179157E-05      0.42534622E+01
      0.38586792E+00      0.60737882E+00      0.58504740E-05     -0.11228054E-05      0.42166211E+01
      0.38623541E+00      0.60174694E+00      0.58683380E-05     -0.11278145E-05      0.41775227E+01
      0.38660290E+00      0.59581210E+00      0.58877426E-05     -0.11329450E-05      0.41363212E+01
      0.38697040E+00      0.58959771E+00      0.59087257E-05     -0.11381985E-05      0.40931789E+01
      0.38733789E+00      0.58312834E+00      0.59313212E-05     -0.11435762E-05      0.40482664E+01
      0.38770538E+00      0.57642964E+00      0.59555587E-05     -0.11490790E-05      0.40017618E+01
      0.38807288E+00      0.56952830E+00      0.59814639E-05     -0.11547075E-05      0.39538505E+01
      0.38844037E+00      0.56245198E+00      0.60090577E-05     -0.11604617E-05      0.39047244E+01
      0.38880786E+00      0.55522923E+00      0.60383564E-05     -0.11663414E-05      0.38545817E+01
      0.38917536E+00      0.54788940E+00      0.60693719E-05     -0.11723458E-05      0.38036262E+01
      0.38954285E+00      0.54046261E+00      0.61021109E-05     -0.11784739E-05      0.37520670E+01
      0.38991034E+00      0.53297962E+00      0.61365753E-05     -0.11847238E-05      0.37001177E+01
      0.39027784E+00      0.52547178E+00      0.61727620E-05     -0.11910934E-05      0.36479958E+01
      0.39064533E+00      0.51797095E+00      0.62106627E-05     -0.11975800E-05      0.35959226E+01
      0.39101282E+00      0.51050940E+00      0.62502640E-05     -0.12041804E-05      0.35441221E+01
      0.39138032E+00      0.50311971E+00      0.62915472E-05     -0.12108908E-05      0.34928205E+01
      0.39174781E+00      0.49583473E+00      0.63344882E-05     -0.12177067E-05      0.34422457E+01
      0.39211530E+00      0.48868744E+00      0.63790577E-05     -0.12246234E-05      0.33926270E+01
      0.39248280E+00      0.48171091E+00      0.64252213E-05     -0.12316353E-05      0.33441936E+01
      0.39285029E+00      0.47493817E+00      0.64729389E-05     -0.12387362E-05      0.32971751E+01
      0.39321778E+00      0.46840214E+00      0.65221653E-05     -0.12459195E-05      0.32517998E+01
      0.39358528E+00      0.46213552E+00      0.65728502E-05     -0.12531778E-05      0.32082949E+01
      0.39395277E+00      0.45617074E+00      0.66249379E-05     -0.12605032E-05      0.31668854E+01
      0.39432026E+00      0.45053983E+00      0.66783675E-05     -0.12678871E-05      0.31277939E+01
      0.39468775E+00      0.44527436E+00      0.67330734E-05     -0.12753204E-05      0.30912393E+01
      0.39505525E+00      0.44040534E+00      0.67889847E-05     -0.12827934E-05      0.30574369E+01
      0.39542274E+00      0.43596312E+00      0.68460258E-05     -0.12902956E-05      0.30265976E+01
      0.39579023E+00      0.43197734E+00      0.69041164E-05     -0.12978162E-05      0.29989270E+01
      0.39615773E+00      0.42847680E+00      0.69631715E-05     -0.13053435E-05      0.29746251E+01
      0.39652522E+00      0.42548943E+00      0.70231020E-05     -0.13128656E-05      0.29538858E+01
      0.39689271E+00      0.42304217E+00      0.70838142E-05     -0.13203697E-05      0.29368962E+01
      0.39726021E+00      0.42116091E+00      0.71452105E-05     -0.13278427E-05      0.29238358E+01
      0.39762770E+00      0.41987041E+00      0.72071895E-05     -0.13352708E-05      0.29148768E+01
      0.39799519E+00      0.41919425E+00      0.72696459E-05     -0.13426400E-05      0.29101826E+01
      0.39836269E+00      0.41915472E+00      0.73324711E-05     -0.13499355E-05      0.29099082E+01
      0.39873018E+00      0.41977278E+00      0.73955535E-05     -0.13571422E-05      0.29141990E+01
      0.39909767E+00      0.42106801E+00      0.74587781E-05     -0.13642446E-05      0.29231909E+01
      0.39946517E+00      0.42305853E+00      0.75220275E-05     -0.13712268E-05      0.29370097E+01
      0.39983266E+00      0.42576093E+00      0.75851818E-05     -0.13780725E-05      0.29557707E+01
      0.40020015E+00      0.42919027E+00      0.76481188E-05     -0.13847653E-05      0.29795783E+01
      0.40056765E+00      0.43335998E+00      0.77107145E-05     -0.13912881E-05      0.30085257E+01
      0.40093514E+00      0.43828185E+00      0.77728433E-05     -0.13976240E-05      0.30426950E+01
      0.40130263E+00      0.44396597E+00      0.78343781E-05     -0.14037556E-05      0.30821560E+01
      0.40167013E+00      0.45042072E+00      0.78951909E-05     -0.14096654E-05      0.31269670E+01
      0.40203762E+00      0.45765272E+00      0.79551531E-05     -0.14153359E-05      0.31771738E+01
      0.40240511E+00      0.46566678E+00      0.80141355E-05     -0.14207495E-05      0.32328101E+01
      0.40277261E+00      0.47446595E+00      0.80720089E-05     -0.14258884E-05      0.32938968E+01
      0.40314010E+00      0.48405144E+00      0.81286442E-05     -0.14307350E-05      0.33604424E+01
      0.40350759E+00      0.49442264E+00      0.81839129E-05     -0.14352717E-05      0.34324426E+01
      0.40387509E+00      0.50557708E+00      0.82376874E-05     -0.14394809E-05      0.35098803E+01
      0.40424258E+00      0.51751046E+00      0.82898412E-05     -0.14433455E-05      0.35927258E+01
      0.40461007E+00      0.53021667E+00      0.83402493E-05     -0.14468482E-05      0.36809364E+01
      0.40497757E+00      0.54368773E+00      0.83887884E-05     -0.14499722E-05      0.37744569E+01
      0.40534506E+00      0.55791387E+00      0.84353374E-05     -0.14527011E-05      0.38732193E+01
      0.40571255E+00      0.57288350E+00      0.84797775E-05     -0.14550185E-05      0.39771434E+01
      0.40608005E+00      0.58858326E+00      0.85219929E-05     -0.14569088E-05      0.40861362E+01
      0.40644754E+00      0.60499803E+00      0.85618703E-05     -0.14583567E-05      0.42000929E+01
      0.40681503E+00      0.62211097E+00      0.85993003E-05     -0.14593475E-05      0.43188965E+01
      0.40718253E+00      0.63990356E+00      0.86341765E-05     -0.14598668E-05      0.44424184E+01
      0.40755002E+00      0.65835560E+00      0.86663967E-05     -0.14599011E-05      0.45705185E+01
      0.40791751E+00      0.67744532E+00      0.86958629E-05     -0.14594376E-05      0.47030455E+01
      0.40828501E+00      0.69714938E+00      0.87224811E-05     -0.14584638E-05      0.48398374E+01
      0.40865250E+00      0.71744290E+00      0.87461622E-05     -0.14569685E-05      0.49807217E+01
      0.40901999E+00      0.73829961E+00      0.87668220E-05     -0.14549408E-05      0.51255157E+01
      0.40938748E+00      0.75969178E+00      0.87843812E-05     -0.14523711E-05      0.52740271E+01
      0.40975498E+00      0.78159040E+00      0.87987659E-05     -0.14492502E-05      0.54260545E+01
      0.41012247E+00      0.80396517E+00      0.88099077E-05     -0.14455702E-05      0.55813874E+01
      0.41048996E+00      0.82678460E+00      0.88177440E-05     -0.14413240E-05      0.57398073E+01
      0.41085746E+00      0.85001607E+00      0.88222177E-05     -0.14365055E-05      0.59010877E+01
      0.41122495E+00      0.87362591E+00      0.88232782E-05     -0.14311097E-05      0.60649949E+01
      0.41159244E+00      0.89757949E+00      0.88208806E-05     -0.14251325E-05      0.62312884E+01
      0.41195994E+00      0.92184126E+00      0.88149866E-05     -0.14185710E-05      0.63997215E+01
      0.41232743E+00      0.94637489E+00      0.88055642E-05     -0.14114234E-05      0.65700419E+01
      0.41269492E+00      0.97114328E+00      0.87925878E-05     -0.14036890E-05      0.67419922E+01
      0.41306242E+00      0.99610873E+00      0.87760386E-05     -0.13953683E-05      0.69153104E+01
      0.41342991E+00      0.10212329E+01      0.87559043E-05     -0.13864629E-05      0.70897307E+01
      0.41379740E+00      0.10464771E+01      0.87321792E-05     -0.13769757E-05      0.72649842E+01
      0.41416490E+00      0.10718022E+01      0.87048645E-05     -0.13669105E-05      0.74407991E+01
      0.41453239E+00      0.10971687E+01      0.86739680E-05     -0.13562728E-05      0.76169016E+01
      0.41489988E+00      0.11225370E+01      0.86395044E-05     -0.13450688E-05      0.77930164E+01
      0.41526738E+00      0.11478673E+01      0.86014949E-05     -0.13333063E-05      0.79688676E+01
      0.41563487E+00      0.11731198E+01      0.85599676E-05     -0.13209940E-05      0.81441789E+01
      0.41600236E+00      0.11982548E+01      0.85149571E-05     -0.13081419E-05      0.83186744E+01
      0.41636986E+00      0.12232328E+01      0.84665046E-05     -0.12947614E-05      0.84920794E+01
      0.41673735E+00      0.12480143E+01      0.84146577E-05     -0.12808648E-05      0.86641207E+01
      0.41710484E+00      0.12725603E+01      0.83594706E-05     -0.12664656E-05      0.88345273E+01
      0.41747234E+00      0.12968323E+01      0.83010036E-05     -0.12515787E-05      0.90030311E+01
      0.41783983E+00      0.13207920E+01      0.82393231E-05     -0.12362199E-05      0.91693674E+01
      0.41820732E+00      0.13444020E+01      0.81745018E-05     -0.12204062E-05      0.93332755E+01
      0.41857482E+00      0.13676253E+01      0.81066178E-05     -0.12041555E-05      0.94944990E+01
      0.41894231E+00      0.13904257E+01      0.80357554E-05     -0.11874870E-05      0.96527867E+01
      0.41930980E+00      0.14127678E+01      0.79620039E-05     -0.11704208E-05      0.98078930E+01
      0.41967730E+00      0.14346172E+01      0.78854582E-05     -0.11529780E-05      0.99595784E+01
      0.42004479E+00      0.14559402E+01      0.78062183E-05     -0.11351806E-05      0.10107610E+02
      0.42041228E+00      0.14767044E+01      0.77243889E-05     -0.11170514E-05      0.10251761E+02
      0.42077978E+00      0.14968782E+01      0.76400796E-05     -0.10986144E-05      0.10391814E+02
      0.42114727E+00      0.15164313E+01      0.75534042E-05     -0.10798940E-05      0.10527559E+02
      0.42151476E+00      0.15353345E+01      0.74644807E-05     -0.10609155E-05      0.10658791E+02
      0.42188226E+00      0.15535601E+01      0.73734312E-05     -0.10417052E-05      0.10785319E+02
      0.42224975E+00      0.15710813E+01      0.72803812E-05     -0.10222896E-05      0.10906956E+02
      0.42261724E+00      0.15878729E+01      0.71854599E-05     -0.10026960E-05      0.11023529E+02
      0.42298474E+00      0.16039110E+01      0.70887994E-05     -0.98295227E-06      0.11134871E+02
      0.42335223E+00      0.16191732E+01      0.69905346E-05     -0.96308676E-06      0.11240826E+02
      0.42371972E+00      0.16336385E+01      0.68908031E-05     -0.94312819E-06      0.11341249E+02
      0.42408722E+00      0.16472874E+01      0.67897447E-05     -0.92310566E-06      0.11436004E+02
      0.42445471E+00      0.16601020E+01      0.66875013E-05     -0.90304859E-06      0.11524967E+02
      0.42482220E+00      0.16720658E+01      0.65842163E-05     -0.88298661E-06      0.11608024E+02
      0.42518969E+00      0.16831638E+01      0.64800347E-05     -0.86294954E-06      0.11685070E+02
      0.42555719E+00      0.16933830E+01      0.63751026E-05     -0.84296730E-06      0.11756015E+02
      0.42592468E+00      0.17027114E+01      0.62695666E-05     -0.82306985E-06      0.11820776E+02
      0.42629217E+00      0.17111391E+01      0.61635744E-05     -0.80328714E-06      0.11879283E+02
      0.42665967E+00      0.17186574E+01      0.60572735E-05     -0.78364901E-06      0.11931478E+02
      0.42702716E+00      0.17252595E+01      0.59508115E-05     -0.76418518E-06      0.11977312E+02
      0.42739465E+00      0.17309400E+01      0.58443358E-05     -0.74492512E-06      0.12016748E+02
      0.42776215E+00      0.17356952E+01      0.57379931E-05     -0.72589803E-06      0.12049760E+02
      0.42812964E+00      0.17395229E+01      0.56319294E-05     -0.70713278E-06      0.12076333E+02
      0.42849713E+00      0.17424224E+01      0.55262893E-05     -0.68865782E-06      0.12096462E+02
      0.42886463E+00      0.17443947E+01      0.54212163E-05     -0.67050113E-06      0.12110154E+02
      0.42923212E+00      0.17454421E+01      0.53168522E-05     -0.65269017E-06      0.12117426E+02
      0.42959961E+00      0.17455687E+01      0.52133370E-05     -0.63525181E-06      0.12118305E+02
      0.42996711E+00      0.17447796E+01      0.51108085E-05     -0.61821227E-06      0.12112827E+02
      0.43033460E+00      0.17430818E+01      0.50094023E-05     -0.60159709E-06      0.12101040E+02
      0.43070209E+00      0.17404834E+01      0.49092512E-05     -0.58543105E-06      0.12083001E+02
      0.43106959E+00      0.17369939E+01      0.48104858E-05     -0.56973812E-06      0.12058776E+02
      0.43143708E+00      0.17326242E+01      0.47132332E-05     -0.55454141E-06      0.12028440E+02
      0.43180457E+00      0.17273864E+01      0.46176177E-05     -0.53986317E-06      0.11992078E+02
      0.43217207E+00      0.17212938E+01      0.45237604E-05     -0.52572466E-06      0.11949781E+02
      0.43253956E+00      0.17143610E+01      0.44317786E-05     -0.51214620E-06      0.11901651E+02
      0.43290705E+00      0.17066035E+01      0.43417863E-05     -0.49914704E-06      0.11847796E+02
      0.43327455E+00      0.16980382E+01      0.42538937E-05     -0.48674542E-06      0.11788333E+02
      0.43364204E+00      0.16886829E+01      0.41682071E-05     -0.47495846E-06      0.11723385E+02
      0.43400953E+00      0.16785563E+01      0.40848287E-05     -0.46380215E-06      0.11653083E+02
      0.43437703E+00      0.16676780E+01      0.40038568E-05     -0.45329134E-06      0.11577562E+02
      0.43474452E+00      0.16560687E+01      0.39253855E-05     -0.44343972E-06      0.11496967E+02
      0.43511201E+00      0.16437497E+01      0.38495045E-05     -0.43425975E-06      0.11411445E+02
      0.43547951E+00      0.16307433E+01      0.37762993E-05     -0.42576271E-06      0.11321150E+02
      0.43584700E+00      0.16170722E+01      0.37058508E-05     -0.41795863E-06      0.11226241E+02
      0.43621449E+00      0.16027601E+01      0.36382358E-05     -0.41085631E-06      0.11126881E+02
      0.43658199E+00      0.15878310E+01      0.35735263E-05     -0.40446328E-06      0.11023239E+02
      0.43694948E+00      0.15723097E+01      0.35117900E-05     -0.39878585E-06      0.10915485E+02
      0.43731697E+00      0.15562214E+01      0.34530899E-05     -0.39382903E-06      0.10803794E+02
      0.43768447E+00      0.15395916E+01      0.33974847E-05     -0.38959660E-06      0.10688345E+02
      0.43805196E+00      0.15224464E+01      0.33450283E-05     -0.38609109E-06      0.10569318E+02
      0.43841945E+00      0.15048123E+01      0.32957704E-05     -0.38331378E-06      0.10446896E+02
      0.43878695E+00      0.14867158E+01      0.32497559E-05     -0.38126469E-06      0.10321264E+02
      0.43915444E+00      0.14681839E+01      0.32070256E-05     -0.37994264E-06      0.10192610E+02
      0.43952193E+00      0.14492438E+01      0.31676156E-05     -0.37934525E-06      0.10061121E+02
      0.43988943E+00      0.14299226E+01      0.31315577E-05     -0.37946893E-06      0.99269874E+01
      0.44025692E+00      0.14102478E+01      0.30988795E-05     -0.38030894E-06      0.97903986E+01
      0.44062441E+00      0.13902469E+01      0.30696044E-05     -0.38185937E-06      0.96515456E+01
      0.44099190E+00      0.13699473E+01      0.30437513E-05     -0.38411322E-06      0.95106191E+01
      0.44135940E+00      0.13493765E+01      0.30213353E-05     -0.38706238E-06      0.93678099E+01
      0.44172689E+00      0.13285619E+01      0.30023674E-05     -0.39069770E-06      0.92233086E+01
      0.44209438E+00      0.13075310E+01      0.29868546E-05     -0.39500899E-06      0.90773051E+01
      0.44246188E+00      0.12863110E+01      0.29748001E-05     -0.39998507E-06      0.89299887E+01
      0.44282937E+00      0.12649289E+01      0.29662034E-05     -0.40561381E-06      0.87815477E+01
      0.44319686E+00      0.12434119E+01      0.29610602E-05     -0.41188216E-06      0.86321692E+01
      0.44356436E+00      0.12217866E+01      0.29593627E-05     -0.41877620E-06      0.84820392E+01
      0.44393185E+00      0.12000796E+01      0.29610995E-05     -0.42628116E-06      0.83313421E+01
      0.44429934E+00      0.11783172E+01      0.29662562E-05     -0.43438150E-06      0.81802607E+01
      0.44466684E+00      0.11565256E+01      0.29748146E-05     -0.44306092E-06      0.80289761E+01
      0.44503433E+00      0.11347305E+01      0.29867536E-05     -0.45230241E-06      0.78776677E+01
      0.44540182E+00      0.11129575E+01      0.30020492E-05     -0.46208831E-06      0.77265128E+01
      0.44576932E+00      0.10912320E+01      0.30206740E-05     -0.47240034E-06      0.75756867E+01
      0.44613681E+00      0.10695787E+01      0.30425980E-05     -0.48321966E-06      0.74253629E+01
      0.44650430E+00      0.10480225E+01      0.30677884E-05     -0.49452692E-06      0.72757125E+01
      0.44687180E+00      0.10265876E+01      0.30962096E-05     -0.50630227E-06      0.71269045E+01
      0.44723929E+00      0.10052981E+01      0.31278234E-05     -0.51852546E-06      0.69791059E+01
      0.44760678E+00      0.98417769E+00      0.31625893E-05     -0.53117585E-06      0.68324812E+01
      0.44797428E+00      0.96324981E+00      0.32004640E-05     -0.54423246E-06      0.66871931E+01
      0.44834177E+00      0.94253752E+00      0.32414021E-05     -0.55767405E-06      0.65434016E+01
      0.44870926E+00      0.92206361E+00      0.32853558E-05     -0.57147911E-06      0.64012651E+01
      0.44907676E+00      0.90185053E+00      0.33322753E-05     -0.58562594E-06      0.62609394E+01
      0.44944425E+00      0.88192046E+00      0.33821083E-05     -0.60009269E-06      0.61225783E+01
      0.44981174E+00      0.86229524E+00      0.34348007E-05     -0.61485742E-06      0.59863337E+01
      0.45017924E+00      0.84299645E+00      0.34902964E-05     -0.62989808E-06      0.58523552E+01
      0.45054673E+00      0.82404537E+00      0.35485371E-05     -0.64519263E-06      0.57207907E+01
      0.45091422E+00      0.80546300E+00      0.36094628E-05     -0.66071902E-06      0.55917858E+01
      0.45128172E+00      0.78727008E+00      0.36730115E-05     -0.67645526E-06      0.54654846E+01
      0.45164921E+00      0.76948708E+00      0.37391194E-05     -0.69237943E-06      0.53420292E+01
      0.45201670E+00      0.75213420E+00      0.38077209E-05     -0.70846974E-06      0.52215600E+01
      0.45238420E+00      0.73523144E+00      0.38787486E-05     -0.72470456E-06      0.51042155E+01
      0.45275169E+00      0.71879850E+00      0.39521333E-05     -0.74106243E-06      0.49901327E+01
      0.45311918E+00      0.70285491E+00      0.40278042E-05     -0.75752211E-06      0.48794471E+01
      0.45348668E+00      0.68741994E+00      0.41056886E-05     -0.77406259E-06      0.47722925E+01
      0.45385417E+00      0.67251264E+00      0.41857123E-05     -0.79066316E-06      0.46688012E+01
      0.45422166E+00      0.65815187E+00      0.42677991E-05     -0.80730335E-06      0.45691041E+01
      0.45458916E+00      0.64435626E+00      0.43518714E-05     -0.82396304E-06      0.44733305E+01
      0.45495665E+00      0.63114426E+00      0.44378498E-05     -0.84062242E-06      0.43816085E+01
      0.45532414E+00      0.61853410E+00      0.45256530E-05     -0.85726205E-06      0.42940647E+01
      0.45569163E+00      0.60654381E+00      0.46151982E-05     -0.87386283E-06      0.42108242E+01
      0.45605913E+00      0.59519122E+00      0.47064008E-05     -0.89040605E-06      0.41320108E+01
      0.45642662E+00      0.58449396E+00      0.47991744E-05     -0.90687341E-06      0.40577469E+01
      0.45679411E+00      0.57446943E+00      0.48934310E-05     -0.92324697E-06      0.39881534E+01
      0.45716161E+00      0.56513485E+00      0.49890807E-05     -0.93950924E-06      0.39233497E+01
      0.45752910E+00      0.55650719E+00      0.50860318E-05     -0.95564312E-06      0.38634537E+01
      0.45789659E+00      0.54860319E+00      0.51841910E-05     -0.97163193E-06      0.38085816E+01
      0.45826409E+00      0.54143937E+00      0.52834629E-05     -0.98745943E-06      0.37588480E+01
      0.45863158E+00      0.53503197E+00      0.53837505E-05     -0.10031098E-05      0.37143658E+01
      0.45899907E+00      0.52939697E+00      0.54849550E-05     -0.10185676E-05      0.36752457E+01
      0.45936657E+00      0.52455005E+00      0.55869755E-05     -0.10338178E-05      0.36415968E+01
      0.45973406E+00      0.52050658E+00      0.56897096E-05     -0.10488460E-05      0.36135258E+01
      0.46010155E+00      0.51728163E+00      0.57930527E-05     -0.10636379E-05      0.35911371E+01
      0.46046905E+00      0.51488986E+00      0.58968986E-05     -0.10781798E-05      0.35745327E+01
      0.46083654E+00      0.51334561E+00      0.60011392E-05     -0.10924584E-05      0.35638120E+01
      0.46120403E+00      0.51266276E+00      0.61056643E-05     -0.11064606E-05      0.35590714E+01
      0.46157153E+00      0.51285478E+00      0.62103624E-05     -0.11201740E-05      0.35604045E+01
      0.46193902E+00      0.51393467E+00      0.63151197E-05     -0.11335863E-05      0.35679015E+01
      0.46230651E+00      0.51591493E+00      0.64198208E-05     -0.11466856E-05      0.35816490E+01
      0.46267401E+00      0.51880749E+00      0.65243487E-05     -0.11594605E-05      0.36017301E+01
      0.46304150E+00      0.52262374E+00      0.66285843E-05     -0.11718998E-05      0.36282238E+01
      0.46340899E+00      0.52737445E+00      0.67324073E-05     -0.11839927E-05      0.36612048E+01
      0.46377649E+00      0.53306973E+00      0.68356955E-05     -0.11957286E-05      0.37007432E+01
      0.46414398E+00      0.53971899E+00      0.69383251E-05     -0.12070974E-05      0.37469046E+01
      0.46451147E+00      0.54733092E+00      0.70401710E-05     -0.12180890E-05      0.37997490E+01
      0.46487897E+00      0.55591341E+00      0.71411066E-05     -0.12286939E-05      0.38593315E+01
      0.46524646E+00      0.56547354E+00      0.72410040E-05     -0.12389026E-05      0.39257010E+01
      0.46561395E+00      0.57601752E+00      0.73397341E-05     -0.12487060E-05      0.39989007E+01
      0.46598145E+00      0.58755064E+00      0.74371665E-05     -0.12580951E-05      0.40789674E+01
      0.46634894E+00      0.60007723E+00      0.75331701E-05     -0.12670613E-05      0.41659311E+01
      0.46671643E+00      0.61360063E+00      0.76276126E-05     -0.12755961E-05      0.42598149E+01
      0.46708393E+00      0.62812311E+00      0.77203613E-05     -0.12836912E-05      0.43606346E+01
      0.46745142E+00      0.64364584E+00      0.78112825E-05     -0.12913385E-05      0.44683985E+01
      0.46781891E+00      0.66016887E+00      0.79002423E-05     -0.12985301E-05      0.45831067E+01
      0.46818641E+00      0.67769104E+00      0.79871065E-05     -0.13052583E-05      0.47047513E+01
      0.46855390E+00      0.69620998E+00      0.80717407E-05     -0.13115156E-05      0.48333158E+01
      0.46892139E+00      0.71572203E+00      0.81540104E-05     -0.13172946E-05      0.49687748E+01
      0.46928889E+00      0.73622223E+00      0.82337817E-05     -0.13225880E-05      0.51110939E+01
      0.46965638E+00      0.75770426E+00      0.83109208E-05     -0.13273888E-05      0.52602291E+01
      0.47002387E+00      0.78016040E+00      0.83852947E-05     -0.13316900E-05      0.54161269E+01
      0.47039137E+00      0.80358153E+00      0.84567713E-05     -0.13354850E-05      0.55787240E+01
      0.47075886E+00      0.82795703E+00      0.85252194E-05     -0.13387670E-05      0.57479466E+01
      0.47112635E+00      0.85327481E+00      0.85905092E-05     -0.13415297E-05      0.59237109E+01
      0.47149384E+00      0.87952126E+00      0.86525123E-05     -0.13437668E-05      0.61059223E+01
      0.47186134E+00      0.90668122E+00      0.87111023E-05     -0.13454720E-05      0.62944755E+01
      0.47222883E+00      0.93473793E+00      0.87661547E-05     -0.13466396E-05      0.64892544E+01
      0.47259632E+00      0.96367308E+00      0.88175472E-05     -0.13472636E-05      0.66901316E+01
      0.47296382E+00      0.99346672E+00      0.88651600E-05     -0.13473384E-05      0.68969687E+01
      0.47333131E+00      0.10240973E+01      0.89088761E-05     -0.13468588E-05      0.71096161E+01
      0.47369880E+00      0.10555416E+01      0.89485816E-05     -0.13458194E-05      0.73279126E+01
      0.47406630E+00      0.10877748E+01      0.89841659E-05     -0.13442152E-05      0.75516859E+01
      0.47443379E+00      0.11207704E+01      0.90155217E-05     -0.13420415E-05      0.77807520E+01
      0.47480128E+00      0.11545003E+01      0.90425459E-05     -0.13392938E-05      0.80149158E+01
      0.47516878E+00      0.11889347E+01      0.90651391E-05     -0.13359679E-05      0.82539707E+01
      0.47553627E+00      0.12240422E+01      0.90832065E-05     -0.13320596E-05      0.84976987E+01
      0.47590376E+00      0.12597899E+01      0.90966578E-05     -0.13275654E-05      0.87458709E+01
      0.47627126E+00      0.12961432E+01      0.91054077E-05     -0.13224819E-05      0.89982471E+01
      0.47663875E+00      0.13330659E+01      0.91093757E-05     -0.13168060E-05      0.92545762E+01
      0.47700624E+00      0.13705202E+01      0.91084869E-05     -0.13105350E-05      0.95145966E+01
      0.47737374E+00      0.14084671E+01      0.91026721E-05     -0.13036666E-05      0.97780361E+01
      0.47774123E+00      0.14468658E+01      0.90918677E-05     -0.12961988E-05      0.10044612E+02
      0.47810872E+00      0.14856741E+01      0.90760164E-05     -0.12881302E-05      0.10314032E+02
      0.47847622E+00      0.15248487E+01      0.90550670E-05     -0.12794596E-05      0.10585995E+02
      0.47884371E+00      0.15643445E+01      0.90289749E-05     -0.12701865E-05      0.10860188E+02
      0.47921120E+00      0.16041157E+01      0.89977024E-05     -0.12603106E-05      0.11136292E+02
      0.47957870E+00      0.16441147E+01      0.89612185E-05     -0.12498324E-05      0.11413978E+02
      0.47994619E+00      0.16842930E+01      0.89194994E-05     -0.12387526E-05      0.11692909E+02
      0.48031368E+00      0.17246012E+01      0.88725285E-05     -0.12270728E-05      0.11972741E+02
      0.48068118E+00      0.17649884E+01      0.88202969E-05     -0.12147949E-05      0.12253123E+02
      0.48104867E+00      0.18054033E+01      0.87628030E-05     -0.12019215E-05      0.12533696E+02
      0.48141616E+00      0.18457934E+01      0.87000530E-05     -0.11884558E-05      0.12814097E+02
      0.48178366E+00      0.18861054E+01      0.86320611E-05     -0.11744016E-05      0.13093956E+02
      0.48215115E+00      0.19262855E+01      0.85588493E-05     -0.11597634E-05      0.13372900E+02
      0.48251864E+00      0.19662791E+01      0.84804476E-05     -0.11445463E-05      0.13650548E+02
      0.48288614E+00      0.20060313E+01      0.83968944E-05     -0.11287561E-05      0.13926521E+02
      0.48325363E+00      0.20454866E+01      0.83082358E-05     -0.11123993E-05      0.14200432E+02
      0.48362112E+00      0.20845892E+01      0.82145266E-05     -0.10954831E-05      0.14471895E+02
      0.48398862E+00      0.21232832E+01      0.81158295E-05     -0.10780156E-05      0.14740522E+02
      0.48435611E+00      0.21615125E+01      0.80122156E-05     -0.10600053E-05      0.15005922E+02
      0.48472360E+00      0.21992211E+01      0.79037640E-05     -0.10414617E-05      0.15267707E+02
      0.48509110E+00      0.22363529E+01      0.77905622E-05     -0.10223951E-05      0.15525488E+02
      0.48545859E+00      0.22728523E+01      0.76727059E-05     -0.10028164E-05      0.15778879E+02
      0.48582608E+00      0.23086637E+01      0.75502985E-05     -0.98273728E-06      0.16027493E+02
      0.48619358E+00      0.23437322E+01      0.74234517E-05     -0.96217032E-06      0.16270950E+02
      0.48656107E+00      0.23780033E+01      0.72922849E-05     -0.94112878E-06      0.16508872E+02
      0.48692856E+00      0.24114233E+01      0.71569254E-05     -0.91962673E-06      0.16740884E+02
      0.48729605E+00      0.24439390E+01      0.70175078E-05     -0.89767901E-06      0.16966618E+02
      0.48766355E+00      0.24754984E+01      0.68741744E-05     -0.87530125E-06      0.17185714E+02
      0.48803104E+00      0.25060503E+01      0.67270745E-05     -0.85250980E-06      0.17397815E+02
      0.48839853E+00      0.25355446E+01      0.65763646E-05     -0.82932181E-06      0.17602574E+02
      0.48876603E+00      0.25639326E+01      0.64222081E-05     -0.80575516E-06      0.17799653E+02
      0.48913352E+00      0.25911667E+01      0.62647747E-05     -0.78182847E-06      0.17988721E+02
      0.48950101E+00      0.26172008E+01      0.61042405E-05     -0.75756108E-06      0.18169458E+02
      0.48986851E+00      0.26419904E+01      0.59407879E-05     -0.73297302E-06      0.18341556E+02
      0.49023600E+00      0.26654926E+01      0.57746049E-05     -0.70808502E-06      0.18504716E+02
      0.49060349E+00      0.26876662E+01      0.56058848E-05     -0.68291848E-06      0.18658652E+02
      0.49097099E+00      0.27084719E+01      0.54348263E-05     -0.65749543E-06      0.18803092E+02
      0.49133848E+00      0.27278721E+01      0.52616328E-05     -0.63183853E-06      0.18937774E+02
      0.49170597E+00      0.27458316E+01      0.50865123E-05     -0.60597101E-06      0.19062455E+02
      0.49207347E+00      0.27623169E+01      0.49096766E-05     -0.57991669E-06      0.19176901E+02
      0.49244096E+00      0.27772969E+01      0.47313417E-05     -0.55369990E-06      0.19280897E+02
      0.49280845E+00      0.27907427E+01      0.45517267E-05     -0.52734549E-06      0.19374242E+02
      0.49317595E+00      0.28026278E+01      0.43710537E-05     -0.50087876E-06      0.19456753E+02
      0.49354344E+00      0.28129279E+01      0.41895474E-05     -0.47432546E-06      0.19528259E+02
      0.49391093E+00      0.28216214E+01      0.40074348E-05     -0.44771171E-06      0.19588613E+02
      0.49427843E+00      0.28286891E+01      0.38249445E-05     -0.42106401E-06      0.19637678E+02
      0.49464592E+00      0.28341142E+01      0.36423066E-05     -0.39440915E-06      0.19675341E+02
      0.49501341E+00      0.28378828E+01      0.34597521E-05     -0.36777423E-06      0.19701504E+02
      0.49538091E+00      0.28399835E+01      0.32775123E-05     -0.34118655E-06      0.19716088E+02
      0.49574840E+00      0.28404077E+01      0.30958190E-05     -0.31467362E-06      0.19719033E+02
      0.49611589E+00      0.28391493E+01      0.29149033E-05     -0.28826308E-06      0.19710296E+02
      0.49648339E+00      0.28362051E+01      0.27349956E-05     -0.26198269E-06      0.19689857E+02
      0.49685088E+00      0.28315747E+01      0.25563251E-05     -0.23586025E-06      0.19657711E+02
      0.49721837E+00      0.28252604E+01      0.23791194E-05     -0.20992357E-06      0.19613875E+02
      0.49758587E+00      0.28172672E+01      0.22036039E-05     -0.18420043E-06      0.19558384E+02
      0.49795336E+00      0.28076031E+01      0.20300018E-05     -0.15871852E-06      0.19491292E+02
      0.49832085E+00      0.27962786E+01      0.18585330E-05     -0.13350539E-06      0.19412674E+02
      0.49868835E+00      0.27833071E+01      0.16894144E-05     -0.10858842E-06      0.19322622E+02
      0.49905584E+00      0.27687048E+01      0.15228590E-05     -0.83994751E-07      0.19221248E+02
      0.49942333E+00      0.27524905E+01      0.13590756E-05     -0.59751268E-07      0.19108683E+02
      0.49979083E+00      0.27346857E+01      0.11982688E-05     -0.35884522E-07      0.18985076E+02
      0.50015832E+00      0.27153145E+01      0.10406381E-05     -0.12420697E-07      0.18850595E+02
      0.50052581E+00      0.26944036E+01      0.88637772E-06      0.10614434E-07      0.18705425E+02
      0.50089331E+00      0.26719823E+01      0.73567637E-06      0.33195557E-07      0.18549769E+02
      0.50126080E+00      0.26480824E+01      0.58871676E-06      0.55297860E-07      0.18383848E+02
      0.50162829E+00      0.26227381E+01      0.44567538E-06      0.76897078E-07      0.18207900E+02
      0.50199578E+00      0.25959859E+01      0.30672207E-06      0.97969534E-07      0.18022178E+02
      0.50236328E+00      0.25678647E+01      0.17201985E-06      0.11849218E-06      0.17826951E+02
      0.50273077E+00      0.25384155E+01      0.41724517E-07      0.13844264E-06      0.17622505E+02
      0.50309826E+00      0.25076814E+01     -0.84015525E-07      0.15779924E-06      0.17409139E+02
      0.50346576E+00      0.24757077E+01     -0.20505957E-06      0.17654106E-06      0.17187167E+02
      0.50383325E+00      0.24425417E+01     -0.32127480E-06      0.19464796E-06      0.16956918E+02
      0.50420074E+00      0.24082322E+01     -0.43253654E-06      0.21210060E-06      0.16718730E+02
      0.50456824E+00      0.23728301E+01     -0.53872843E-06      0.22888050E-06      0.16472957E+02
      0.50493573E+00      0.23363879E+01     -0.63974257E-06      0.24497005E-06      0.16219964E+02
      0.50530322E+00      0.22989594E+01     -0.73547972E-06      0.26035256E-06      0.15960123E+02
      0.50567072E+00      0.22606002E+01     -0.82584943E-06      0.27501225E-06      0.15693821E+02
      0.50603821E+00      0.22213671E+01     -0.91077011E-06      0.28893431E-06      0.15421452E+02
      0.50640570E+00      0.21813179E+01     -0.99016918E-06      0.30210491E-06      0.15143417E+02
      0.50677320E+00      0.21405117E+01     -0.10639831E-05      0.31451121E-06      0.14860128E+02
      0.50714069E+00      0.20990086E+01     -0.11321575E-05      0.32614140E-06      0.14572000E+02
      0.50750818E+00      0.20568696E+01     -0.11946470E-05      0.33698469E-06      0.14279457E+02
      0.50787568E+00      0.20141561E+01     -0.12514156E-05      0.34703134E-06      0.13982926E+02
      0.50824317E+00      0.19709305E+01     -0.13024363E-05      0.35627269E-06      0.13682840E+02
      0.50861066E+00      0.19272555E+01     -0.13476913E-05      0.36470112E-06      0.13379633E+02
      0.50897816E+00      0.18831941E+01     -0.13871717E-05      0.37231009E-06      0.13073745E+02
      0.50934565E+00      0.18388098E+01     -0.14208779E-05      0.37909418E-06      0.12765615E+02
      0.50971314E+00      0.17941660E+01     -0.14488191E-05      0.38504900E-06      0.12455683E+02
      0.51008064E+00      0.17493261E+01     -0.14710132E-05      0.39017127E-06      0.12144390E+02
      0.51044813E+00      0.17043535E+01     -0.14874869E-05      0.39445881E-06      0.11832175E+02
      0.51081562E+00      0.16593111E+01     -0.14982756E-05      0.39791049E-06      0.11519477E+02
      0.51118312E+00      0.16142617E+01     -0.15034228E-05      0.40052627E-06      0.11206729E+02
      0.51155061E+00      0.15692675E+01     -0.15029805E-05      0.40230719E-06      0.10894365E+02
      0.51191810E+00      0.15243900E+01     -0.14970085E-05      0.40325531E-06      0.10582811E+02
      0.51228560E+00      0.14796902E+01     -0.14855747E-05      0.40337378E-06      0.10272490E+02
      0.51265309E+00      0.14352280E+01     -0.14687544E-05      0.40266675E-06      0.99638193E+01
      0.51302058E+00      0.13910626E+01     -0.14466304E-05      0.40113941E-06      0.96572085E+01
      0.51338808E+00      0.13472520E+01     -0.14192926E-05      0.39879792E-06      0.93530607E+01
      0.51375557E+00      0.13038530E+01     -0.13868376E-05      0.39564946E-06      0.90517708E+01
      0.51412306E+00      0.12609213E+01     -0.13493689E-05      0.39170214E-06      0.87537250E+01
      0.51449056E+00      0.12185111E+01     -0.13069961E-05      0.38696503E-06      0.84593001E+01
      0.51485805E+00      0.11766754E+01     -0.12598349E-05      0.38144810E-06      0.81688630E+01
      0.51522554E+00      0.11354654E+01     -0.12080067E-05      0.37516222E-06      0.78827699E+01
      0.51559304E+00      0.10949309E+01     -0.11516384E-05      0.36811913E-06      0.76013657E+01
      0.51596053E+00      0.10551197E+01     -0.10908618E-05      0.36033139E-06      0.73249838E+01
      0.51632802E+00      0.10160782E+01     -0.10258138E-05      0.35181239E-06      0.70539452E+01
      0.51669552E+00      0.97785081E+00     -0.95663536E-06      0.34257630E-06      0.67885580E+01
      0.51706301E+00      0.94047995E+00     -0.88347185E-06      0.33263802E-06      0.65291173E+01
      0.51743050E+00      0.90400616E+00     -0.80647232E-06      0.32201319E-06      0.62759045E+01
      0.51779799E+00      0.86846797E+00     -0.72578924E-06      0.31071812E-06      0.60291868E+01
      0.51816549E+00      0.83390181E+00     -0.64157821E-06      0.29876981E-06      0.57892172E+01
      0.51853298E+00      0.80034198E+00     -0.55399758E-06      0.28618583E-06      0.55562340E+01
      0.51890047E+00      0.76782065E+00     -0.46320814E-06      0.27298438E-06      0.53304604E+01
      0.51926797E+00      0.73636777E+00     -0.36937272E-06      0.25918420E-06      0.51121043E+01
      0.51963546E+00      0.70601109E+00     -0.27265592E-06      0.24480456E-06      0.49013583E+01
      0.52000295E+00      0.67677608E+00     -0.17322373E-06      0.22986519E-06      0.46983994E+01
      0.52037045E+00      0.64868596E+00     -0.71243215E-07      0.21438630E-06      0.45033887E+01
      0.52073794E+00      0.62176165E+00      0.33117825E-07      0.19838851E-06      0.43164714E+01
      0.52110543E+00      0.59602178E+00      0.13969117E-06      0.18189281E-06      0.41377768E+01
      0.52147293E+00      0.57148268E+00      0.24830850E-06      0.16492056E-06      0.39674184E+01
      0.52184042E+00      0.54815837E+00      0.35880170E-06      0.14749342E-06      0.38054935E+01
      0.52220791E+00      0.52606058E+00      0.47100321E-06      0.12963332E-06      0.36520834E+01
      0.52257541E+00      0.50519874E+00      0.58474624E-06      0.11136246E-06      0.35072538E+01
      0.52294290E+00      0.48558002E+00      0.69986514E-06      0.92703235E-07      0.33710543E+01
      0.52331039E+00      0.46720935E+00      0.81619563E-06      0.73678224E-07      0.32435191E+01
      0.52367789E+00      0.45008939E+00      0.93357512E-06      0.54310154E-07      0.31246667E+01
      0.52404538E+00      0.43422063E+00      0.10518429E-05      0.34621869E-07      0.30145006E+01
      0.52441287E+00      0.41960137E+00      0.11708405E-05      0.14636295E-07      0.29130090E+01
      0.52478037E+00      0.40622780E+00      0.12904118E-05     -0.56235905E-08      0.28201653E+01
      0.52514786E+00      0.39409399E+00      0.14104035E-05     -0.26134785E-07      0.27359285E+01
      0.52551535E+00      0.38319198E+00      0.15306648E-05     -0.46874294E-07      0.26602432E+01
      0.52588285E+00      0.37351181E+00      0.16510484E-05     -0.67819157E-07      0.25930403E+01
      0.52625034E+00      0.36504154E+00      0.17714101E-05     -0.88946480E-07      0.25342369E+01
      0.52661783E+00      0.35776737E+00      0.18916091E-05     -0.11023346E-06      0.24837373E+01
      0.52698533E+00      0.35167364E+00      0.20115083E-05     -0.13165740E-06      0.24414327E+01
      0.52735282E+00      0.34674293E+00      0.21309746E-05     -0.15319577E-06      0.24072021E+01
      0.52772031E+00      0.34295610E+00      0.22498785E-05     -0.17482619E-06      0.23809126E+01
      0.52808781E+00      0.34029235E+00      0.23680949E-05     -0.19652647E-06      0.23624200E+01
      0.52845530E+00      0.33872932E+00      0.24855027E-05     -0.21827466E-06      0.23515690E+01
      0.52882279E+00      0.33824313E+00      0.26019853E-05     -0.24004901E-06      0.23481937E+01
      0.52919029E+00      0.33880848E+00      0.27174306E-05     -0.26182806E-06      0.23521185E+01
      0.52955778E+00      0.34039869E+00      0.28317307E-05     -0.28359064E-06      0.23631583E+01
      0.52992527E+00      0.34298581E+00      0.29447826E-05     -0.30531584E-06      0.23811189E+01
      0.53029277E+00      0.34654068E+00      0.30564880E-05     -0.32698312E-06      0.24057980E+01
      0.53066026E+00      0.35103302E+00      0.31667532E-05     -0.34857223E-06      0.24369852E+01
      0.53102775E+00      0.35643149E+00      0.32754893E-05     -0.37006333E-06      0.24744632E+01
      0.53139525E+00      0.36270379E+00      0.33826123E-05     -0.39143692E-06      0.25180076E+01
      0.53176274E+00      0.36981676E+00      0.34880431E-05     -0.41267390E-06      0.25673881E+01
      0.53213023E+00      0.37773640E+00      0.35917072E-05     -0.43375558E-06      0.26223688E+01
      0.53249773E+00      0.38642802E+00      0.36935352E-05     -0.45466369E-06      0.26827088E+01
      0.53286522E+00      0.39585629E+00      0.37934625E-05     -0.47538040E-06      0.27481629E+01
      0.53323271E+00      0.40598531E+00      0.38914294E-05     -0.49588834E-06      0.28184819E+01
      0.53360020E+00      0.41677875E+00      0.39873809E-05     -0.51617058E-06      0.28934135E+01
      0.53396770E+00      0.42819986E+00      0.40812668E-05     -0.53621068E-06      0.29727025E+01
      0.53433519E+00      0.44021160E+00      0.41730419E-05     -0.55599271E-06      0.30560919E+01
      0.53470268E+00      0.45277672E+00      0.42626653E-05     -0.57550120E-06      0.31433230E+01
      0.53507018E+00      0.46585780E+00      0.43501011E-05     -0.59472123E-06      0.32341362E+01
      0.53543767E+00      0.47941739E+00      0.44353178E-05     -0.61363837E-06      0.33282713E+01
      0.53580516E+00      0.49341806E+00      0.45182886E-05     -0.63223875E-06      0.34254684E+01
      0.53617266E+00      0.50782245E+00      0.45989909E-05     -0.65050903E-06      0.35254684E+01
      0.53654015E+00      0.52259340E+00      0.46774066E-05     -0.66843641E-06      0.36280131E+01
      0.53690764E+00      0.53769399E+00      0.47535219E-05     -0.68600865E-06      0.37328464E+01
      0.53727514E+00      0.55308764E+00      0.48273272E-05     -0.70321411E-06      0.38397141E+01
      0.53764263E+00      0.56873815E+00      0.48988170E-05     -0.72004167E-06      0.39483650E+01
      0.53801012E+00      0.58460979E+00      0.49679895E-05     -0.73648084E-06      0.40585511E+01
      0.53837762E+00      0.60066739E+00      0.50348473E-05     -0.75252169E-06      0.41700282E+01
      0.53874511E+00      0.61687636E+00      0.50993964E-05     -0.76815489E-06      0.42825561E+01
      0.53911260E+00      0.63320280E+00      0.51616466E-05     -0.78337171E-06      0.43958995E+01
      0.53948010E+00      0.64961354E+00      0.52216111E-05     -0.79816402E-06      0.45098282E+01
      0.53984759E+00      0.66607619E+00      0.52793069E-05     -0.81252432E-06      0.46241173E+01
      0.54021508E+00      0.68255925E+00      0.53347539E-05     -0.82644570E-06      0.47385481E+01
      0.54058258E+00      0.69903211E+00      0.53879754E-05     -0.83992187E-06      0.48529080E+01
      0.54095007E+00      0.71546514E+00      0.54389978E-05     -0.85294716E-06      0.49669914E+01
      0.54131756E+00      0.73182972E+00      0.54878503E-05     -0.86551654E-06      0.50805996E+01
      0.54168506E+00      0.74809831E+00      0.55345650E-05     -0.87762558E-06      0.51935415E+01
      0.54205255E+00      0.76424449E+00      0.55791767E-05     -0.88927049E-06      0.53056335E+01
      0.54242004E+00      0.78024301E+00      0.56217227E-05     -0.90044811E-06      0.54167004E+01
      0.54278754E+00      0.79606981E+00      0.56622428E-05     -0.91115589E-06      0.55265752E+01
      0.54315503E+00      0.81170210E+00      0.57007790E-05     -0.92139191E-06      0.56350997E+01
      0.54352252E+00      0.82711838E+00      0.57373754E-05     -0.93115489E-06      0.57421245E+01
      0.54389002E+00      0.84229844E+00      0.57720782E-05     -0.94044417E-06      0.58475094E+01
      0.54425751E+00      0.85722347E+00      0.58049356E-05     -0.94925968E-06      0.59511238E+01
      0.54462500E+00      0.87187600E+00      0.58359973E-05     -0.95760201E-06      0.60528464E+01
      0.54499250E+00      0.88624001E+00      0.58653149E-05     -0.96547234E-06      0.61525660E+01
      0.54535999E+00      0.90030089E+00      0.58929412E-05     -0.97287244E-06      0.62501812E+01
      0.54572748E+00      0.91404551E+00      0.59189305E-05     -0.97980471E-06      0.63456008E+01
      0.54609498E+00      0.92746220E+00      0.59433383E-05     -0.98627214E-06      0.64387439E+01
      0.54646247E+00      0.94054080E+00      0.59662211E-05     -0.99227829E-06      0.65295398E+01
      0.54682996E+00      0.95327265E+00      0.59876364E-05     -0.99782731E-06      0.66179284E+01
      0.54719746E+00      0.96565061E+00      0.60076424E-05     -0.10029239E-05      0.67038602E+01
      0.54756495E+00      0.97766907E+00      0.60262980E-05     -0.10075733E-05      0.67872963E+01
      0.54793244E+00      0.98932395E+00      0.60436628E-05     -0.10117814E-05      0.68682082E+01
      0.54829993E+00      0.10006127E+01      0.60597965E-05     -0.10155545E-05      0.69465784E+01
      0.54866743E+00      0.10115343E+01      0.60747593E-05     -0.10188995E-05      0.70223997E+01
      0.54903492E+00      0.10220893E+01      0.60886112E-05     -0.10218237E-05      0.70956759E+01
      0.54940241E+00      0.10322797E+01      0.61014125E-05     -0.10243350E-05      0.71664211E+01
      0.54976991E+00      0.10421091E+01      0.61132232E-05     -0.10264416E-05      0.72346601E+01
      0.55013740E+00      0.10515826E+01      0.61241029E-05     -0.10281524E-05      0.73004279E+01
      0.55050489E+00      0.10607066E+01      0.61341110E-05     -0.10294766E-05      0.73637701E+01
      0.55087239E+00      0.10694893E+01      0.61433062E-05     -0.10304236E-05      0.74247425E+01
      0.55123988E+00      0.10779401E+01      0.61517463E-05     -0.10310037E-05      0.74834107E+01
      0.55160737E+00      0.10860700E+01      0.61594886E-05     -0.10312270E-05      0.75398505E+01
      0.55197487E+00      0.10938911E+01      0.61665893E-05     -0.10311043E-05      0.75941474E+01
      0.55234236E+00      0.11014172E+01      0.61731033E-05     -0.10306466E-05      0.76463962E+01
      0.55270985E+00      0.11086634E+01      0.61790845E-05     -0.10298651E-05      0.76967013E+01
      0.55307735E+00      0.11156459E+01      0.61845853E-05     -0.10287715E-05      0.77451760E+01
      0.55344484E+00      0.11223823E+01      0.61896567E-05     -0.10273775E-05      0.77919425E+01
      0.55381233E+00      0.11288915E+01      0.61943477E-05     -0.10256951E-05      0.78371314E+01
      0.55417983E+00      0.11351934E+01      0.61987061E-05     -0.10237365E-05      0.78808817E+01
      0.55454732E+00      0.11413093E+01      0.62027772E-05     -0.10215139E-05      0.79233401E+01
      0.55491481E+00      0.11472614E+01      0.62066047E-05     -0.10190398E-05      0.79646611E+01
      0.55528231E+00      0.11530729E+01      0.62102298E-05     -0.10163267E-05      0.80050064E+01
      0.55564980E+00      0.11587681E+01      0.62136918E-05     -0.10133870E-05      0.80445444E+01
      0.55601729E+00      0.11643722E+01      0.62170272E-05     -0.10102334E-05      0.80834501E+01
      0.55638479E+00      0.11699113E+01      0.62202701E-05     -0.10068783E-05      0.81219046E+01
      0.55675228E+00      0.11754124E+01      0.62234522E-05     -0.10033341E-05      0.81600945E+01
      0.55711977E+00      0.11809029E+01      0.62266020E-05     -0.99961335E-06      0.81982116E+01
      0.55748727E+00      0.11864113E+01      0.62297454E-05     -0.99572812E-06      0.82364527E+01
      0.55785476E+00      0.11919665E+01      0.62329053E-05     -0.99169051E-06      0.82750186E+01
      0.55822225E+00      0.11975979E+01      0.62361014E-05     -0.98751237E-06      0.83141139E+01
      0.55858975E+00      0.12033356E+01      0.62393504E-05     -0.98320532E-06      0.83539468E+01
      0.55895724E+00      0.12092099E+01      0.62426654E-05     -0.97878070E-06      0.83947278E+01
      0.55932473E+00      0.12152514E+01      0.62460564E-05     -0.97424955E-06      0.84366701E+01
      0.55969223E+00      0.12214911E+01      0.62495299E-05     -0.96962254E-06      0.84799883E+01
      0.56005972E+00      0.12279602E+01      0.62530888E-05     -0.96490999E-06      0.85248984E+01
      0.56042721E+00      0.12346897E+01      0.62567323E-05     -0.96012180E-06      0.85716168E+01
      0.56079471E+00      0.12417108E+01      0.62604560E-05     -0.95526741E-06      0.86203600E+01
      0.56116220E+00      0.12490548E+01      0.62642519E-05     -0.95035580E-06      0.86713440E+01
      0.56152969E+00      0.12567524E+01      0.62681079E-05     -0.94539541E-06      0.87247837E+01
      0.56189719E+00      0.12648345E+01      0.62720083E-05     -0.94039418E-06      0.87808922E+01
      0.56226468E+00      0.12733314E+01      0.62759334E-05     -0.93535945E-06      0.88398803E+01
      0.56263217E+00      0.12822730E+01      0.62798597E-05     -0.93029798E-06      0.89019559E+01
      0.56299967E+00      0.12916888E+01      0.62837595E-05     -0.92521588E-06      0.89673235E+01
      0.56336716E+00      0.13016076E+01      0.62876016E-05     -0.92011863E-06      0.90361831E+01
      0.56373465E+00      0.13120577E+01      0.62913505E-05     -0.91501105E-06      0.91087304E+01
      0.56410214E+00      0.13230662E+01      0.62949668E-05     -0.90989723E-06      0.91851556E+01
      0.56446964E+00      0.13346599E+01      0.62984072E-05     -0.90478057E-06      0.92656427E+01
      0.56483713E+00      0.13468643E+01      0.63016247E-05     -0.89966374E-06      0.93503695E+01
      0.56520462E+00      0.13597040E+01      0.63045682E-05     -0.89454865E-06      0.94395065E+01
      0.56557212E+00      0.13732023E+01      0.63071829E-05     -0.88943646E-06      0.95332166E+01
      0.56593961E+00      0.13873816E+01      0.63094102E-05     -0.88432754E-06      0.96316540E+01
      0.56630710E+00      0.14022629E+01      0.63111879E-05     -0.87922149E-06      0.97349645E+01
      0.56667460E+00      0.14178657E+01      0.63124503E-05     -0.87411713E-06      0.98432840E+01
      0.56704209E+00      0.14342081E+01      0.63131278E-05     -0.86901247E-06      0.99567388E+01
      0.56740958E+00      0.14513070E+01      0.63131480E-05     -0.86390474E-06      0.10075444E+02
      0.56777708E+00      0.14691772E+01      0.63124348E-05     -0.85879037E-06      0.10199505E+02
      0.56814457E+00      0.14878322E+01      0.63109090E-05     -0.85366501E-06      0.10329014E+02
      0.56851206E+00      0.15072836E+01      0.63084887E-05     -0.84852351E-06      0.10464053E+02
      0.56887956E+00      0.15275413E+01      0.63050888E-05     -0.84335996E-06      0.10604688E+02
      0.56924705E+00      0.15486133E+01      0.63006219E-05     -0.83816769E-06      0.10750977E+02
      0.56961454E+00      0.15705056E+01      0.62949977E-05     -0.83293928E-06      0.10902960E+02
      0.56998204E+00      0.15932222E+01      0.62881240E-05     -0.82766658E-06      0.11060666E+02
      0.57034953E+00      0.16167653E+01      0.62799061E-05     -0.82234073E-06      0.11224110E+02
      0.57071702E+00      0.16411347E+01      0.62702478E-05     -0.81695218E-06      0.11393290E+02
      0.57108452E+00      0.16663282E+01      0.62590510E-05     -0.81149072E-06      0.11568192E+02
      0.57145201E+00      0.16923415E+01      0.62462163E-05     -0.80594552E-06      0.11748784E+02
      0.57181950E+00      0.17191680E+01      0.62316429E-05     -0.80030514E-06      0.11935023E+02
      0.57218700E+00      0.17467988E+01      0.62152294E-05     -0.79455756E-06      0.12126845E+02
      0.57255449E+00      0.17752229E+01      0.61968734E-05     -0.78869025E-06      0.12324174E+02
      0.57292198E+00      0.18044269E+01      0.61764723E-05     -0.78269018E-06      0.12526918E+02
      0.57328948E+00      0.18343951E+01      0.61539234E-05     -0.77654386E-06      0.12734967E+02
      0.57365697E+00      0.18651095E+01      0.61291241E-05     -0.77023740E-06      0.12948196E+02
      0.57402446E+00      0.18965496E+01      0.61019723E-05     -0.76375653E-06      0.13166464E+02
      0.57439196E+00      0.19286930E+01      0.60723667E-05     -0.75708669E-06      0.13389613E+02
      0.57475945E+00      0.19615145E+01      0.60402070E-05     -0.75021303E-06      0.13617471E+02
      0.57512694E+00      0.19949870E+01      0.60053942E-05     -0.74312050E-06      0.13849848E+02
      0.57549444E+00      0.20290807E+01      0.59678314E-05     -0.73579387E-06      0.14086538E+02
      0.57586193E+00      0.20637639E+01      0.59274232E-05     -0.72821781E-06      0.14327320E+02
      0.57622942E+00      0.20990025E+01      0.58840769E-05     -0.72037695E-06      0.14571957E+02
      0.57659692E+00      0.21347602E+01      0.58377024E-05     -0.71225589E-06      0.14820199E+02
      0.57696441E+00      0.21709985E+01      0.57882125E-05     -0.70383933E-06      0.15071777E+02
      0.57733190E+00      0.22076769E+01      0.57355234E-05     -0.69511207E-06      0.15326410E+02
      0.57769940E+00      0.22447527E+01      0.56795549E-05     -0.68605908E-06      0.15583802E+02
      0.57806689E+00      0.22821812E+01      0.56202306E-05     -0.67666559E-06      0.15843644E+02
      0.57843438E+00      0.23199160E+01      0.55574786E-05     -0.66691712E-06      0.16105611E+02
      0.57880188E+00      0.23579086E+01      0.54912315E-05     -0.65679955E-06      0.16369368E+02
      0.57916937E+00      0.23961088E+01      0.54214267E-05     -0.64629918E-06      0.16634566E+02
      0.57953686E+00      0.24344646E+01      0.53480068E-05     -0.63540279E-06      0.16900844E+02
      0.57990435E+00      0.24729225E+01      0.52709200E-05     -0.62409769E-06      0.17167831E+02
      0.58027185E+00      0.25114274E+01      0.51901201E-05     -0.61237181E-06      0.17435145E+02
      0.58063934E+00      0.25499228E+01      0.51055669E-05     -0.60021372E-06      0.17702392E+02
      0.58100683E+00      0.25883509E+01      0.50172267E-05     -0.58761270E-06      0.17969172E+02
      0.58137433E+00      0.26266526E+01      0.49250721E-05     -0.57455880E-06      0.18235076E+02
      0.58174182E+00      0.26647678E+01      0.48290825E-05     -0.56104289E-06      0.18499684E+02
      0.58210931E+00      0.27026355E+01      0.47292446E-05     -0.54705673E-06      0.18762573E+02
      0.58247681E+00      0.27401935E+01      0.46255518E-05     -0.53259298E-06      0.19023314E+02
      0.58284430E+00      0.27773793E+01      0.45180054E-05     -0.51764528E-06      0.19281469E+02
      0.58321179E+00      0.28141295E+01      0.44066140E-05     -0.50220829E-06      0.19536601E+02
      0.58357929E+00      0.28503802E+01      0.42913940E-05     -0.48627773E-06      0.19788265E+02
      0.58394678E+00      0.28860674E+01      0.41723697E-05     -0.46985041E-06      0.20036017E+02
      0.58431427E+00      0.29211267E+01      0.40495734E-05     -0.45292430E-06      0.20279411E+02
      0.58468177E+00      0.29554938E+01      0.39230456E-05     -0.43549854E-06      0.20517998E+02
      0.58504926E+00      0.29891044E+01      0.37928349E-05     -0.41757345E-06      0.20751334E+02
      0.58541675E+00      0.30218944E+01      0.36589984E-05     -0.39915061E-06      0.20978972E+02
      0.58578425E+00      0.30538000E+01      0.35216011E-05     -0.38023285E-06      0.21200472E+02
      0.58615174E+00      0.30847582E+01      0.33807168E-05     -0.36082428E-06      0.21415394E+02
      0.58651923E+00      0.31147065E+01      0.32364273E-05     -0.34093032E-06      0.21623304E+02
      0.58688673E+00      0.31435832E+01      0.30888229E-05     -0.32055769E-06      0.21823775E+02
      0.58725422E+00      0.31713275E+01      0.29380022E-05     -0.29971444E-06      0.22016386E+02
      0.58762171E+00      0.31978799E+01      0.27840720E-05     -0.27840994E-06      0.22200721E+02
      0.58798921E+00      0.32231820E+01      0.26271470E-05     -0.25665491E-06      0.22376377E+02
      0.58835670E+00      0.32471770E+01      0.24673503E-05     -0.23446138E-06      0.22542958E+02
      0.58872419E+00      0.32698094E+01      0.23048126E-05     -0.21184272E-06      0.22700079E+02
      0.58909169E+00      0.32910255E+01      0.21396723E-05     -0.18881361E-06      0.22847368E+02
      0.58945918E+00      0.33107735E+01      0.19720756E-05     -0.16539005E-06      0.22984465E+02
      0.58982667E+00      0.33290035E+01      0.18021758E-05     -0.14158928E-06      0.23111024E+02
      0.59019417E+00      0.33456676E+01      0.16301333E-05     -0.11742985E-06      0.23226711E+02
      0.59056166E+00      0.33607202E+01      0.14561156E-05     -0.92931519E-07      0.23331211E+02
      0.59092915E+00      0.33741180E+01      0.12802965E-05     -0.68115262E-07      0.23424223E+02
      0.59129665E+00      0.33858203E+01      0.11028563E-05     -0.43003222E-07      0.23505464E+02
      0.59166414E+00      0.33957888E+01      0.92398109E-06     -0.17618680E-07      0.23574669E+02
      0.59203163E+00      0.34039879E+01      0.74386284E-06      0.80139931E-08      0.23631590E+02
      0.59239913E+00      0.34103849E+01      0.56269870E-06      0.33869376E-07      0.23676000E+02
      0.59276662E+00      0.34149498E+01      0.38069078E-06      0.59921049E-07      0.23707691E+02
      0.59313411E+00      0.34176558E+01      0.19804573E-06      0.86141648E-07      0.23726477E+02
      0.59350161E+00      0.34184789E+01      0.14974357E-07      0.11250292E-06      0.23732191E+02
      0.59386910E+00      0.34173984E+01     -0.16830879E-06      0.13897576E-06      0.23724690E+02
      0.59423659E+00      0.34143968E+01     -0.35158589E-06      0.16553033E-06      0.23703852E+02
      0.59460408E+00      0.34094597E+01     -0.53463624E-06      0.19213606E-06      0.23669577E+02
      0.59497158E+00      0.34025762E+01     -0.71723675E-06      0.21876174E-06      0.23621789E+02
      0.59533907E+00      0.33937387E+01     -0.89916243E-06      0.24537560E-06      0.23560436E+02
      0.59570656E+00      0.33829429E+01     -0.10801868E-05      0.27194537E-06      0.23485489E+02
      0.59607406E+00      0.33701881E+01     -0.12600824E-05      0.29843837E-06      0.23396940E+02
      0.59644155E+00      0.33554768E+01     -0.14386214E-05      0.32482155E-06      0.23294810E+02
      0.59680904E+00      0.33388153E+01     -0.16155759E-05      0.35106161E-06      0.23179141E+02
      0.59717654E+00      0.33202131E+01     -0.17907186E-05      0.37712506E-06      0.23049998E+02
      0.59754403E+00      0.32996834E+01     -0.19638231E-05      0.40297828E-06      0.22907474E+02
      0.59791152E+00      0.32772425E+01     -0.21346647E-05      0.42858763E-06      0.22751682E+02
      0.59827902E+00      0.32529105E+01     -0.23030207E-05      0.45391954E-06      0.22582761E+02
      0.59864651E+00      0.32267107E+01     -0.24686709E-05      0.47894055E-06      0.22400874E+02
      0.59901400E+00      0.31986698E+01     -0.26313982E-05      0.50361742E-06      0.22206205E+02
      0.59938150E+00      0.31688178E+01     -0.27909891E-05      0.52791722E-06      0.21998963E+02
      0.59974899E+00      0.31371882E+01     -0.29472340E-05      0.55180738E-06      0.21779379E+02
      0.60011648E+00      0.31038172E+01     -0.30999279E-05      0.57525580E-06      0.21547707E+02
      0.60048398E+00      0.30687446E+01     -0.32488707E-05      0.59823093E-06      0.21304222E+02
      0.60085147E+00      0.30320131E+01     -0.33938680E-05      0.62070181E-06      0.21049220E+02
      0.60121896E+00      0.29936682E+01     -0.35347311E-05      0.64263820E-06      0.20783017E+02
      0.60158646E+00      0.29537586E+01     -0.36712776E-05      0.66401060E-06      0.20505951E+02
      0.60195395E+00      0.29123353E+01     -0.38033319E-05      0.68479040E-06      0.20218378E+02
      0.60232144E+00      0.28694524E+01     -0.39307257E-05      0.70494986E-06      0.19920671E+02
      0.60268894E+00      0.28251664E+01     -0.40532980E-05      0.72446226E-06      0.19613223E+02
      0.60305643E+00      0.27795360E+01     -0.41708960E-05      0.74330189E-06      0.19296442E+02
      0.60342392E+00      0.27326224E+01     -0.42833749E-05      0.76144418E-06      0.18970752E+02
      0.60379142E+00      0.26844889E+01     -0.43905987E-05      0.77886574E-06      0.18636594E+02
      0.60415891E+00      0.26352010E+01     -0.44924400E-05      0.79554440E-06      0.18294421E+02
      0.60452640E+00      0.25848256E+01     -0.45887810E-05      0.81145927E-06      0.17944699E+02
      0.60489390E+00      0.25334318E+01     -0.46795129E-05      0.82659080E-06      0.17587907E+02
      0.60526139E+00      0.24810900E+01     -0.47645368E-05      0.84092083E-06      0.17224532E+02
      0.60562888E+00      0.24278720E+01     -0.48437636E-05      0.85443261E-06      0.16855076E+02
      0.60599638E+00      0.23738509E+01     -0.49171144E-05      0.86711087E-06      0.16480044E+02
      0.60636387E+00      0.23191010E+01     -0.49845201E-05      0.87894181E-06      0.16099953E+02
      0.60673136E+00      0.22636974E+01     -0.50459224E-05      0.88991319E-06      0.15715322E+02
      0.60709886E+00      0.22077158E+01     -0.51012732E-05      0.90001429E-06      0.15326680E+02
      0.60746635E+00      0.21512326E+01     -0.51505347E-05      0.90923598E-06      0.14934556E+02
      0.60783384E+00      0.20943247E+01     -0.51936800E-05      0.91757073E-06      0.14539483E+02
      0.60820134E+00      0.20370692E+01     -0.52306924E-05      0.92501258E-06      0.14141996E+02
      0.60856883E+00      0.19795430E+01     -0.52615660E-05      0.93155721E-06      0.13742631E+02
      0.60893632E+00      0.19218233E+01     -0.52863052E-05      0.93720190E-06      0.13341922E+02
      0.60930382E+00      0.18639867E+01     -0.53049248E-05      0.94194553E-06      0.12940401E+02
      0.60967131E+00      0.18061094E+01     -0.53174500E-05      0.94578860E-06      0.12538598E+02
      0.61003880E+00      0.17482672E+01     -0.53239161E-05      0.94873318E-06      0.12137039E+02
      0.61040629E+00      0.16905348E+01     -0.53243684E-05      0.95078294E-06      0.11736242E+02
      0.61077379E+00      0.16329862E+01     -0.53188620E-05      0.95194308E-06      0.11336721E+02
      0.61114128E+00      0.15756942E+01     -0.53074617E-05      0.95222036E-06      0.10938981E+02
      0.61150877E+00      0.15187304E+01     -0.52902416E-05      0.95162301E-06      0.10543520E+02
      0.61187627E+00      0.14621650E+01     -0.52672850E-05      0.95016076E-06      0.10150825E+02
      0.61224376E+00      0.14060666E+01     -0.52386837E-05      0.94784474E-06      0.97613710E+01
      0.61261125E+00      0.13505021E+01     -0.52045384E-05      0.94468748E-06      0.93756242E+01
      0.61297875E+00      0.12955367E+01     -0.51649579E-05      0.94070287E-06      0.89940363E+01
      0.61334624E+00      0.12412335E+01     -0.51200585E-05      0.93590607E-06      0.86170459E+01
      0.61371373E+00      0.11876536E+01     -0.50699645E-05      0.93031350E-06      0.82450773E+01
      0.61408123E+00      0.11348561E+01     -0.50148067E-05      0.92394277E-06      0.78785396E+01
      0.61444872E+00      0.10828975E+01     -0.49547228E-05      0.91681260E-06      0.75178262E+01
      0.61481621E+00      0.10318321E+01     -0.48898569E-05      0.90894279E-06      0.71633136E+01
      0.61518371E+00      0.98171168E+00     -0.48203586E-05      0.90035414E-06      0.68153614E+01
      0.61555120E+00      0.93258545E+00     -0.47463830E-05      0.89106838E-06      0.64743112E+01
      0.61591869E+00      0.88449998E+00     -0.46680899E-05      0.88110812E-06      0.61404862E+01
      0.61628619E+00      0.83749910E+00     -0.45856437E-05      0.87049676E-06      0.58141908E+01
      0.61665368E+00      0.79162391E+00     -0.44992126E-05      0.85925841E-06      0.54957103E+01
      0.61702117E+00      0.74691265E+00     -0.44089681E-05      0.84741785E-06      0.51853103E+01
      0.61738867E+00      0.70340071E+00     -0.43150850E-05      0.83500043E-06      0.48832362E+01
      0.61775616E+00      0.66112056E+00     -0.42177402E-05      0.82203197E-06      0.45897137E+01
      0.61812365E+00      0.62010176E+00     -0.41171126E-05      0.80853875E-06      0.43049478E+01
      0.61849115E+00      0.58037090E+00     -0.40133827E-05      0.79454737E-06      0.40291233E+01
      0.61885864E+00      0.54195162E+00     -0.39067317E-05      0.78008470E-06      0.37624042E+01
      0.61922613E+00      0.50486461E+00     -0.37973415E-05      0.76517781E-06      0.35049341E+01
      0.61959363E+00      0.46912762E+00     -0.36853938E-05      0.74985387E-06      0.32568363E+01
      0.61996112E+00      0.43475544E+00     -0.35710698E-05      0.73414008E-06      0.30182135E+01
      0.62032861E+00      0.40175999E+00     -0.34545498E-05      0.71806363E-06      0.27891484E+01
      0.62069611E+00      0.37015029E+00     -0.33360125E-05      0.70165156E-06      0.25697036E+01
      0.62106360E+00      0.33993255E+00     -0.32156349E-05      0.68493076E-06      0.23599222E+01
      0.62143109E+00      0.31111019E+00     -0.30935914E-05      0.66792783E-06      0.21598280E+01
      0.62179859E+00      0.28368391E+00     -0.29700539E-05      0.65066907E-06      0.19694259E+01
      0.62216608E+00      0.25765177E+00     -0.28451910E-05      0.63318037E-06      0.17887023E+01
      0.62253357E+00      0.23300921E+00     -0.27191677E-05      0.61548719E-06      0.16176256E+01
      0.62290107E+00      0.20974920E+00     -0.25921451E-05      0.59761444E-06      0.14561471E+01
      0.62326856E+00      0.18786227E+00     -0.24642801E-05      0.57958647E-06      0.13042009E+01
      0.62363605E+00      0.16733662E+00     -0.23357249E-05      0.56142700E-06      0.11617052E+01
      0.62400355E+00      0.14815824E+00     -0.22066268E-05      0.54315906E-06      0.10285626E+01
      0.62437104E+00      0.13031097E+00     -0.20771278E-05      0.52480495E-06      0.90466108E+00
      0.62473853E+00      0.11377663E+00     -0.19473645E-05      0.50638618E-06      0.78987432E+00
      0.62510603E+00      0.98535140E-01     -0.18174679E-05      0.48792344E-06      0.68406295E+00
      0.62547352E+00      0.84564624E-01     -0.16875629E-05      0.46943658E-06      0.58707509E+00
      0.62584101E+00      0.71841531E-01     -0.15577684E-05      0.45094451E-06      0.49874725E+00
      0.62620850E+00      0.60340765E-01     -0.14281970E-05      0.43246527E-06      0.41890519E+00
      0.62657600E+00      0.50035804E-01     -0.12989548E-05      0.41401590E-06      0.34736480E+00
      0.62694349E+00      0.40898831E-01     -0.11701415E-05      0.39561249E-06      0.28393297E+00
      0.62731098E+00      0.32900866E-01     -0.10418502E-05      0.37727013E-06      0.22840850E+00
      0.62767848E+00      0.26011896E-01     -0.91416732E-06      0.35900291E-06      0.18058303E+00
      0.62804597E+00      0.20201004E-01     -0.78717267E-06      0.34082390E-06      0.14024193E+00
      0.62841346E+00      0.15436508E-01     -0.66093933E-06      0.32274514E-06      0.10716525E+00
      0.62878096E+00      0.11686088E-01     -0.53553380E-06      0.30477766E-06      0.81128621E-01
      0.62914845E+00      0.89169224E-02     -0.41101598E-06      0.28693146E-06      0.61904172E-01
      0.62951594E+00      0.70958143E-02     -0.28743928E-06      0.26921553E-06      0.49261448E-01
      0.62988344E+00      0.61893239E-02     -0.16485074E-06      0.25163787E-06      0.42968297E-01
      0.63025093E+00      0.61638949E-02     -0.43291145E-07      0.23420546E-06      0.42791761E-01
      0.63061842E+00      0.69859787E-02      0.77204795E-07      0.21692436E-06      0.48498934E-01
      0.63098592E+00      0.86221567E-02      0.19660828E-06      0.19979965E-06      0.59857813E-01
      0.63135341E+00      0.11039259E-01      0.31489621E-06      0.18283549E-06      0.76638119E-01
      0.63172090E+00      0.14204477E-01      0.43205095E-06      0.16603518E-06      0.98612092E-01
      0.63208840E+00      0.18085477E-01      0.54806007E-06      0.14940114E-06      0.12555526E+00
      0.63245589E+00      0.22650505E-01      0.66291611E-06      0.13293497E-06      0.15724716E+00
      0.63282338E+00      0.27868485E-01      0.77661626E-06      0.11663752E-06      0.19347207E+00
      0.63319088E+00      0.33709119E-01      0.88916208E-06      0.10050887E-06      0.23401965E+00
      0.63355837E+00      0.40142974E-01      0.10005591E-05      0.84548425E-07      0.27868556E+00
      0.63392586E+00      0.47141568E-01      0.11108168E-05      0.68754946E-07      0.32727208E+00
      0.63429336E+00      0.54677446E-01      0.12199475E-05      0.53126594E-07      0.37958859E+00
      0.63466085E+00      0.62724256E-01      0.13279672E-05      0.37660993E-07      0.43545216E+00
      0.63502834E+00      0.71256808E-01      0.14348939E-05      0.22355275E-07      0.49468791E+00
      0.63539584E+00      0.80251137E-01      0.15407482E-05      0.72061371E-08      0.55712946E+00
      0.63576333E+00      0.89684552E-01      0.16455525E-05     -0.77900992E-08      0.62261930E+00
      0.63613082E+00      0.99535682E-01      0.17493306E-05     -0.22637434E-07      0.69100904E+00
      0.63649832E+00      0.10978451E+00      0.18521075E-05     -0.37340132E-07      0.76215972E+00
      0.63686581E+00      0.12041240E+00      0.19539088E-05     -0.51902658E-07      0.83594200E+00
      0.63723330E+00      0.13140213E+00      0.20547604E-05     -0.66329628E-07      0.91223630E+00
      0.63760080E+00      0.14273791E+00      0.21546881E-05     -0.80625739E-07      0.99093291E+00
      0.63796829E+00      0.15440534E+00      0.22537173E-05     -0.94795720E-07      0.10719320E+01
      0.63833578E+00      0.16639149E+00      0.23518725E-05     -0.10884427E-06      0.11551438E+01
      0.63870328E+00      0.17868484E+00      0.24491768E-05     -0.12277600E-06      0.12404882E+01
      0.63907077E+00      0.19127526E+00      0.25456520E-05     -0.13659539E-06      0.13278950E+01
      0.63943826E+00      0.20415403E+00      0.26413177E-05     -0.15030669E-06      0.14173036E+01
      0.63980576E+00      0.21731375E+00      0.27361912E-05     -0.16391395E-06      0.15086627E+01
      0.64017325E+00      0.23074839E+00      0.28302873E-05     -0.17742087E-06      0.16019303E+01
      0.64054074E+00      0.24445315E+00      0.29236177E-05     -0.19083082E-06      0.16970732E+01
      0.64090823E+00      0.25842448E+00      0.30161909E-05     -0.20414677E-06      0.17940667E+01
      0.64127573E+00      0.27266002E+00      0.31080118E-05     -0.21737126E-06      0.18928944E+01
      0.64164322E+00      0.28715848E+00      0.31990817E-05     -0.23050631E-06      0.19935475E+01
      0.64201071E+00      0.30191966E+00      0.32893976E-05     -0.24355346E-06      0.20960244E+01
      0.64237821E+00      0.31694432E+00      0.33789525E-05     -0.25651364E-06      0.22003304E+01
      0.64274570E+00      0.33223411E+00      0.34677346E-05     -0.26938722E-06      0.23064771E+01
      0.64311319E+00      0.34779152E+00      0.35557277E-05     -0.28217393E-06      0.24144817E+01
      0.64348069E+00      0.36361974E+00      0.36429108E-05     -0.29487287E-06      0.25243664E+01
      0.64384818E+00      0.37972264E+00      0.37292579E-05     -0.30748243E-06      0.26361579E+01
      0.64421567E+00      0.39610462E+00      0.38147380E-05     -0.32000033E-06      0.27498870E+01
      0.64458317E+00      0.41277055E+00      0.38993150E-05     -0.33242360E-06      0.28655873E+01
      0.64495066E+00      0.42972566E+00      0.39829478E-05     -0.34474850E-06      0.29832951E+01
      0.64531815E+00      0.44697542E+00      0.40655899E-05     -0.35697061E-06      0.31030485E+01
      0.64568565E+00      0.46452547E+00      0.41471899E-05     -0.36908476E-06      0.32248867E+01
      0.64605314E+00      0.48238153E+00      0.42276910E-05     -0.38108504E-06      0.33488493E+01
      0.64642063E+00      0.50054923E+00      0.43070316E-05     -0.39296483E-06      0.34749753E+01
      0.64678813E+00      0.51903408E+00      0.43851451E-05     -0.40471680E-06      0.36033032E+01
      0.64715562E+00      0.53784134E+00      0.44619600E-05     -0.41633288E-06      0.37338693E+01
      0.64752311E+00      0.55697589E+00      0.45374000E-05     -0.42780435E-06      0.38667076E+01
      0.64789061E+00      0.57644218E+00      0.46113846E-05     -0.43912180E-06      0.40018488E+01
      0.64825810E+00      0.59624408E+00      0.46838287E-05     -0.45027519E-06      0.41393201E+01
      0.64862559E+00      0.61638483E+00      0.47546432E-05     -0.46125385E-06      0.42791437E+01
      0.64899309E+00      0.63686691E+00      0.48237352E-05     -0.47204654E-06      0.44213369E+01
      0.64936058E+00      0.65769196E+00      0.48910082E-05     -0.48264147E-06      0.45659112E+01
      0.64972807E+00      0.67886070E+00      0.49563624E-05     -0.49302633E-06      0.47128715E+01
      0.65009557E+00      0.70037285E+00      0.50196952E-05     -0.50318836E-06      0.48622158E+01
      0.65046306E+00      0.72222700E+00      0.50809012E-05     -0.51311436E-06      0.50139345E+01
      0.65083055E+00      0.74442062E+00      0.51398730E-05     -0.52279078E-06      0.51680098E+01
      0.65119805E+00      0.76694992E+00      0.51965011E-05     -0.53220374E-06      0.53244155E+01
      0.65156554E+00      0.78980981E+00      0.52506747E-05     -0.54133908E-06      0.54831162E+01
      0.65193303E+00      0.81299383E+00      0.53022819E-05     -0.55018243E-06      0.56440673E+01
      0.65230053E+00      0.83649414E+00      0.53512104E-05     -0.55871929E-06      0.58072141E+01
      0.65266802E+00      0.86030141E+00      0.53973475E-05     -0.56693504E-06      0.59724918E+01
      0.65303551E+00      0.88440481E+00      0.54405808E-05     -0.57481505E-06      0.61398255E+01
      0.65340301E+00      0.90879200E+00      0.54807989E-05     -0.58234471E-06      0.63091293E+01
      0.65377050E+00      0.93344906E+00      0.55178913E-05     -0.58950951E-06      0.64803066E+01
      0.65413799E+00      0.95836050E+00      0.55517494E-05     -0.59629511E-06      0.66532499E+01
      0.65450549E+00      0.98350923E+00      0.55822670E-05     -0.60268739E-06      0.68278405E+01
      0.65487298E+00      0.10088766E+01      0.56093401E-05     -0.60867253E-06      0.70039489E+01
      0.65524047E+00      0.10344423E+01      0.56328683E-05     -0.61423709E-06      0.71814342E+01
      0.65560797E+00      0.10601845E+01      0.56527547E-05     -0.61936803E-06      0.73601449E+01
      0.65597546E+00      0.10860797E+01      0.56689064E-05     -0.62405284E-06      0.75399183E+01
      0.65634295E+00      0.11121032E+01      0.56812354E-05     -0.62827956E-06      0.77205813E+01
      0.65671044E+00      0.11382283E+01      0.56896585E-05     -0.63203684E-06      0.79019504E+01
      0.65707794E+00      0.11644272E+01      0.56940981E-05     -0.63531406E-06      0.80838317E+01
      0.65744543E+00      0.11906705E+01      0.56944829E-05     -0.63810133E-06      0.82660217E+01
      0.65781292E+00      0.12169277E+01      0.56907475E-05     -0.64038959E-06      0.84483076E+01
      0.65818042E+00      0.12431667E+01      0.56828338E-05     -0.64217063E-06      0.86304674E+01
      0.65854791E+00      0.12693544E+01      0.56706907E-05     -0.64343719E-06      0.88122709E+01
      0.65891540E+00      0.12954565E+01      0.56542749E-05     -0.64418301E-06      0.89934798E+01
      0.65928290E+00      0.13214375E+01      0.56335510E-05     -0.64440283E-06      0.91738485E+01
      0.65965039E+00      0.13472612E+01      0.56084919E-05     -0.64409250E-06      0.93531249E+01
      0.66001788E+00      0.13728903E+01      0.55790794E-05     -0.64324899E-06      0.95310505E+01
      0.66038538E+00      0.13982869E+01      0.55453040E-05     -0.64187044E-06      0.97073619E+01
      0.66075287E+00      0.14234124E+01      0.55071657E-05     -0.63995621E-06      0.98817910E+01
      0.66112036E+00      0.14482275E+01      0.54646739E-05     -0.63750689E-06      0.10054066E+02
      0.66148786E+00      0.14726927E+01      0.54178476E-05     -0.63452435E-06      0.10223911E+02
      0.66185535E+00      0.14967682E+01      0.53667159E-05     -0.63101176E-06      0.10391051E+02
      0.66222284E+00      0.15204138E+01      0.53113178E-05     -0.62697360E-06      0.10555207E+02
      0.66259034E+00      0.15435895E+01      0.52517025E-05     -0.62241572E-06      0.10716100E+02
      0.66295783E+00      0.15662552E+01      0.51879296E-05     -0.61734527E-06      0.10873452E+02
      0.66332532E+00      0.15883711E+01      0.51200689E-05     -0.61177082E-06      0.11026988E+02
      0.66369282E+00      0.16098979E+01      0.50482005E-05     -0.60570227E-06      0.11176434E+02
      0.66406031E+00      0.16307966E+01      0.49724152E-05     -0.59915088E-06      0.11321520E+02
      0.66442780E+00      0.16510290E+01      0.48928136E-05     -0.59212927E-06      0.11461979E+02
      0.66479530E+00      0.16705574E+01      0.48095069E-05     -0.58465143E-06      0.11597552E+02
      0.66516279E+00      0.16893454E+01      0.47226163E-05     -0.57673265E-06      0.11727985E+02
      0.66553028E+00      0.17073575E+01      0.46322730E-05     -0.56838955E-06      0.11853031E+02
      0.66589778E+00      0.17245594E+01      0.45386178E-05     -0.55964001E-06      0.11972452E+02
      0.66626527E+00      0.17409181E+01      0.44418014E-05     -0.55050320E-06      0.12086019E+02
      0.66663276E+00      0.17564022E+01      0.43419835E-05     -0.54099949E-06      0.12193515E+02
      0.66700026E+00      0.17709818E+01      0.42393330E-05     -0.53115041E-06      0.12294731E+02
      0.66736775E+00      0.17846288E+01      0.41340274E-05     -0.52097866E-06      0.12389473E+02
      0.66773524E+00      0.17973169E+01      0.40262526E-05     -0.51050800E-06      0.12477558E+02
      0.66810274E+00      0.18090220E+01      0.39162025E-05     -0.49976325E-06      0.12558818E+02
      0.66847023E+00      0.18197218E+01      0.38040784E-05     -0.48877017E-06      0.12633100E+02
      0.66883772E+00      0.18293965E+01      0.36900889E-05     -0.47755547E-06      0.12700265E+02
      0.66920522E+00      0.18380286E+01      0.35744491E-05     -0.46614668E-06      0.12760191E+02
      0.66957271E+00      0.18456027E+01      0.34573802E-05     -0.45457213E-06      0.12812774E+02
      0.66994020E+00      0.18521065E+01      0.33391090E-05     -0.44286084E-06      0.12857925E+02
      0.67030770E+00      0.18575297E+01      0.32198676E-05     -0.43104247E-06      0.12895575E+02
      0.67067519E+00      0.18618653E+01      0.30998921E-05     -0.41914724E-06      0.12925674E+02
      0.67104268E+00      0.18651085E+01      0.29794228E-05     -0.40720582E-06      0.12948189E+02
      0.67141018E+00      0.18672578E+01      0.28587033E-05     -0.39524927E-06      0.12963110E+02
      0.67177767E+00      0.18683143E+01      0.27379795E-05     -0.38330896E-06      0.12970445E+02
      0.67214516E+00      0.18682822E+01      0.26174995E-05     -0.37141646E-06      0.12970222E+02
      0.67251265E+00      0.18671685E+01      0.24975127E-05     -0.35960345E-06      0.12962490E+02
      0.67288015E+00      0.18649835E+01      0.23782691E-05     -0.34790165E-06      0.12947321E+02
      0.67324764E+00      0.18617403E+01      0.22600184E-05     -0.33634271E-06      0.12924806E+02
      0.67361513E+00      0.18574550E+01      0.21430100E-05     -0.32495810E-06      0.12895056E+02
      0.67398263E+00      0.18521470E+01      0.20274915E-05     -0.31377905E-06      0.12858206E+02
      0.67435012E+00      0.18458386E+01      0.19137083E-05     -0.30283643E-06      0.12814411E+02
      0.67471761E+00      0.18385551E+01      0.18019033E-05     -0.29216066E-06      0.12763846E+02
      0.67508511E+00      0.18303247E+01      0.16923155E-05     -0.28178161E-06      0.12706709E+02
      0.67545260E+00      0.18211788E+01      0.15851796E-05     -0.27172853E-06      0.12643215E+02
      0.67582009E+00      0.18111515E+01      0.14807257E-05     -0.26202992E-06      0.12573602E+02
      0.67618759E+00      0.18002800E+01      0.13791778E-05     -0.25271345E-06      0.12498128E+02
      0.67655508E+00      0.17886039E+01      0.12807540E-05     -0.24380590E-06      0.12417070E+02
      0.67692257E+00      0.17761660E+01      0.11856650E-05     -0.23533301E-06      0.12330721E+02
      0.67729007E+00      0.17630112E+01      0.10941142E-05     -0.22731945E-06      0.12239397E+02
      0.67765756E+00      0.17491874E+01      0.10062965E-05     -0.21978872E-06      0.12143427E+02
      0.67802505E+00      0.17347447E+01      0.92239800E-06     -0.21276303E-06      0.12043161E+02
      0.67839255E+00      0.17197355E+01      0.84259531E-06     -0.20626328E-06      0.11938963E+02
      0.67876004E+00      0.17042145E+01      0.76705497E-06     -0.20030896E-06      0.11831211E+02
      0.67912753E+00      0.16882385E+01      0.69593291E-06     -0.19491806E-06      0.11720300E+02
      0.67949503E+00      0.16718659E+01      0.62937394E-06     -0.19010701E-06      0.11606637E+02
      0.67986252E+00      0.16551575E+01      0.56751125E-06     -0.18589065E-06      0.11490641E+02
      0.68023001E+00      0.16381750E+01      0.51046594E-06     -0.18228211E-06      0.11372743E+02
      0.68059751E+00      0.16209823E+01      0.45834659E-06     -0.17929283E-06      0.11253386E+02
      0.68096500E+00      0.16036440E+01      0.41124889E-06     -0.17693243E-06      0.11133018E+02
      0.68133249E+00      0.15862264E+01      0.36925523E-06     -0.17520870E-06      0.11012099E+02
      0.68169999E+00      0.15687962E+01      0.33243440E-06     -0.17412760E-06      0.10891093E+02
      0.68206748E+00      0.15514213E+01      0.30084130E-06     -0.17369315E-06      0.10770471E+02
      0.68243497E+00      0.15341702E+01      0.27451667E-06     -0.17390744E-06      0.10650708E+02
      0.68280247E+00      0.15171115E+01      0.25348689E-06     -0.17477061E-06      0.10532281E+02
      0.68316996E+00      0.15003144E+01      0.23776380E-06     -0.17628082E-06      0.10415670E+02
      0.68353745E+00      0.14838478E+01      0.22734457E-06     -0.17843422E-06      0.10301354E+02
      0.68390495E+00      0.14677808E+01      0.22221159E-06     -0.18122498E-06      0.10189811E+02
      0.68427244E+00      0.14521818E+01      0.22233247E-06     -0.18464526E-06      0.10081518E+02
      0.68463993E+00      0.14371187E+01      0.22765996E-06     -0.18868522E-06      0.99769452E+01
      0.68500743E+00      0.14226590E+01      0.23813204E-06     -0.19333303E-06      0.98765607E+01
      0.68537492E+00      0.14088687E+01      0.25367195E-06     -0.19857490E-06      0.97808243E+01
      0.68574241E+00      0.13958131E+01      0.27418838E-06     -0.20439507E-06      0.96901879E+01
      0.68610991E+00      0.13835559E+01      0.29957554E-06     -0.21077587E-06      0.96050945E+01
      0.68647740E+00      0.13721594E+01      0.32971344E-06     -0.21769773E-06      0.95259761E+01
      0.68684489E+00      0.13616840E+01      0.36446809E-06     -0.22513922E-06      0.94532529E+01
      0.68721238E+00      0.13521885E+01      0.40369179E-06     -0.23307712E-06      0.93873317E+01
      0.68757988E+00      0.13437292E+01      0.44722348E-06     -0.24148644E-06      0.93286048E+01
      0.68794737E+00      0.13363605E+01      0.49488907E-06     -0.25034049E-06      0.92774487E+01
      0.68831486E+00      0.13301341E+01      0.54650189E-06     -0.25961093E-06      0.92342230E+01
      0.68868236E+00      0.13250992E+01      0.60186308E-06     -0.26926784E-06      0.91992690E+01
      0.68904985E+00      0.13213022E+01      0.66076209E-06     -0.27927980E-06      0.91729088E+01
      0.68941734E+00      0.13187865E+01      0.72297719E-06     -0.28961396E-06      0.91554443E+01
      0.68978484E+00      0.13175926E+01      0.78827605E-06     -0.30023609E-06      0.91471559E+01
      0.69015233E+00      0.13177577E+01      0.85641623E-06     -0.31111073E-06      0.91483017E+01
      0.69051982E+00      0.13193155E+01      0.92714590E-06     -0.32220121E-06      0.91591166E+01
      0.69088732E+00      0.13222964E+01      0.10002044E-05     -0.33346976E-06      0.91798115E+01
      0.69125481E+00      0.13267274E+01      0.10753229E-05     -0.34487764E-06      0.92105723E+01
      0.69162230E+00      0.13326313E+01      0.11522251E-05     -0.35638520E-06      0.92515594E+01
      0.69198980E+00      0.13400276E+01      0.12306280E-05     -0.36795198E-06      0.93029070E+01
      0.69235729E+00      0.13489317E+01      0.13102427E-05     -0.37953684E-06      0.93647224E+01
      0.69272478E+00      0.13593552E+01      0.13907748E-05     -0.39109805E-06      0.94370856E+01
      0.69309228E+00      0.13713056E+01      0.14719255E-05     -0.40259340E-06      0.95200490E+01
      0.69345977E+00      0.13847863E+01      0.15533925E-05     -0.41398032E-06      0.96136365E+01
      0.69382726E+00      0.13997968E+01      0.16348702E-05     -0.42521597E-06      0.97178440E+01
      0.69419476E+00      0.14163322E+01      0.17160512E-05     -0.43625737E-06      0.98326385E+01
      0.69456225E+00      0.14343838E+01      0.17966268E-05     -0.44706152E-06      0.99579584E+01
      0.69492974E+00      0.14539385E+01      0.18762878E-05     -0.45758548E-06      0.10093713E+02
      0.69529724E+00      0.14749790E+01      0.19547251E-05     -0.46778652E-06      0.10239783E+02
      0.69566473E+00      0.14974842E+01      0.20316312E-05     -0.47762225E-06      0.10396022E+02
      0.69603222E+00      0.15214285E+01      0.21067003E-05     -0.48705065E-06      0.10562251E+02
      0.69639972E+00      0.15467826E+01      0.21796296E-05     -0.49603029E-06      0.10738267E+02
      0.69676721E+00      0.15735129E+01      0.22501198E-05     -0.50452036E-06      0.10923838E+02
      0.69713470E+00      0.16015820E+01      0.23178761E-05     -0.51248082E-06      0.11118703E+02
      0.69750220E+00      0.16309487E+01      0.23826090E-05     -0.51987251E-06      0.11322575E+02
      0.69786969E+00      0.16615677E+01      0.24440348E-05     -0.52665723E-06      0.11535143E+02
      0.69823718E+00      0.16933903E+01      0.25018769E-05     -0.53279787E-06      0.11756066E+02
      0.69860468E+00      0.17263641E+01      0.25558658E-05     -0.53825850E-06      0.11984980E+02
      0.69897217E+00      0.17604331E+01      0.26057407E-05     -0.54300448E-06      0.12221499E+02
      0.69933966E+00      0.17955382E+01      0.26512493E-05     -0.54700252E-06      0.12465210E+02
      0.69970716E+00      0.18316169E+01      0.26921494E-05     -0.55022083E-06      0.12715680E+02
      0.70007465E+00      0.18686036E+01      0.27282088E-05     -0.55262915E-06      0.12972453E+02
      0.70044214E+00      0.19064299E+01      0.27592061E-05     -0.55419889E-06      0.13235055E+02
      0.70080964E+00      0.19450244E+01      0.27849319E-05     -0.55490315E-06      0.13502991E+02
      0.70117713E+00      0.19843134E+01      0.28051883E-05     -0.55471685E-06      0.13775748E+02
      0.70154462E+00      0.20242205E+01      0.28197905E-05     -0.55361677E-06      0.14052796E+02
      0.70191212E+00      0.20646673E+01      0.28285666E-05     -0.55158161E-06      0.14333591E+02
      0.70227961E+00      0.21055732E+01      0.28313583E-05     -0.54859209E-06      0.14617573E+02
      0.70264710E+00      0.21468558E+01      0.28280213E-05     -0.54463096E-06      0.14904170E+02
      0.70301459E+00      0.21884309E+01      0.28184259E-05     -0.53968308E-06      0.15192798E+02
      0.70338209E+00      0.22302131E+01      0.28024569E-05     -0.53373544E-06      0.15482864E+02
      0.70374958E+00      0.22721155E+01      0.27800144E-05     -0.52677725E-06      0.15773764E+02
      0.70411707E+00      0.23140504E+01      0.27510138E-05     -0.51879991E-06      0.16064890E+02
      0.70448457E+00      0.23559292E+01      0.27153860E-05     -0.50979707E-06      0.16355626E+02
      0.70485206E+00      0.23976625E+01      0.26730777E-05     -0.49976466E-06      0.16645352E+02
      0.70521955E+00      0.24391608E+01      0.26240516E-05     -0.48870090E-06      0.16933447E+02
      0.70558705E+00      0.24803344E+01      0.25682865E-05     -0.47660628E-06      0.17219287E+02
      0.70595454E+00      0.25210936E+01      0.25057771E-05     -0.46348362E-06      0.17502250E+02
      0.70632203E+00      0.25613488E+01      0.24365344E-05     -0.44933802E-06      0.17781716E+02
      0.70668953E+00      0.26010114E+01      0.23605854E-05     -0.43417689E-06      0.18057066E+02
      0.70705702E+00      0.26399929E+01      0.22779731E-05     -0.41800989E-06      0.18327689E+02
      0.70742451E+00      0.26782064E+01      0.21887565E-05     -0.40084898E-06      0.18592979E+02
      0.70779201E+00      0.27155655E+01      0.20930103E-05     -0.38270832E-06      0.18852338E+02
      0.70815950E+00      0.27519858E+01      0.19908250E-05     -0.36360429E-06      0.19105179E+02
      0.70852699E+00      0.27873840E+01      0.18823062E-05     -0.34355543E-06      0.19350925E+02
      0.70889449E+00      0.28216788E+01      0.17675748E-05     -0.32258243E-06      0.19589011E+02
      0.70926198E+00      0.28547908E+01      0.16467663E-05     -0.30070802E-06      0.19818885E+02
      0.70962947E+00      0.28866429E+01      0.15200307E-05     -0.27795699E-06      0.20040013E+02
      0.70999697E+00      0.29171602E+01      0.13875322E-05     -0.25435610E-06      0.20251874E+02
      0.71036446E+00      0.29462705E+01      0.12494484E-05     -0.22993401E-06      0.20453967E+02
      0.71073195E+00      0.29739042E+01      0.11059702E-05     -0.20472121E-06      0.20645809E+02
      0.71109945E+00      0.29999945E+01      0.95730137E-06     -0.17874999E-06      0.20826937E+02
      0.71146694E+00      0.30244780E+01      0.80365756E-06     -0.15205433E-06      0.20996909E+02
      0.71183443E+00      0.30472941E+01      0.64526626E-06     -0.12466980E-06      0.21155305E+02
      0.71220193E+00      0.30683857E+01      0.48236596E-06     -0.96633547E-07      0.21301730E+02
      0.71256942E+00      0.30876992E+01      0.31520566E-06     -0.67984135E-07      0.21435811E+02
      0.71293691E+00      0.31051846E+01      0.14404417E-06     -0.38761501E-07      0.21557200E+02
      0.71330441E+00      0.31207955E+01     -0.30850497E-07     -0.90068429E-08      0.21665576E+02
      0.71367190E+00      0.31344894E+01     -0.20920178E-06      0.21237470E-07      0.21760643E+02
      0.71403939E+00      0.31462276E+01     -0.39072528E-06      0.51927998E-07      0.21842134E+02
      0.71440689E+00      0.31559756E+01     -0.57512947E-06      0.83020328E-07      0.21909808E+02
      0.71477438E+00      0.31637028E+01     -0.76211639E-06      0.11446918E-06      0.21963452E+02
      0.71514187E+00      0.31693827E+01     -0.95138239E-06      0.14622850E-06      0.22002884E+02
      0.71550937E+00      0.31729931E+01     -0.11426189E-05      0.17825160E-06      0.22027949E+02
      0.71587686E+00      0.31745159E+01     -0.13355130E-05      0.21049120E-06      0.22038521E+02
      0.71624435E+00      0.31739373E+01     -0.15297486E-05      0.24289961E-06      0.22034504E+02
      0.71661185E+00      0.31712478E+01     -0.17250066E-05      0.27542878E-06      0.22015833E+02
      0.71697934E+00      0.31664422E+01     -0.19209663E-05      0.30803045E-06      0.21982470E+02
      0.71734683E+00      0.31595193E+01     -0.21173056E-05      0.34065620E-06      0.21934410E+02
      0.71771433E+00      0.31504826E+01     -0.23137021E-05      0.37325765E-06      0.21871674E+02
      0.71808182E+00      0.31393394E+01     -0.25098338E-05      0.40578647E-06      0.21794314E+02
      0.71844931E+00      0.31261016E+01     -0.27053798E-05      0.43819454E-06      0.21702413E+02
      0.71881680E+00      0.31107848E+01     -0.29000210E-05      0.47043406E-06      0.21596079E+02
      0.71918430E+00      0.30934091E+01     -0.30934408E-05      0.50245763E-06      0.21475451E+02
      0.71955179E+00      0.30739984E+01     -0.32853262E-05      0.53421834E-06      0.21340695E+02
      0.71991928E+00      0.30525806E+01     -0.34753679E-05      0.56566992E-06      0.21192006E+02
      0.72028678E+00      0.30291874E+01     -0.36632616E-05      0.59676678E-06      0.21029603E+02
      0.72065427E+00      0.30038545E+01     -0.38487081E-05      0.62746417E-06      0.20853733E+02
      0.72102176E+00      0.29766209E+01     -0.40314146E-05      0.65771819E-06      0.20664669E+02
      0.72138926E+00      0.29475295E+01     -0.42110945E-05      0.68748595E-06      0.20462708E+02
      0.72175675E+00      0.29166265E+01     -0.43874691E-05      0.71672565E-06      0.20248168E+02
      0.72212424E+00      0.28839612E+01     -0.45602669E-05      0.74539660E-06      0.20021396E+02
      0.72249174E+00      0.28495864E+01     -0.47292255E-05      0.77345939E-06      0.19782755E+02
      0.72285923E+00      0.28135577E+01     -0.48940909E-05      0.80087590E-06      0.19532632E+02
      0.72322672E+00      0.27759337E+01     -0.50546191E-05      0.82760939E-06      0.19271433E+02
      0.72359422E+00      0.27367755E+01     -0.52105758E-05      0.85362459E-06      0.18999584E+02
      0.72396171E+00      0.26961470E+01     -0.53617371E-05      0.87888773E-06      0.18717528E+02
      0.72432920E+00      0.26541144E+01     -0.55078902E-05      0.90336662E-06      0.18425724E+02
      0.72469670E+00      0.26107460E+01     -0.56488332E-05      0.92703071E-06      0.18124647E+02
      0.72506419E+00      0.25661124E+01     -0.57843761E-05      0.94985114E-06      0.17814786E+02
      0.72543168E+00      0.25202857E+01     -0.59143407E-05      0.97180077E-06      0.17496642E+02
      0.72579918E+00      0.24733400E+01     -0.60385610E-05      0.99285422E-06      0.17170730E+02
      0.72616667E+00      0.24253507E+01     -0.61568835E-05      0.10129880E-05      0.16837573E+02
      0.72653416E+00      0.23763947E+01     -0.62691674E-05      0.10321803E-05      0.16497704E+02
      0.72690166E+00      0.23265497E+01     -0.63752848E-05      0.10504113E-05      0.16151663E+02
      0.72726915E+00      0.22758946E+01     -0.64751209E-05      0.10676631E-05      0.15799999E+02
      0.72763664E+00      0.22245089E+01     -0.65685740E-05      0.10839196E-05      0.15443263E+02
      0.72800414E+00      0.21724728E+01     -0.66555556E-05      0.10991668E-05      0.15082012E+02
      0.72837163E+00      0.21198666E+01     -0.67359906E-05      0.11133925E-05      0.14716803E+02
      0.72873912E+00      0.20667711E+01     -0.68098171E-05      0.11265864E-05      0.14348196E+02
      0.72910662E+00      0.20132668E+01     -0.68769866E-05      0.11387402E-05      0.13976752E+02
      0.72947411E+00      0.19594341E+01     -0.69374639E-05      0.11498476E-05      0.13603028E+02
      0.72984160E+00      0.19053531E+01     -0.69912268E-05      0.11599042E-05      0.13227580E+02
      0.73020910E+00      0.18511032E+01     -0.70382662E-05      0.11689073E-05      0.12850959E+02
      0.73057659E+00      0.17967631E+01     -0.70785860E-05      0.11768564E-05      0.12473713E+02
      0.73094408E+00      0.17424107E+01     -0.71122027E-05      0.11837527E-05      0.12096381E+02
      0.73131158E+00      0.16881227E+01     -0.71391455E-05      0.11895993E-05      0.11719496E+02
      0.73167907E+00      0.16339746E+01     -0.71594556E-05      0.11944010E-05      0.11343583E+02
      0.73204656E+00      0.15800406E+01     -0.71731864E-05      0.11981644E-05      0.10969155E+02
      0.73241406E+00      0.15263932E+01     -0.71804030E-05      0.12008980E-05      0.10596717E+02
      0.73278155E+00      0.14731033E+01     -0.71811819E-05      0.12026119E-05      0.10226761E+02
      0.73314904E+00      0.14202399E+01     -0.71756106E-05      0.12033176E-05      0.98597669E+01
      0.73351653E+00      0.13678702E+01     -0.71637874E-05      0.12030287E-05      0.94961994E+01
      0.73388403E+00      0.13160592E+01     -0.71458208E-05      0.12017598E-05      0.91365103E+01
      0.73425152E+00      0.12648696E+01     -0.71218291E-05      0.11995274E-05      0.87811357E+01
      0.73461901E+00      0.12143620E+01     -0.70919404E-05      0.11963492E-05      0.84304954E+01
      0.73498651E+00      0.11645944E+01     -0.70562914E-05      0.11922444E-05      0.80849927E+01
