# nspin         1
# kick mode    0
# kick strength    0.005000000000
# dim           3
# pol(1)           1.000000000000    0.000000000000    0.000000000000
# pol(2)           0.000000000000    1.000000000000    0.000000000000
# pol(3)           0.000000000000    0.000000000000    1.000000000000
# direction    1
# Equiv. axes  0
# wprime           0.000000000000    0.000000000000    1.000000000000
# kick time        0.000000000000
#%
# Number of time steps =    10000
# PropagationSpectrumDampMode   =    2
# PropagationSpectrumDampFactor =    -1.0000
# PropagationSpectrumStartTime  =     0.0000
# PropagationSpectrumEndTime    =   200.0000
# PropagationSpectrumMinEnergy  =     0.0000
# PropagationSpectrumMaxEnergy  =     0.7350
# PropagationSpectrumEnergyStep =     0.0004
#%
# Electronic sum rule       =         1.946003
# Static polarizability (from sum rule) =         6.942427 b
#%
#       Energy        sigma(1, nspin=1)   sigma(2, nspin=1)   sigma(3, nspin=1)   StrengthFunction(1)
#        [H]                [b^2]               [b^2]               [b^2]               [1/H]        
      0.00000000E+00     -0.00000000E+00     -0.00000000E+00     -0.00000000E+00     -0.00000000E+00
      0.36749325E-03      0.12742578E-08     -0.35322115E-11     -0.16450385E-05      0.88463115E-08
      0.73498651E-03      0.51238455E-08     -0.14120620E-10     -0.65765428E-05      0.35571400E-07
      0.11024798E-02      0.11629003E-07     -0.31740576E-10     -0.14783691E-04      0.80732316E-07
      0.14699730E-02      0.20922787E-07     -0.56351083E-10     -0.26248485E-04      0.14525278E-06
      0.18374663E-02      0.33190062E-07     -0.87894929E-10     -0.40945804E-04      0.23041619E-06
      0.22049595E-02      0.48666096E-07     -0.12629887E-09     -0.58843487E-04      0.33785585E-06
      0.25724528E-02      0.67634772E-07     -0.17147387E-09     -0.79902430E-04      0.46954256E-06
      0.29399460E-02      0.90426431E-07     -0.22331538E-09     -0.10407671E-03      0.62776966E-06
      0.33074393E-02      0.11741535E-06     -0.28170367E-09     -0.13131372E-03      0.81513549E-06
      0.36749325E-02      0.14901688E-06     -0.34650422E-09     -0.16155434E-03      0.10345236E-05
      0.40424258E-02      0.18568429E-06     -0.41756814E-09     -0.19473313E-03      0.12890807E-05
      0.44099190E-02      0.22790525E-06     -0.49473265E-09     -0.23077852E-03      0.15821923E-05
      0.47774123E-02      0.27619813E-06     -0.57782161E-09     -0.26961302E-03      0.19174572E-05
      0.51449056E-02      0.33110796E-06     -0.66664606E-09     -0.31115348E-03      0.22986590E-05
      0.55123988E-02      0.39320221E-06     -0.76100483E-09     -0.35531134E-03      0.27297375E-05
      0.58798921E-02      0.46306641E-06     -0.86068520E-09     -0.40199290E-03      0.32147574E-05
      0.62473853E-02      0.54129955E-06     -0.96546354E-09     -0.45109960E-03      0.37578773E-05
      0.66148786E-02      0.62850937E-06     -0.10751060E-08     -0.50252835E-03      0.43633162E-05
      0.69823718E-02      0.72530759E-06     -0.11893694E-08     -0.55617179E-03      0.50353209E-05
      0.73498651E-02      0.83230501E-06     -0.13080018E-08     -0.61191867E-03      0.57781317E-05
      0.77173583E-02      0.95010665E-06     -0.14307433E-08     -0.66965416E-03      0.65959490E-05
      0.80848516E-02      0.10793068E-05     -0.15573272E-08     -0.72926020E-03      0.74928987E-05
      0.84523448E-02      0.12204844E-05     -0.16874802E-08     -0.79061584E-03      0.84729992E-05
      0.88198381E-02      0.13741978E-05     -0.18209239E-08     -0.85359764E-03      0.95401278E-05
      0.91873313E-02      0.15409807E-05     -0.19573753E-08     -0.91807999E-03      0.10697989E-04
      0.95548246E-02      0.17213371E-05     -0.20965478E-08     -0.98393549E-03      0.11950081E-04
      0.99223179E-02      0.19157372E-05     -0.22381521E-08     -0.10510354E-02      0.13299670E-04
      0.10289811E-01      0.21246134E-05     -0.23818971E-08     -0.11192498E-02      0.14749756E-04
      0.10657304E-01      0.23483560E-05     -0.25274905E-08     -0.11884483E-02      0.16303050E-04
      0.11024798E-01      0.25873099E-05     -0.26746404E-08     -0.12585002E-02      0.17961946E-04
      0.11392291E-01      0.28417713E-05     -0.28230553E-08     -0.13292747E-02      0.19728499E-04
      0.11759784E-01      0.31119842E-05     -0.29724456E-08     -0.14006416E-02      0.21604405E-04
      0.12127277E-01      0.33981383E-05     -0.31225246E-08     -0.14724717E-02      0.23590980E-04
      0.12494771E-01      0.37003663E-05     -0.32730086E-08     -0.15446367E-02      0.25689145E-04
      0.12862264E-01      0.40187421E-05     -0.34236185E-08     -0.16170099E-02      0.27899413E-04
      0.13229757E-01      0.43532793E-05     -0.35740804E-08     -0.16894666E-02      0.30221879E-04
      0.13597250E-01      0.47039299E-05     -0.37241262E-08     -0.17618842E-02      0.32656210E-04
      0.13964744E-01      0.50705839E-05     -0.38734946E-08     -0.18341428E-02      0.35201641E-04
      0.14332237E-01      0.54530686E-05     -0.40219319E-08     -0.19061251E-02      0.37856974E-04
      0.14699730E-01      0.58511493E-05     -0.41691924E-08     -0.19777170E-02      0.40620579E-04
      0.15067223E-01      0.62645293E-05     -0.43150396E-08     -0.20488081E-02      0.43490397E-04
      0.15434717E-01      0.66928514E-05     -0.44592465E-08     -0.21192913E-02      0.46463949E-04
      0.15802210E-01      0.71356994E-05     -0.46015962E-08     -0.21890637E-02      0.49538343E-04
      0.16169703E-01      0.75925997E-05     -0.47418827E-08     -0.22580266E-02      0.52710293E-04
      0.16537196E-01      0.80630239E-05     -0.48799114E-08     -0.23260856E-02      0.55976131E-04
      0.16904690E-01      0.85463913E-05     -0.50154995E-08     -0.23931509E-02      0.59331825E-04
      0.17272183E-01      0.90420725E-05     -0.51484765E-08     -0.24591377E-02      0.62773005E-04
      0.17639676E-01      0.95493925E-05     -0.52786848E-08     -0.25239659E-02      0.66294985E-04
      0.18007169E-01      0.10067635E-04     -0.54059796E-08     -0.25875607E-02      0.69892790E-04
      0.18374663E-01      0.10596045E-04     -0.55302300E-08     -0.26498525E-02      0.73561186E-04
      0.18742156E-01      0.11133837E-04     -0.56513183E-08     -0.27107771E-02      0.77294710E-04
      0.19109649E-01      0.11680195E-04     -0.57691412E-08     -0.27702756E-02      0.81087707E-04
      0.19477142E-01      0.12234282E-04     -0.58836093E-08     -0.28282947E-02      0.84934361E-04
      0.19844636E-01      0.12795243E-04     -0.59946474E-08     -0.28847867E-02      0.88828732E-04
      0.20212129E-01      0.13362209E-04     -0.61021948E-08     -0.29397094E-02      0.92764798E-04
      0.20579622E-01      0.13934308E-04     -0.62062051E-08     -0.29930263E-02      0.96736490E-04
      0.20947115E-01      0.14510663E-04     -0.63066463E-08     -0.30447065E-02      0.10073773E-03
      0.21314609E-01      0.15090404E-04     -0.64035006E-08     -0.30947244E-02      0.10476249E-03
      0.21682102E-01      0.15672674E-04     -0.64967643E-08     -0.31430603E-02      0.10880479E-03
      0.22049595E-01      0.16256629E-04     -0.65864479E-08     -0.31896996E-02      0.11285880E-03
      0.22417088E-01      0.16841450E-04     -0.66725755E-08     -0.32346333E-02      0.11691882E-03
      0.22784582E-01      0.17426345E-04     -0.67551848E-08     -0.32778574E-02      0.12097935E-03
      0.23152075E-01      0.18010558E-04     -0.68343267E-08     -0.33193733E-02      0.12503515E-03
      0.23519568E-01      0.18593370E-04     -0.69100649E-08     -0.33591872E-02      0.12908122E-03
      0.23887062E-01      0.19174109E-04     -0.69824757E-08     -0.33973101E-02      0.13311290E-03
      0.24254555E-01      0.19752152E-04     -0.70516473E-08     -0.34337579E-02      0.13712586E-03
      0.24622048E-01      0.20326930E-04     -0.71176796E-08     -0.34685507E-02      0.14111615E-03
      0.24989541E-01      0.20897935E-04     -0.71806835E-08     -0.35017131E-02      0.14508025E-03
      0.25357035E-01      0.21464721E-04     -0.72407803E-08     -0.35332736E-02      0.14901506E-03
      0.25724528E-01      0.22026909E-04     -0.72981015E-08     -0.35632647E-02      0.15291796E-03
      0.26092021E-01      0.22584193E-04     -0.73527878E-08     -0.35917225E-02      0.15678680E-03
      0.26459514E-01      0.23136338E-04     -0.74049886E-08     -0.36186863E-02      0.16061997E-03
      0.26827008E-01      0.23683187E-04     -0.74548614E-08     -0.36441988E-02      0.16441638E-03
      0.27194501E-01      0.24224661E-04     -0.75025709E-08     -0.36683055E-02      0.16817546E-03
      0.27561994E-01      0.24760760E-04     -0.75482889E-08     -0.36910543E-02      0.17189724E-03
      0.27929487E-01      0.25291565E-04     -0.75921926E-08     -0.37124957E-02      0.17558226E-03
      0.28296981E-01      0.25817242E-04     -0.76344648E-08     -0.37326822E-02      0.17923168E-03
      0.28664474E-01      0.26338034E-04     -0.76752928E-08     -0.37516680E-02      0.18284719E-03
      0.29031967E-01      0.26854267E-04     -0.77148674E-08     -0.37695089E-02      0.18643105E-03
      0.29399460E-01      0.27366349E-04     -0.77533825E-08     -0.37862620E-02      0.18998608E-03
      0.29766954E-01      0.27874764E-04     -0.77910343E-08     -0.38019852E-02      0.19351567E-03
      0.30134447E-01      0.28380074E-04     -0.78280203E-08     -0.38167373E-02      0.19702369E-03
      0.30501940E-01      0.28882913E-04     -0.78645389E-08     -0.38305772E-02      0.20051457E-03
      0.30869433E-01      0.29383989E-04     -0.79007882E-08     -0.38435643E-02      0.20399320E-03
      0.31236927E-01      0.29884073E-04     -0.79369657E-08     -0.38557576E-02      0.20746494E-03
      0.31604420E-01      0.30384002E-04     -0.79732674E-08     -0.38672159E-02      0.21093561E-03
      0.31971913E-01      0.30884670E-04     -0.80098869E-08     -0.38779972E-02      0.21441141E-03
      0.32339406E-01      0.31387024E-04     -0.80470150E-08     -0.38881587E-02      0.21789892E-03
      0.32706900E-01      0.31892059E-04     -0.80848390E-08     -0.38977565E-02      0.22140503E-03
      0.33074393E-01      0.32400810E-04     -0.81235415E-08     -0.39068453E-02      0.22493695E-03
      0.33441886E-01      0.32914350E-04     -0.81633008E-08     -0.39154782E-02      0.22850211E-03
      0.33809379E-01      0.33433780E-04     -0.82042891E-08     -0.39237067E-02      0.23210816E-03
      0.34176873E-01      0.33960221E-04     -0.82466731E-08     -0.39315802E-02      0.23576289E-03
      0.34544366E-01      0.34494812E-04     -0.82906123E-08     -0.39391457E-02      0.23947419E-03
      0.34911859E-01      0.35038697E-04     -0.83362594E-08     -0.39464484E-02      0.24325001E-03
      0.35279352E-01      0.35593020E-04     -0.83837595E-08     -0.39535305E-02      0.24709830E-03
      0.35646846E-01      0.36158918E-04     -0.84332494E-08     -0.39604319E-02      0.25102695E-03
      0.36014339E-01      0.36737513E-04     -0.84848575E-08     -0.39671896E-02      0.25504375E-03
      0.36381832E-01      0.37329902E-04     -0.85387035E-08     -0.39738377E-02      0.25915631E-03
      0.36749325E-01      0.37937153E-04     -0.85948978E-08     -0.39804074E-02      0.26337204E-03
      0.37116819E-01      0.38560294E-04     -0.86535412E-08     -0.39869268E-02      0.26769809E-03
      0.37484312E-01      0.39200308E-04     -0.87147251E-08     -0.39934208E-02      0.27214127E-03
      0.37851805E-01      0.39858122E-04     -0.87785307E-08     -0.39999112E-02      0.27670803E-03
      0.38219298E-01      0.40534605E-04     -0.88450292E-08     -0.40064166E-02      0.28140440E-03
      0.38586792E-01      0.41230557E-04     -0.89142817E-08     -0.40129521E-02      0.28623592E-03
      0.38954285E-01      0.41946702E-04     -0.89863388E-08     -0.40195299E-02      0.29120763E-03
      0.39321778E-01      0.42683686E-04     -0.90612411E-08     -0.40261586E-02      0.29632402E-03
      0.39689271E-01      0.43442068E-04     -0.91390187E-08     -0.40328437E-02      0.30158895E-03
      0.40056765E-01      0.44222313E-04     -0.92196913E-08     -0.40395875E-02      0.30700566E-03
      0.40424258E-01      0.45024790E-04     -0.93032686E-08     -0.40463891E-02      0.31257672E-03
      0.40791751E-01      0.45849768E-04     -0.93897504E-08     -0.40532446E-02      0.31830398E-03
      0.41159244E-01      0.46697408E-04     -0.94791264E-08     -0.40601469E-02      0.32418857E-03
      0.41526738E-01      0.47567763E-04     -0.95713766E-08     -0.40670861E-02      0.33023086E-03
      0.41894231E-01      0.48460776E-04     -0.96664718E-08     -0.40740494E-02      0.33643045E-03
      0.42261724E-01      0.49376274E-04     -0.97643735E-08     -0.40810214E-02      0.34278613E-03
      0.42629217E-01      0.50313970E-04     -0.98650345E-08     -0.40879838E-02      0.34929592E-03
      0.42996711E-01      0.51273461E-04     -0.99683990E-08     -0.40949162E-02      0.35595702E-03
      0.43364204E-01      0.52254226E-04     -0.10074403E-07     -0.41017957E-02      0.36276581E-03
      0.43731697E-01      0.53255630E-04     -0.10182975E-07     -0.41085973E-02      0.36971789E-03
      0.44099190E-01      0.54276924E-04     -0.10294037E-07     -0.41152938E-02      0.37680804E-03
      0.44466684E-01      0.55317245E-04     -0.10407502E-07     -0.41218565E-02      0.38403029E-03
      0.44834177E-01      0.56375621E-04     -0.10523279E-07     -0.41282546E-02      0.39137787E-03
      0.45201670E-01      0.57450972E-04     -0.10641270E-07     -0.41344564E-02      0.39884331E-03
      0.45569163E-01      0.58542116E-04     -0.10761372E-07     -0.41404283E-02      0.40641839E-03
      0.45936657E-01      0.59647775E-04     -0.10883477E-07     -0.41461360E-02      0.41409423E-03
      0.46304150E-01      0.60766575E-04     -0.11007472E-07     -0.41515443E-02      0.42186130E-03
      0.46671643E-01      0.61897057E-04     -0.11133243E-07     -0.41566169E-02      0.42970948E-03
      0.47039137E-01      0.63037681E-04     -0.11260669E-07     -0.41613174E-02      0.43762806E-03
      0.47406630E-01      0.64186835E-04     -0.11389630E-07     -0.41656090E-02      0.44560586E-03
      0.47774123E-01      0.65342840E-04     -0.11520001E-07     -0.41694546E-02      0.45363122E-03
      0.48141616E-01      0.66503959E-04     -0.11651658E-07     -0.41728173E-02      0.46169208E-03
      0.48509110E-01      0.67668406E-04     -0.11784475E-07     -0.41756606E-02      0.46977605E-03
      0.48876603E-01      0.68834356E-04     -0.11918325E-07     -0.41779482E-02      0.47787046E-03
      0.49244096E-01      0.69999951E-04     -0.12053082E-07     -0.41796448E-02      0.48596240E-03
      0.49611589E-01      0.71163314E-04     -0.12188621E-07     -0.41807157E-02      0.49403885E-03
      0.49979083E-01      0.72322555E-04     -0.12324818E-07     -0.41811272E-02      0.50208667E-03
      0.50346576E-01      0.73475780E-04     -0.12461550E-07     -0.41808469E-02      0.51009273E-03
      0.50714069E-01      0.74621107E-04     -0.12598698E-07     -0.41798439E-02      0.51804397E-03
      0.51081562E-01      0.75756671E-04     -0.12736143E-07     -0.41780886E-02      0.52592742E-03
      0.51449056E-01      0.76880636E-04     -0.12873772E-07     -0.41755533E-02      0.53373035E-03
      0.51816549E-01      0.77991204E-04     -0.13011475E-07     -0.41722119E-02      0.54144027E-03
      0.52184042E-01      0.79086627E-04     -0.13149143E-07     -0.41680404E-02      0.54904506E-03
      0.52551535E-01      0.80165216E-04     -0.13286676E-07     -0.41630169E-02      0.55653297E-03
      0.52919029E-01      0.81225349E-04     -0.13423976E-07     -0.41571218E-02      0.56389276E-03
      0.53286522E-01      0.82265483E-04     -0.13560950E-07     -0.41503377E-02      0.57111370E-03
      0.53654015E-01      0.83284161E-04     -0.13697511E-07     -0.41426497E-02      0.57818570E-03
      0.54021508E-01      0.84280023E-04     -0.13833578E-07     -0.41340452E-02      0.58509930E-03
      0.54389002E-01      0.85251811E-04     -0.13969075E-07     -0.41245146E-02      0.59184576E-03
      0.54756495E-01      0.86198377E-04     -0.14103931E-07     -0.41140506E-02      0.59841714E-03
      0.55123988E-01      0.87118695E-04     -0.14238085E-07     -0.41026487E-02      0.60480628E-03
      0.55491481E-01      0.88011858E-04     -0.14371478E-07     -0.40903073E-02      0.61100691E-03
      0.55858975E-01      0.88877095E-04     -0.14504059E-07     -0.40770273E-02      0.61701366E-03
      0.56226468E-01      0.89713765E-04     -0.14635784E-07     -0.40628127E-02      0.62282210E-03
      0.56593961E-01      0.90521371E-04     -0.14766616E-07     -0.40476701E-02      0.62842876E-03
      0.56961454E-01      0.91299555E-04     -0.14896522E-07     -0.40316090E-02      0.63383117E-03
      0.57328948E-01      0.92048108E-04     -0.15025477E-07     -0.40146417E-02      0.63902787E-03
      0.57696441E-01      0.92766966E-04     -0.15153463E-07     -0.39967832E-02      0.64401841E-03
      0.58063934E-01      0.93456215E-04     -0.15280466E-07     -0.39780512E-02      0.64880340E-03
      0.58431427E-01      0.94116089E-04     -0.15406482E-07     -0.39584664E-02      0.65338446E-03
      0.58798921E-01      0.94746970E-04     -0.15531508E-07     -0.39380516E-02      0.65776424E-03
      0.59166414E-01      0.95349384E-04     -0.15655552E-07     -0.39168326E-02      0.66194640E-03
      0.59533907E-01      0.95924003E-04     -0.15778622E-07     -0.38948375E-02      0.66593559E-03
      0.59901400E-01      0.96471638E-04     -0.15900736E-07     -0.38720969E-02      0.66973745E-03
      0.60268894E-01      0.96993234E-04     -0.16021914E-07     -0.38486434E-02      0.67335854E-03
      0.60636387E-01      0.97489868E-04     -0.16142183E-07     -0.38245123E-02      0.67680633E-03
      0.61003880E-01      0.97962739E-04     -0.16261573E-07     -0.37997405E-02      0.68008916E-03
      0.61371373E-01      0.98413165E-04     -0.16380119E-07     -0.37743673E-02      0.68321616E-03
      0.61738867E-01      0.98842572E-04     -0.16497858E-07     -0.37484334E-02      0.68619724E-03
      0.62106360E-01      0.99252486E-04     -0.16614833E-07     -0.37219817E-02      0.68904300E-03
      0.62473853E-01      0.99644526E-04     -0.16731089E-07     -0.36950563E-02      0.69176467E-03
      0.62841346E-01      0.10002039E-03     -0.16846672E-07     -0.36677029E-02      0.69437405E-03
      0.63208840E-01      0.10038185E-03     -0.16961634E-07     -0.36399686E-02      0.69688342E-03
      0.63576333E-01      0.10073074E-03     -0.17076026E-07     -0.36119014E-02      0.69930550E-03
      0.63943826E-01      0.10106893E-03     -0.17189902E-07     -0.35835505E-02      0.70165332E-03
      0.64311319E-01      0.10139833E-03     -0.17303316E-07     -0.35549659E-02      0.70394017E-03
      0.64678813E-01      0.10172089E-03     -0.17416325E-07     -0.35261982E-02      0.70617949E-03
      0.65046306E-01      0.10203856E-03     -0.17528983E-07     -0.34972987E-02      0.70838481E-03
      0.65413799E-01      0.10235327E-03     -0.17641349E-07     -0.34683189E-02      0.71056962E-03
      0.65781292E-01      0.10266695E-03     -0.17753476E-07     -0.34393106E-02      0.71274733E-03
      0.66148786E-01      0.10298151E-03     -0.17865422E-07     -0.34103257E-02      0.71493112E-03
      0.66516279E-01      0.10329881E-03     -0.17977239E-07     -0.33814159E-02      0.71713388E-03
      0.66883772E-01      0.10362064E-03     -0.18088982E-07     -0.33526327E-02      0.71936813E-03
      0.67251265E-01      0.10394873E-03     -0.18200703E-07     -0.33240273E-02      0.72164588E-03
      0.67618759E-01      0.10428475E-03     -0.18312450E-07     -0.32956503E-02      0.72397860E-03
      0.67986252E-01      0.10463024E-03     -0.18424271E-07     -0.32675514E-02      0.72637709E-03
      0.68353745E-01      0.10498665E-03     -0.18536213E-07     -0.32397799E-02      0.72885140E-03
      0.68721238E-01      0.10535531E-03     -0.18648318E-07     -0.32123837E-02      0.73141076E-03
      0.69088732E-01      0.10573742E-03     -0.18760626E-07     -0.31854099E-02      0.73406350E-03
      0.69456225E-01      0.10613404E-03     -0.18873175E-07     -0.31589041E-02      0.73681697E-03
      0.69823718E-01      0.10654608E-03     -0.18985998E-07     -0.31329110E-02      0.73967747E-03
      0.70191212E-01      0.10697428E-03     -0.19099126E-07     -0.31074733E-02      0.74265020E-03
      0.70558705E-01      0.10741923E-03     -0.19212588E-07     -0.30826326E-02      0.74573918E-03
      0.70926198E-01      0.10788133E-03     -0.19326408E-07     -0.30584285E-02      0.74894721E-03
      0.71293691E-01      0.10836079E-03     -0.19440607E-07     -0.30348991E-02      0.75227582E-03
      0.71661185E-01      0.10885766E-03     -0.19555202E-07     -0.30120804E-02      0.75572523E-03
      0.72028678E-01      0.10937176E-03     -0.19670209E-07     -0.29900067E-02      0.75929432E-03
      0.72396171E-01      0.10990275E-03     -0.19785639E-07     -0.29687103E-02      0.76298062E-03
      0.72763664E-01      0.11045007E-03     -0.19901499E-07     -0.29482211E-02      0.76678026E-03
      0.73131158E-01      0.11101296E-03     -0.20017794E-07     -0.29285674E-02      0.77068800E-03
      0.73498651E-01      0.11159045E-03     -0.20134527E-07     -0.29097749E-02      0.77469719E-03
      0.73866144E-01      0.11218141E-03     -0.20251697E-07     -0.28918673E-02      0.77879981E-03
      0.74233637E-01      0.11278448E-03     -0.20369300E-07     -0.28748660E-02      0.78298647E-03
      0.74601131E-01      0.11339810E-03     -0.20487331E-07     -0.28587902E-02      0.78724645E-03
      0.74968624E-01      0.11402055E-03     -0.20605781E-07     -0.28436567E-02      0.79156770E-03
      0.75336117E-01      0.11464991E-03     -0.20724640E-07     -0.28294801E-02      0.79593693E-03
      0.75703610E-01      0.11528409E-03     -0.20843898E-07     -0.28162725E-02      0.80033960E-03
      0.76071104E-01      0.11592083E-03     -0.20963540E-07     -0.28040441E-02      0.80476003E-03
      0.76438597E-01      0.11655770E-03     -0.21083553E-07     -0.27928023E-02      0.80918145E-03
      0.76806090E-01      0.11719216E-03     -0.21203921E-07     -0.27825527E-02      0.81358606E-03
      0.77173583E-01      0.11782150E-03     -0.21324629E-07     -0.27732983E-02      0.81795512E-03
      0.77541077E-01      0.11844289E-03     -0.21445662E-07     -0.27650401E-02      0.82226905E-03
      0.77908570E-01      0.11905342E-03     -0.21567004E-07     -0.27577769E-02      0.82650749E-03
      0.78276063E-01      0.11965004E-03     -0.21688640E-07     -0.27515051E-02      0.83064943E-03
      0.78643556E-01      0.12022966E-03     -0.21810556E-07     -0.27462194E-02      0.83467333E-03
      0.79011050E-01      0.12078910E-03     -0.21932738E-07     -0.27419122E-02      0.83855718E-03
      0.79378543E-01      0.12132516E-03     -0.22055175E-07     -0.27385740E-02      0.84227865E-03
      0.79746036E-01      0.12183458E-03     -0.22177857E-07     -0.27361932E-02      0.84581523E-03
      0.80113529E-01      0.12231411E-03     -0.22300777E-07     -0.27347566E-02      0.84914431E-03
      0.80481023E-01      0.12276051E-03     -0.22423930E-07     -0.27342491E-02      0.85224332E-03
      0.80848516E-01      0.12317054E-03     -0.22547312E-07     -0.27346539E-02      0.85508989E-03
      0.81216009E-01      0.12354103E-03     -0.22670924E-07     -0.27359524E-02      0.85766193E-03
      0.81583502E-01      0.12386885E-03     -0.22794770E-07     -0.27381246E-02      0.85993780E-03
      0.81950996E-01      0.12415098E-03     -0.22918857E-07     -0.27411489E-02      0.86189642E-03
      0.82318489E-01      0.12438447E-03     -0.23043197E-07     -0.27450024E-02      0.86351742E-03
      0.82685982E-01      0.12456652E-03     -0.23167803E-07     -0.27496607E-02      0.86478125E-03
      0.83053475E-01      0.12469444E-03     -0.23292695E-07     -0.27550984E-02      0.86566929E-03
      0.83420969E-01      0.12476570E-03     -0.23417897E-07     -0.27612886E-02      0.86616404E-03
      0.83788462E-01      0.12477797E-03     -0.23543435E-07     -0.27682036E-02      0.86624917E-03
      0.84155955E-01      0.12472906E-03     -0.23669342E-07     -0.27758145E-02      0.86590966E-03
      0.84523448E-01      0.12461703E-03     -0.23795654E-07     -0.27840916E-02      0.86513192E-03
      0.84890942E-01      0.12444014E-03     -0.23922413E-07     -0.27930043E-02      0.86390391E-03
      0.85258435E-01      0.12419689E-03     -0.24049664E-07     -0.28025212E-02      0.86221518E-03
      0.85625928E-01      0.12388602E-03     -0.24177457E-07     -0.28126103E-02      0.86005702E-03
      0.85993421E-01      0.12350654E-03     -0.24305848E-07     -0.28232390E-02      0.85742253E-03
      0.86360915E-01      0.12305772E-03     -0.24434896E-07     -0.28343741E-02      0.85430666E-03
      0.86728408E-01      0.12253912E-03     -0.24564663E-07     -0.28459819E-02      0.85070635E-03
      0.87095901E-01      0.12195057E-03     -0.24695219E-07     -0.28580285E-02      0.84662050E-03
      0.87463394E-01      0.12129223E-03     -0.24826633E-07     -0.28704795E-02      0.84205007E-03
      0.87830888E-01      0.12056453E-03     -0.24958982E-07     -0.28833003E-02      0.83699814E-03
      0.88198381E-01      0.11976822E-03     -0.25092345E-07     -0.28964561E-02      0.83146986E-03
      0.88565874E-01      0.11890434E-03     -0.25226802E-07     -0.29099121E-02      0.82547255E-03
      0.88933367E-01      0.11797426E-03     -0.25362439E-07     -0.29236332E-02      0.81901564E-03
      0.89300861E-01      0.11697964E-03     -0.25499344E-07     -0.29375845E-02      0.81211069E-03
      0.89668354E-01      0.11592246E-03     -0.25637606E-07     -0.29517310E-02      0.80477140E-03
      0.90035847E-01      0.11480499E-03     -0.25777316E-07     -0.29660377E-02      0.79701353E-03
      0.90403340E-01      0.11362979E-03     -0.25918567E-07     -0.29804700E-02      0.78885489E-03
      0.90770834E-01      0.11239971E-03     -0.26061453E-07     -0.29949933E-02      0.78031529E-03
      0.91138327E-01      0.11111788E-03     -0.26206069E-07     -0.30095732E-02      0.77141645E-03
      0.91505820E-01      0.10978771E-03     -0.26352509E-07     -0.30241755E-02      0.76218196E-03
      0.91873313E-01      0.10841284E-03     -0.26500867E-07     -0.30387664E-02      0.75263717E-03
      0.92240807E-01      0.10699717E-03     -0.26651236E-07     -0.30533124E-02      0.74280912E-03
      0.92608300E-01      0.10554482E-03     -0.26803710E-07     -0.30677801E-02      0.73272639E-03
      0.92975793E-01      0.10406010E-03     -0.26958377E-07     -0.30821368E-02      0.72241904E-03
      0.93343287E-01      0.10254756E-03     -0.27115327E-07     -0.30963500E-02      0.71191844E-03
      0.93710780E-01      0.10101186E-03     -0.27274644E-07     -0.31103875E-02      0.70125715E-03
      0.94078273E-01      0.99457863E-04     -0.27436411E-07     -0.31242178E-02      0.69046879E-03
      0.94445766E-01      0.97890534E-04     -0.27600706E-07     -0.31378095E-02      0.67958789E-03
      0.94813260E-01      0.96314954E-04     -0.27767604E-07     -0.31511320E-02      0.66864970E-03
      0.95180753E-01      0.94736285E-04     -0.27937174E-07     -0.31641548E-02      0.65769007E-03
      0.95548246E-01      0.93159752E-04     -0.28109481E-07     -0.31768481E-02      0.64674526E-03
      0.95915739E-01      0.91590613E-04     -0.28284585E-07     -0.31891826E-02      0.63585179E-03
      0.96283233E-01      0.90034137E-04     -0.28462539E-07     -0.32011293E-02      0.62504623E-03
      0.96650726E-01      0.88495576E-04     -0.28643390E-07     -0.32126599E-02      0.61436504E-03
      0.97018219E-01      0.86980142E-04     -0.28827180E-07     -0.32237465E-02      0.60384440E-03
      0.97385712E-01      0.85492977E-04     -0.29013943E-07     -0.32343616E-02      0.59352002E-03
      0.97753206E-01      0.84039132E-04     -0.29203706E-07     -0.32444785E-02      0.58342696E-03
      0.98120699E-01      0.82623537E-04     -0.29396489E-07     -0.32540706E-02      0.57359943E-03
      0.98488192E-01      0.81250977E-04     -0.29592306E-07     -0.32631123E-02      0.56407068E-03
      0.98855685E-01      0.79926067E-04     -0.29791160E-07     -0.32715782E-02      0.55487272E-03
      0.99223179E-01      0.78653228E-04     -0.29993050E-07     -0.32794435E-02      0.54603626E-03
      0.99590672E-01      0.77436663E-04     -0.30197964E-07     -0.32866840E-02      0.53759047E-03
      0.99958165E-01      0.76280332E-04     -0.30405886E-07     -0.32932760E-02      0.52956284E-03
      0.10032566E+00      0.75187933E-04     -0.30616788E-07     -0.32991965E-02      0.52197905E-03
      0.10069315E+00      0.74162880E-04     -0.30830638E-07     -0.33044228E-02      0.51486281E-03
      0.10106064E+00      0.73208285E-04     -0.31047395E-07     -0.33089330E-02      0.50823570E-03
      0.10142814E+00      0.72326935E-04     -0.31267010E-07     -0.33127058E-02      0.50211708E-03
      0.10179563E+00      0.71521282E-04     -0.31489427E-07     -0.33157203E-02      0.49652397E-03
      0.10216312E+00      0.70793423E-04     -0.31714585E-07     -0.33179563E-02      0.49147094E-03
      0.10253062E+00      0.70145087E-04     -0.31942414E-07     -0.33193945E-02      0.48696998E-03
      0.10289811E+00      0.69577627E-04     -0.32172839E-07     -0.33200159E-02      0.48303049E-03
      0.10326560E+00      0.69092005E-04     -0.32405779E-07     -0.33198022E-02      0.47965915E-03
      0.10363310E+00      0.68688790E-04     -0.32641149E-07     -0.33187360E-02      0.47685989E-03
      0.10400059E+00      0.68368146E-04     -0.32878856E-07     -0.33168005E-02      0.47463388E-03
      0.10436808E+00      0.68129832E-04     -0.33118805E-07     -0.33139796E-02      0.47297943E-03
      0.10473558E+00      0.67973201E-04     -0.33360896E-07     -0.33102580E-02      0.47189204E-03
      0.10510307E+00      0.67897196E-04     -0.33605028E-07     -0.33056211E-02      0.47136439E-03
      0.10547056E+00      0.67900358E-04     -0.33851096E-07     -0.33000553E-02      0.47138634E-03
      0.10583806E+00      0.67980826E-04     -0.34098991E-07     -0.32935477E-02      0.47194498E-03
      0.10620555E+00      0.68136348E-04     -0.34348606E-07     -0.32860862E-02      0.47302466E-03
      0.10657304E+00      0.68364287E-04     -0.34599833E-07     -0.32776598E-02      0.47460709E-03
      0.10694054E+00      0.68661633E-04     -0.34852563E-07     -0.32682582E-02      0.47667136E-03
      0.10730803E+00      0.69025017E-04     -0.35106688E-07     -0.32578723E-02      0.47919409E-03
      0.10767552E+00      0.69450726E-04     -0.35362104E-07     -0.32464938E-02      0.48214950E-03
      0.10804302E+00      0.69934718E-04     -0.35618706E-07     -0.32341154E-02      0.48550953E-03
      0.10841051E+00      0.70472646E-04     -0.35876395E-07     -0.32207310E-02      0.48924400E-03
      0.10877800E+00      0.71059872E-04     -0.36135075E-07     -0.32063356E-02      0.49332072E-03
      0.10914550E+00      0.71691498E-04     -0.36394656E-07     -0.31909252E-02      0.49770567E-03
      0.10951299E+00      0.72362384E-04     -0.36655051E-07     -0.31744970E-02      0.50236318E-03
      0.10988048E+00      0.73067175E-04     -0.36916182E-07     -0.31570493E-02      0.50725606E-03
      0.11024798E+00      0.73800329E-04     -0.37177978E-07     -0.31385818E-02      0.51234586E-03
      0.11061547E+00      0.74556148E-04     -0.37440373E-07     -0.31190953E-02      0.51759300E-03
      0.11098296E+00      0.75328801E-04     -0.37703312E-07     -0.30985917E-02      0.52295700E-03
      0.11135046E+00      0.76112360E-04     -0.37966749E-07     -0.30770746E-02      0.52839673E-03
      0.11171795E+00      0.76900832E-04     -0.38230646E-07     -0.30545486E-02      0.53387056E-03
      0.11208544E+00      0.77688186E-04     -0.38494976E-07     -0.30310198E-02      0.53933662E-03
      0.11245294E+00      0.78468387E-04     -0.38759724E-07     -0.30064954E-02      0.54475303E-03
      0.11282043E+00      0.79235432E-04     -0.39024885E-07     -0.29809842E-02      0.55007811E-03
      0.11318792E+00      0.79983381E-04     -0.39290465E-07     -0.29544963E-02      0.55527061E-03
      0.11355542E+00      0.80706386E-04     -0.39556484E-07     -0.29270433E-02      0.56028995E-03
      0.11392291E+00      0.81398730E-04     -0.39822973E-07     -0.28986381E-02      0.56509643E-03
      0.11429040E+00      0.82054855E-04     -0.40089975E-07     -0.28692949E-02      0.56965146E-03
      0.11465790E+00      0.82669395E-04     -0.40357547E-07     -0.28390295E-02      0.57391779E-03
      0.11502539E+00      0.83237204E-04     -0.40625758E-07     -0.28078589E-02      0.57785971E-03
      0.11539288E+00      0.83753390E-04     -0.40894691E-07     -0.27758018E-02      0.58144324E-03
      0.11576038E+00      0.84213343E-04     -0.41164439E-07     -0.27428779E-02      0.58463638E-03
      0.11612787E+00      0.84612759E-04     -0.41435112E-07     -0.27091086E-02      0.58740926E-03
      0.11649536E+00      0.84947668E-04     -0.41706829E-07     -0.26745165E-02      0.58973431E-03
      0.11686285E+00      0.85214461E-04     -0.41979723E-07     -0.26391255E-02      0.59158647E-03
      0.11723035E+00      0.85409907E-04     -0.42253938E-07     -0.26029608E-02      0.59294332E-03
      0.11759784E+00      0.85531179E-04     -0.42529631E-07     -0.25660490E-02      0.59378523E-03
      0.11796533E+00      0.85575869E-04     -0.42806967E-07     -0.25284178E-02      0.59409548E-03
      0.11833283E+00      0.85542007E-04     -0.43086126E-07     -0.24900960E-02      0.59386040E-03
      0.11870032E+00      0.85428072E-04     -0.43367293E-07     -0.24511139E-02      0.59306943E-03
      0.11906781E+00      0.85233008E-04     -0.43650667E-07     -0.24115025E-02      0.59171523E-03
      0.11943531E+00      0.84956229E-04     -0.43936451E-07     -0.23712942E-02      0.58979374E-03
      0.11980280E+00      0.84597630E-04     -0.44224858E-07     -0.23305221E-02      0.58730423E-03
      0.12017029E+00      0.84157588E-04     -0.44516108E-07     -0.22892203E-02      0.58424931E-03
      0.12053779E+00      0.83636964E-04     -0.44810424E-07     -0.22474239E-02      0.58063497E-03
      0.12090528E+00      0.83037103E-04     -0.45108038E-07     -0.22051686E-02      0.57647054E-03
      0.12127277E+00      0.82359829E-04     -0.45409182E-07     -0.21624910E-02      0.57176869E-03
      0.12164027E+00      0.81607439E-04     -0.45714091E-07     -0.21194283E-02      0.56654535E-03
      0.12200776E+00      0.80782694E-04     -0.46023003E-07     -0.20760182E-02      0.56081970E-03
      0.12237525E+00      0.79888804E-04     -0.46336154E-07     -0.20322989E-02      0.55461403E-03
      0.12274275E+00      0.78929419E-04     -0.46653782E-07     -0.19883091E-02      0.54795367E-03
      0.12311024E+00      0.77908604E-04     -0.46976120E-07     -0.19440877E-02      0.54086684E-03
      0.12347773E+00      0.76830827E-04     -0.47303397E-07     -0.18996738E-02      0.53338456E-03
      0.12384523E+00      0.75700929E-04     -0.47635841E-07     -0.18551068E-02      0.52554044E-03
      0.12421272E+00      0.74524107E-04     -0.47973670E-07     -0.18104260E-02      0.51737056E-03
      0.12458021E+00      0.73305881E-04     -0.48317096E-07     -0.17656708E-02      0.50891324E-03
      0.12494771E+00      0.72052066E-04     -0.48666322E-07     -0.17208802E-02      0.50020885E-03
      0.12531520E+00      0.70768744E-04     -0.49021543E-07     -0.16760932E-02      0.49129961E-03
      0.12568269E+00      0.69462228E-04     -0.49382941E-07     -0.16313484E-02      0.48222935E-03
      0.12605019E+00      0.68139027E-04     -0.49750686E-07     -0.15866838E-02      0.47304326E-03
      0.12641768E+00      0.66805813E-04     -0.50124934E-07     -0.15421371E-02      0.46378766E-03
      0.12678517E+00      0.65469381E-04     -0.50505829E-07     -0.14977453E-02      0.45450971E-03
      0.12715267E+00      0.64136611E-04     -0.50893496E-07     -0.14535447E-02      0.44525718E-03
      0.12752016E+00      0.62814427E-04     -0.51288045E-07     -0.14095706E-02      0.43607816E-03
      0.12788765E+00      0.61509762E-04     -0.51689569E-07     -0.13658576E-02      0.42702075E-03
      0.12825515E+00      0.60229512E-04     -0.52098143E-07     -0.13224393E-02      0.41813283E-03
      0.12862264E+00      0.58980494E-04     -0.52513820E-07     -0.12793481E-02      0.40946175E-03
      0.12899013E+00      0.57769413E-04     -0.52936637E-07     -0.12366154E-02      0.40105403E-03
      0.12935763E+00      0.56602812E-04     -0.53366608E-07     -0.11942713E-02      0.39295511E-03
      0.12972512E+00      0.55487036E-04     -0.53803726E-07     -0.11523444E-02      0.38520903E-03
      0.13009261E+00      0.54428194E-04     -0.54247965E-07     -0.11108622E-02      0.37785821E-03
      0.13046011E+00      0.53432116E-04     -0.54699275E-07     -0.10698505E-02      0.37094311E-03
      0.13082760E+00      0.52504317E-04     -0.55157585E-07     -0.10293337E-02      0.36450203E-03
      0.13119509E+00      0.51649962E-04     -0.55622802E-07     -0.98933454E-03      0.35857081E-03
      0.13156258E+00      0.50873828E-04     -0.56094813E-07     -0.94987425E-03      0.35318264E-03
      0.13193008E+00      0.50180274E-04     -0.56573480E-07     -0.91097225E-03      0.34836776E-03
      0.13229757E+00      0.49573208E-04     -0.57058648E-07     -0.87264622E-03      0.34415331E-03
      0.13266506E+00      0.49056058E-04     -0.57550137E-07     -0.83491212E-03      0.34056309E-03
      0.13303256E+00      0.48631747E-04     -0.58047751E-07     -0.79778406E-03      0.33761738E-03
      0.13340005E+00      0.48302666E-04     -0.58551270E-07     -0.76127434E-03      0.33533280E-03
      0.13376754E+00      0.48070657E-04     -0.59060458E-07     -0.72539337E-03      0.33372211E-03
      0.13413504E+00      0.47936989E-04     -0.59575062E-07     -0.69014971E-03      0.33279415E-03
      0.13450253E+00      0.47902346E-04     -0.60094810E-07     -0.65555004E-03      0.33255365E-03
      0.13487002E+00      0.47966816E-04     -0.60619416E-07     -0.62159912E-03      0.33300122E-03
      0.13523752E+00      0.48129878E-04     -0.61148580E-07     -0.58829987E-03      0.33413325E-03
      0.13560501E+00      0.48390398E-04     -0.61681987E-07     -0.55565329E-03      0.33594186E-03
      0.13597250E+00      0.48746626E-04     -0.62219315E-07     -0.52365858E-03      0.33841491E-03
      0.13634000E+00      0.49196198E-04     -0.62760228E-07     -0.49231304E-03      0.34153599E-03
      0.13670749E+00      0.49736142E-04     -0.63304384E-07     -0.46161223E-03      0.34528445E-03
      0.13707498E+00      0.50362880E-04     -0.63851437E-07     -0.43154988E-03      0.34963548E-03
      0.13744248E+00      0.51072249E-04     -0.64401034E-07     -0.40211804E-03      0.35456014E-03
      0.13780997E+00      0.51859505E-04     -0.64952822E-07     -0.37330705E-03      0.36002553E-03
      0.13817746E+00      0.52719352E-04     -0.65506447E-07     -0.34510563E-03      0.36599487E-03
      0.13854496E+00      0.53645956E-04     -0.66061557E-07     -0.31750093E-03      0.37242766E-03
      0.13891245E+00      0.54632977E-04     -0.66617805E-07     -0.29047859E-03      0.37927987E-03
      0.13927994E+00      0.55673591E-04     -0.67174851E-07     -0.26402283E-03      0.38650415E-03
      0.13964744E+00      0.56760526E-04     -0.67732363E-07     -0.23811649E-03      0.39405001E-03
      0.14001493E+00      0.57886095E-04     -0.68290020E-07     -0.21274113E-03      0.40186407E-03
      0.14038242E+00      0.59042234E-04     -0.68847516E-07     -0.18787713E-03      0.40989037E-03
      0.14074992E+00      0.60220543E-04     -0.69404558E-07     -0.16350373E-03      0.41807057E-03
      0.14111741E+00      0.61412326E-04     -0.69960873E-07     -0.13959918E-03      0.42634432E-03
      0.14148490E+00      0.62608638E-04     -0.70516208E-07     -0.11614079E-03      0.43464950E-03
      0.14185240E+00      0.63800331E-04     -0.71070332E-07     -0.93105044E-04      0.44292262E-03
      0.14221989E+00      0.64978104E-04     -0.71623038E-07     -0.70467703E-04      0.45109910E-03
      0.14258738E+00      0.66132551E-04     -0.72174146E-07     -0.48203910E-04      0.45911365E-03
      0.14295488E+00      0.67254215E-04     -0.72723506E-07     -0.26288289E-04      0.46690061E-03
      0.14332237E+00      0.68333641E-04     -0.73270996E-07     -0.46950548E-05      0.47439433E-03
      0.14368986E+00      0.69361424E-04     -0.73816527E-07      0.16601878E-04      0.48152954E-03
      0.14405736E+00      0.70328271E-04     -0.74360045E-07      0.37628787E-04      0.48824171E-03
      0.14442485E+00      0.71225051E-04     -0.74901531E-07      0.58412034E-04      0.49446744E-03
      0.14479234E+00      0.72042846E-04     -0.75441003E-07      0.78977950E-04      0.50014484E-03
      0.14515984E+00      0.72773010E-04     -0.75978515E-07      0.99352736E-04      0.50521388E-03
      0.14552733E+00      0.73407222E-04     -0.76514165E-07      0.11956234E-03      0.50961678E-03
      0.14589482E+00      0.73937531E-04     -0.77048086E-07      0.13963238E-03      0.51329836E-03
      0.14626232E+00      0.74356414E-04     -0.77580455E-07      0.15958799E-03      0.51620638E-03
      0.14662981E+00      0.74656822E-04     -0.78111490E-07      0.17945376E-03      0.51829191E-03
      0.14699730E+00      0.74832227E-04     -0.78641451E-07      0.19925363E-03      0.51950963E-03
      0.14736479E+00      0.74876667E-04     -0.79170640E-07      0.21901076E-03      0.51981814E-03
      0.14773229E+00      0.74784789E-04     -0.79699399E-07      0.23874748E-03      0.51918030E-03
      0.14809978E+00      0.74551887E-04     -0.80228114E-07      0.25848516E-03      0.51756342E-03
      0.14846727E+00      0.74173943E-04     -0.80757213E-07      0.27824416E-03      0.51493961E-03
      0.14883477E+00      0.73647655E-04     -0.81287161E-07      0.29804371E-03      0.51128594E-03
      0.14920226E+00      0.72970469E-04     -0.81818465E-07      0.31790185E-03      0.50658470E-03
      0.14956975E+00      0.72140607E-04     -0.82351670E-07      0.33783536E-03      0.50082353E-03
      0.14993725E+00      0.71157090E-04     -0.82887358E-07      0.35785969E-03      0.49399563E-03
      0.15030474E+00      0.70019752E-04     -0.83426146E-07      0.37798888E-03      0.48609986E-03
      0.15067223E+00      0.68729257E-04     -0.83968684E-07      0.39823554E-03      0.47714083E-03
      0.15103973E+00      0.67287110E-04     -0.84515653E-07      0.41861074E-03      0.46712898E-03
      0.15140722E+00      0.65695662E-04     -0.85067764E-07      0.43912404E-03      0.45608063E-03
      0.15177471E+00      0.63958108E-04     -0.85625754E-07      0.45978338E-03      0.44401796E-03
      0.15214221E+00      0.62078487E-04     -0.86190384E-07      0.48059509E-03      0.43096902E-03
      0.15250970E+00      0.60061669E-04     -0.86762435E-07      0.50156383E-03      0.41696762E-03
      0.15287719E+00      0.57913349E-04     -0.87342707E-07      0.52269262E-03      0.40205328E-03
      0.15324469E+00      0.55640022E-04     -0.87932012E-07      0.54398277E-03      0.38627111E-03
      0.15361218E+00      0.53248963E-04     -0.88531174E-07      0.56543392E-03      0.36967160E-03
      0.15397967E+00      0.50748203E-04     -0.89141026E-07      0.58704398E-03      0.35231051E-03
      0.15434717E+00      0.48146493E-04     -0.89762401E-07      0.60880923E-03      0.33424859E-03
      0.15471466E+00      0.45453270E-04     -0.90396133E-07      0.63072423E-03      0.31555137E-03
      0.15508215E+00      0.42678618E-04     -0.91043053E-07      0.65278190E-03      0.29628883E-03
      0.15544965E+00      0.39833222E-04     -0.91703981E-07      0.67497355E-03      0.27653516E-03
      0.15581714E+00      0.36928319E-04     -0.92379724E-07      0.69728887E-03      0.25636838E-03
      0.15618463E+00      0.33975649E-04     -0.93071075E-07      0.71971599E-03      0.23586999E-03
      0.15655213E+00      0.30987397E-04     -0.93778801E-07      0.74224156E-03      0.21512457E-03
      0.15691962E+00      0.27976136E-04     -0.94503648E-07      0.76485073E-03      0.19421942E-03
      0.15728711E+00      0.24954764E-04     -0.95246328E-07      0.78752725E-03      0.17324408E-03
      0.15765461E+00      0.21936441E-04     -0.96007520E-07      0.81025354E-03      0.15228990E-03
      0.15802210E+00      0.18934522E-04     -0.96787867E-07      0.83301072E-03      0.13144960E-03
      0.15838959E+00      0.15962487E-04     -0.97587965E-07      0.85577871E-03      0.11081677E-03
      0.15875709E+00      0.13033875E-04     -0.98408367E-07      0.87853629E-03      0.90485393E-04
      0.15912458E+00      0.10162205E-04     -0.99249574E-07      0.90126118E-03      0.70549331E-04
      0.15949207E+00      0.73609125E-05     -0.10011203E-06      0.92393015E-03      0.51101846E-04
      0.15985957E+00      0.46432679E-05     -0.10099613E-06      0.94651907E-03      0.32235074E-04
      0.16022706E+00      0.20223093E-05     -0.10190219E-06      0.96900302E-03      0.14039528E-04
      0.16059455E+00     -0.48923356E-06     -0.10283048E-06      0.99135638E-03     -0.33964183E-05
      0.16096205E+00     -0.28790108E-05     -0.10378119E-06      0.10135529E-02     -0.19987028E-04
      0.16132954E+00     -0.51351239E-05     -0.10475444E-06      0.10355660E-02     -0.35649699E-04
      0.16169703E+00     -0.72461961E-05     -0.10575030E-06      0.10573684E-02     -0.50305447E-04
      0.16206453E+00     -0.92014400E-05     -0.10676872E-06      0.10789327E-02     -0.63879385E-04
      0.16243202E+00     -0.10990724E-04     -0.10780962E-06      0.11002313E-02     -0.76301175E-04
      0.16279951E+00     -0.12604635E-04     -0.10887281E-06      0.11212365E-02     -0.87505469E-04
      0.16316700E+00     -0.14034540E-04     -0.10995804E-06      0.11419206E-02     -0.97432333E-04
      0.16353450E+00     -0.15272641E-04     -0.11106496E-06      0.11622559E-02     -0.10602764E-03
      0.16390199E+00     -0.16312032E-04     -0.11219315E-06      0.11822152E-02     -0.11324342E-03
      0.16426948E+00     -0.17146744E-04     -0.11334213E-06      0.12017713E-02     -0.11903827E-03
      0.16463698E+00     -0.17771792E-04     -0.11451129E-06      0.12208976E-02     -0.12337755E-03
      0.16500447E+00     -0.18183216E-04     -0.11570000E-06      0.12395680E-02     -0.12623380E-03
      0.16537196E+00     -0.18378116E-04     -0.11690751E-06      0.12577569E-02     -0.12758685E-03
      0.16573946E+00     -0.18354680E-04     -0.11813300E-06      0.12754397E-02     -0.12742415E-03
      0.16610695E+00     -0.18112210E-04     -0.11937560E-06      0.12925923E-02     -0.12574084E-03
      0.16647444E+00     -0.17651143E-04     -0.12063435E-06      0.13091916E-02     -0.12253997E-03
      0.16684194E+00     -0.16973060E-04     -0.12190822E-06      0.13252155E-02     -0.11783250E-03
      0.16720943E+00     -0.16080699E-04     -0.12319612E-06      0.13406430E-02     -0.11163743E-03
      0.16757692E+00     -0.14977948E-04     -0.12449691E-06      0.13554542E-02     -0.10398178E-03
      0.16794442E+00     -0.13669848E-04     -0.12580939E-06      0.13696303E-02     -0.94900528E-04
      0.16831191E+00     -0.12162578E-04     -0.12713231E-06      0.13831540E-02     -0.84436565E-04
      0.16867940E+00     -0.10463434E-04     -0.12846436E-06      0.13960093E-02     -0.72640558E-04
      0.16904690E+00     -0.85808125E-05     -0.12980422E-06      0.14081814E-02     -0.59570788E-04
      0.16941439E+00     -0.65241743E-05     -0.13115051E-06      0.14196573E-02     -0.45292937E-04
      0.16978188E+00     -0.43040107E-05     -0.13250185E-06      0.14304253E-02     -0.29879841E-04
      0.17014938E+00     -0.19318011E-05     -0.13385684E-06      0.14404753E-02     -0.13411191E-04
      0.17051687E+00      0.58003597E-06     -0.13521404E-06      0.14497988E-02      0.40267981E-05
      0.17088436E+00      0.32181960E-05     -0.13657204E-06      0.14583890E-02      0.22341762E-04
      0.17125186E+00      0.59685483E-05     -0.13792944E-06      0.14662406E-02      0.41435601E-04
      0.17161935E+00      0.88162005E-05     -0.13928481E-06      0.14733502E-02      0.61204928E-04
      0.17198684E+00      0.11745569E-04     -0.14063681E-06      0.14797160E-02      0.81541553E-04
      0.17235434E+00      0.14740451E-04     -0.14198407E-06      0.14853380E-02      0.10233300E-03
      0.17272183E+00      0.17784105E-04     -0.14332531E-06      0.14902176E-02      0.12346304E-03
      0.17308932E+00      0.20859336E-04     -0.14465927E-06      0.14943583E-02      0.14481229E-03
      0.17345682E+00      0.23948575E-04     -0.14598478E-06      0.14977652E-02      0.16625879E-03
      0.17382431E+00      0.27033974E-04     -0.14730071E-06      0.15004449E-02      0.18767863E-03
      0.17419180E+00      0.30097495E-04     -0.14860604E-06      0.15024059E-02      0.20894659E-03
      0.17455930E+00      0.33121008E-04     -0.14989983E-06      0.15036584E-02      0.22993679E-03
      0.17492679E+00      0.36086382E-04     -0.15118125E-06      0.15042139E-02      0.25052338E-03
      0.17529428E+00      0.38975586E-04     -0.15244955E-06      0.15040859E-02      0.27058118E-03
      0.17566178E+00      0.41770787E-04     -0.15370416E-06      0.15032891E-02      0.28998637E-03
      0.17602927E+00      0.44454448E-04     -0.15494458E-06      0.15018399E-02      0.30861722E-03
      0.17639676E+00      0.47009425E-04     -0.15617048E-06      0.14997561E-02      0.32635470E-03
      0.17676426E+00      0.49419065E-04     -0.15738170E-06      0.14970570E-02      0.34308321E-03
      0.17713175E+00      0.51667306E-04     -0.15857819E-06      0.14937630E-02      0.35869122E-03
      0.17749924E+00      0.53738763E-04     -0.15976011E-06      0.14898961E-02      0.37307195E-03
      0.17786673E+00      0.55618830E-04     -0.16092777E-06      0.14854794E-02      0.38612398E-03
      0.17823423E+00      0.57293760E-04     -0.16208169E-06      0.14805369E-02      0.39775189E-03
      0.17860172E+00      0.58750756E-04     -0.16322255E-06      0.14750940E-02      0.40786683E-03
      0.17896921E+00      0.59978051E-04     -0.16435124E-06      0.14691771E-02      0.41638711E-03
      0.17933671E+00      0.60964985E-04     -0.16546886E-06      0.14628133E-02      0.42323873E-03
      0.17970420E+00      0.61702079E-04     -0.16657673E-06      0.14560306E-02      0.42835588E-03
      0.18007169E+00      0.62181098E-04     -0.16767635E-06      0.14488580E-02      0.43168138E-03
      0.18043919E+00      0.62395117E-04     -0.16876948E-06      0.14413249E-02      0.43316717E-03
      0.18080668E+00      0.62338572E-04     -0.16985806E-06      0.14334614E-02      0.43277462E-03
      0.18117417E+00      0.62007311E-04     -0.17094429E-06      0.14252981E-02      0.43047490E-03
      0.18154167E+00      0.61398635E-04     -0.17203059E-06      0.14168660E-02      0.42624927E-03
      0.18190916E+00      0.60511331E-04     -0.17311960E-06      0.14081965E-02      0.42008931E-03
      0.18227665E+00      0.59345699E-04     -0.17421419E-06      0.13993211E-02      0.41199712E-03
      0.18264415E+00      0.57903572E-04     -0.17531746E-06      0.13902717E-02      0.40198540E-03
      0.18301164E+00      0.56188327E-04     -0.17643273E-06      0.13810800E-02      0.39007762E-03
      0.18337913E+00      0.54204886E-04     -0.17756356E-06      0.13717778E-02      0.37630793E-03
      0.18374663E+00      0.51959713E-04     -0.17871372E-06      0.13623968E-02      0.36072121E-03
      0.18411412E+00      0.49460798E-04     -0.17988719E-06      0.13529684E-02      0.34337293E-03
      0.18448161E+00      0.46717636E-04     -0.18108817E-06      0.13435240E-02      0.32432901E-03
      0.18484911E+00      0.43741197E-04     -0.18232105E-06      0.13340944E-02      0.30366560E-03
      0.18521660E+00      0.40543885E-04     -0.18359043E-06      0.13247099E-02      0.28146882E-03
      0.18558409E+00      0.37139493E-04     -0.18490109E-06      0.13154006E-02      0.25783443E-03
      0.18595159E+00      0.33543147E-04     -0.18625798E-06      0.13061957E-02      0.23286742E-03
      0.18631908E+00      0.29771241E-04     -0.18766623E-06      0.12971239E-02      0.20668162E-03
      0.18668657E+00      0.25841370E-04     -0.18913110E-06      0.12882132E-02      0.17939918E-03
      0.18705407E+00      0.21772248E-04     -0.19065803E-06      0.12794907E-02      0.15115002E-03
      0.18742156E+00      0.17583626E-04     -0.19225255E-06      0.12709826E-02      0.12207124E-03
      0.18778905E+00      0.13296196E-04     -0.19392031E-06      0.12627144E-02      0.92306509E-04
      0.18815655E+00      0.89314951E-05     -0.19566707E-06      0.12547103E-02      0.62005340E-04
      0.18852404E+00      0.45118022E-05     -0.19749865E-06      0.12469939E-02      0.31322397E-04
      0.18889153E+00      0.60025254E-07     -0.19942095E-06      0.12395874E-02      0.41671481E-06
      0.18925903E+00     -0.44004115E-05     -0.20143988E-06      0.12325119E-02     -0.30549086E-04
      0.18962652E+00     -0.88456869E-05     -0.20356142E-06      0.12257875E-02     -0.61409632E-04
      0.18999401E+00     -0.13251706E-04     -0.20579150E-06      0.12194330E-02     -0.91997644E-04
      0.19036151E+00     -0.17594224E-04     -0.20813608E-06      0.12134659E-02     -0.12214482E-03
      0.19072900E+00     -0.21848979E-04     -0.21060103E-06      0.12079027E-02     -0.15168271E-03
      0.19109649E+00     -0.25991819E-04     -0.21319220E-06      0.12027582E-02     -0.18044365E-03
      0.19146399E+00     -0.29998833E-04     -0.21591532E-06      0.11980463E-02     -0.20826164E-03
      0.19183148E+00     -0.33846486E-04     -0.21877603E-06      0.11937793E-02     -0.23497330E-03
      0.19219897E+00     -0.37511750E-04     -0.22177983E-06      0.11899684E-02     -0.26041875E-03
      0.19256647E+00     -0.40972232E-04     -0.22493205E-06      0.11866232E-02     -0.28444255E-03
      0.19293396E+00     -0.44206310E-04     -0.22823785E-06      0.11837523E-02     -0.30689456E-03
      0.19330145E+00     -0.47193253E-04     -0.23170218E-06      0.11813625E-02     -0.32763089E-03
      0.19366894E+00     -0.49913351E-04     -0.23532975E-06      0.11794596E-02     -0.34651470E-03
      0.19403644E+00     -0.52348033E-04     -0.23912500E-06      0.11780480E-02     -0.36341705E-03
      0.19440393E+00     -0.54479983E-04     -0.24309210E-06      0.11771307E-02     -0.37821774E-03
      0.19477142E+00     -0.56293251E-04     -0.24723492E-06      0.11767095E-02     -0.39080604E-03
      0.19513892E+00     -0.57773361E-04     -0.25155696E-06      0.11767847E-02     -0.40108144E-03
      0.19550641E+00     -0.58907405E-04     -0.25606139E-06      0.11773554E-02     -0.40895434E-03
      0.19587390E+00     -0.59684139E-04     -0.26075099E-06      0.11784197E-02     -0.41434668E-03
      0.19624140E+00     -0.60094068E-04     -0.26562813E-06      0.11799742E-02     -0.41719254E-03
      0.19660889E+00     -0.60129517E-04     -0.27069473E-06      0.11820144E-02     -0.41743864E-03
      0.19697638E+00     -0.59784706E-04     -0.27595227E-06      0.11845345E-02     -0.41504485E-03
      0.19734388E+00     -0.59055800E-04     -0.28140176E-06      0.11875279E-02     -0.40998455E-03
      0.19771137E+00     -0.57940965E-04     -0.28704371E-06      0.11909865E-02     -0.40224500E-03
      0.19807886E+00     -0.56440405E-04     -0.29287809E-06      0.11949014E-02     -0.39182763E-03
      0.19844636E+00     -0.54556389E-04     -0.29890434E-06      0.11992628E-02     -0.37874817E-03
      0.19881385E+00     -0.52293268E-04     -0.30512137E-06      0.12040595E-02     -0.36303686E-03
      0.19918134E+00     -0.49657488E-04     -0.31152748E-06      0.12092799E-02     -0.34473841E-03
      0.19954884E+00     -0.46657579E-04     -0.31812039E-06      0.12149112E-02     -0.32391207E-03
      0.19991633E+00     -0.43304145E-04     -0.32489723E-06      0.12209398E-02     -0.30063144E-03
      0.20028382E+00     -0.39609835E-04     -0.33185448E-06      0.12273513E-02     -0.27498434E-03
      0.20065132E+00     -0.35589308E-04     -0.33898803E-06      0.12341307E-02     -0.24707254E-03
      0.20101881E+00     -0.31259183E-04     -0.34629308E-06      0.12412623E-02     -0.21701140E-03
      0.20138630E+00     -0.26637977E-04     -0.35376423E-06      0.12487295E-02     -0.18492949E-03
      0.20175380E+00     -0.21746039E-04     -0.36139539E-06      0.12565155E-02     -0.15096807E-03
      0.20212129E+00     -0.16605464E-04     -0.36917982E-06      0.12646028E-02     -0.11528053E-03
      0.20248878E+00     -0.11240005E-04     -0.37711010E-06      0.12729733E-02     -0.78031763E-04
      0.20285628E+00     -0.56749664E-05     -0.38517817E-06      0.12816085E-02     -0.39397460E-04
      0.20322377E+00      0.62901955E-07     -0.39337527E-06      0.12904898E-02      0.43668580E-06
      0.20359126E+00      0.59455302E-05     -0.40169200E-06      0.12995979E-02      0.41275802E-04
      0.20395876E+00      0.11943656E-04     -0.41011828E-06      0.13089135E-02      0.82916743E-04
      0.20432625E+00      0.18026965E-04     -0.41864339E-06      0.13184168E-02      0.12514904E-03
      0.20469374E+00      0.24164229E-04     -0.42725596E-06      0.13280880E-02      0.16775593E-03
      0.20506124E+00      0.30323470E-04     -0.43594396E-06      0.13379071E-02      0.21051538E-03
      0.20542873E+00      0.36472106E-04     -0.44469477E-06      0.13478541E-02      0.25320121E-03
      0.20579622E+00      0.42577125E-04     -0.45349513E-06      0.13579088E-02      0.29558423E-03
      0.20616372E+00      0.48605247E-04     -0.46233119E-06      0.13680510E-02      0.33743341E-03
      0.20653121E+00      0.54523099E-04     -0.47118855E-06      0.13782608E-02      0.37851707E-03
      0.20689870E+00      0.60297392E-04     -0.48005221E-06      0.13885180E-02      0.41860408E-03
      0.20726620E+00      0.65895093E-04     -0.48890667E-06      0.13988029E-02      0.45746514E-03
      0.20763369E+00      0.71283610E-04     -0.49773591E-06      0.14090955E-02      0.49487397E-03
      0.20800118E+00      0.76430967E-04     -0.50652341E-06      0.14193765E-02      0.53060860E-03
      0.20836868E+00      0.81305984E-04     -0.51525223E-06      0.14296264E-02      0.56445255E-03
      0.20873617E+00      0.85878452E-04     -0.52390496E-06      0.14398262E-02      0.59619611E-03
      0.20910366E+00      0.90119308E-04     -0.53246383E-06      0.14499572E-02      0.62563751E-03
      0.20947115E+00      0.94000809E-04     -0.54091071E-06      0.14600009E-02      0.65258415E-03
      0.20983865E+00      0.97496691E-04     -0.54922711E-06      0.14699392E-02      0.67685370E-03
      0.21020614E+00      0.10058234E-03     -0.55739429E-06      0.14797544E-02      0.69827525E-03
      0.21057363E+00      0.10323493E-03     -0.56539325E-06      0.14894292E-02      0.71669039E-03
      0.21094113E+00      0.10543359E-03     -0.57320476E-06      0.14989467E-02      0.73195421E-03
      0.21130862E+00      0.10715953E-03     -0.58080946E-06      0.15082905E-02      0.74393628E-03
      0.21167611E+00      0.10839619E-03     -0.58818782E-06      0.15174446E-02      0.75252155E-03
      0.21204361E+00      0.10912933E-03     -0.59532025E-06      0.15263935E-02      0.75761123E-03
      0.21241110E+00      0.10934716E-03     -0.60218714E-06      0.15351224E-02      0.75912350E-03
      0.21277859E+00      0.10904045E-03     -0.60876885E-06      0.15436166E-02      0.75699423E-03
      0.21314609E+00      0.10820260E-03     -0.61504581E-06      0.15518624E-02      0.75117759E-03
      0.21351358E+00      0.10682971E-03     -0.62099857E-06      0.15598464E-02      0.74164658E-03
      0.21388107E+00      0.10492068E-03     -0.62660779E-06      0.15675557E-02      0.72839345E-03
      0.21424857E+00      0.10247720E-03     -0.63185438E-06      0.15749781E-02      0.71143003E-03
      0.21461606E+00      0.99503847E-04     -0.63671943E-06      0.15821020E-02      0.69078803E-03
      0.21498355E+00      0.96008055E-04     -0.64118439E-06      0.15889162E-02      0.66651910E-03
      0.21535105E+00      0.92000156E-04     -0.64523100E-06      0.15954103E-02      0.63869497E-03
      0.21571854E+00      0.87493358E-04     -0.64884143E-06      0.16015744E-02      0.60740731E-03
      0.21608603E+00      0.82503721E-04     -0.65199827E-06      0.16073992E-02      0.57276763E-03
      0.21645353E+00      0.77050122E-04     -0.65468460E-06      0.16128761E-02      0.53490697E-03
      0.21682102E+00      0.71154202E-04     -0.65688405E-06      0.16179968E-02      0.49397558E-03
      0.21718851E+00      0.64840298E-04     -0.65858081E-06      0.16227539E-02      0.45014241E-03
      0.21755601E+00      0.58135359E-04     -0.65975972E-06      0.16271407E-02      0.40359455E-03
      0.21792350E+00      0.51068852E-04     -0.66040629E-06      0.16311506E-02      0.35453656E-03
      0.21829099E+00      0.43672649E-04     -0.66050674E-06      0.16347782E-02      0.30318971E-03
      0.21865849E+00      0.35980899E-04     -0.66004806E-06      0.16380182E-02      0.24979109E-03
      0.21902598E+00      0.28029897E-04     -0.65901805E-06      0.16408663E-02      0.19459265E-03
      0.21939347E+00      0.19857929E-04     -0.65740534E-06      0.16433185E-02      0.13786019E-03
      0.21976097E+00      0.11505106E-04     -0.65519944E-06      0.16453715E-02      0.79872180E-04
      0.22012846E+00      0.30131945E-05     -0.65239081E-06      0.16470226E-02      0.20918575E-04
      0.22049595E+00     -0.55745697E-05     -0.64897083E-06      0.16482696E-02     -0.38700474E-04
      0.22086345E+00     -0.14213679E-04     -0.64493188E-06      0.16491110E-02     -0.98675980E-04
      0.22123094E+00     -0.22858558E-04     -0.64026738E-06      0.16495457E-02     -0.15869153E-03
      0.22159843E+00     -0.31462772E-04     -0.63497177E-06      0.16495732E-02     -0.21842478E-03
      0.22196593E+00     -0.39979252E-04     -0.62904057E-06      0.16491937E-02     -0.27754895E-03
      0.22233342E+00     -0.48360515E-04     -0.62247042E-06      0.16484078E-02     -0.33573440E-03
      0.22270091E+00     -0.56558900E-04     -0.61525907E-06      0.16472166E-02     -0.39265025E-03
      0.22306841E+00     -0.64526797E-04     -0.60740539E-06      0.16456219E-02     -0.44796599E-03
      0.22343590E+00     -0.72216891E-04     -0.59890945E-06      0.16436257E-02     -0.50135311E-03
      0.22380339E+00     -0.79582393E-04     -0.58977245E-06      0.16412309E-02     -0.55248682E-03
      0.22417088E+00     -0.86577286E-04     -0.57999681E-06      0.16384406E-02     -0.60104765E-03
      0.22453838E+00     -0.93156564E-04     -0.56958611E-06      0.16352586E-02     -0.64672313E-03
      0.22490587E+00     -0.99276462E-04     -0.55854514E-06      0.16316889E-02     -0.68920945E-03
      0.22527336E+00     -0.10489470E-03     -0.54687991E-06      0.16277363E-02     -0.72821307E-03
      0.22564086E+00     -0.10997070E-03     -0.53459759E-06      0.16234058E-02     -0.76345231E-03
      0.22600835E+00     -0.11446582E-03     -0.52170659E-06      0.16187030E-02     -0.79465891E-03
      0.22637584E+00     -0.11834358E-03     -0.50821647E-06      0.16136339E-02     -0.82157955E-03
      0.22674334E+00     -0.12156983E-03     -0.49413800E-06      0.16082049E-02     -0.84397726E-03
      0.22711083E+00     -0.12411302E-03     -0.47948312E-06      0.16024227E-02     -0.86163288E-03
      0.22747832E+00     -0.12594431E-03     -0.46426490E-06      0.15962947E-02     -0.87434633E-03
      0.22784582E+00     -0.12703783E-03     -0.44849757E-06      0.15898284E-02     -0.88193787E-03
      0.22821331E+00     -0.12737077E-03     -0.43219647E-06      0.15830319E-02     -0.88424926E-03
      0.22858080E+00     -0.12692360E-03     -0.41537803E-06      0.15759134E-02     -0.88114485E-03
      0.22894830E+00     -0.12568017E-03     -0.39805975E-06      0.15684818E-02     -0.87251254E-03
      0.22931579E+00     -0.12362784E-03     -0.38026017E-06      0.15607460E-02     -0.85826463E-03
      0.22968328E+00     -0.12075762E-03     -0.36199881E-06      0.15527154E-02     -0.83833862E-03
      0.23005078E+00     -0.11706422E-03     -0.34329620E-06      0.15443997E-02     -0.81269787E-03
      0.23041827E+00     -0.11254617E-03     -0.32417377E-06      0.15358090E-02     -0.78133210E-03
      0.23078576E+00     -0.10720585E-03     -0.30465386E-06      0.15269535E-02     -0.74425783E-03
      0.23115326E+00     -0.10104953E-03     -0.28475966E-06      0.15178437E-02     -0.70151867E-03
      0.23152075E+00     -0.94087430E-04     -0.26451516E-06      0.15084904E-02     -0.65318550E-03
      0.23188824E+00     -0.86333685E-04     -0.24394512E-06      0.14989048E-02     -0.59935648E-03
      0.23225574E+00     -0.77806359E-04     -0.22307500E-06      0.14890980E-02     -0.54015702E-03
      0.23262323E+00     -0.68527402E-04     -0.20193093E-06      0.14790815E-02     -0.47573948E-03
      0.23299072E+00     -0.58522604E-04     -0.18053966E-06      0.14688671E-02     -0.40628293E-03
      0.23335822E+00     -0.47821528E-04     -0.15892847E-06      0.14584665E-02     -0.33199258E-03
      0.23372571E+00     -0.36457419E-04     -0.13712516E-06      0.14478918E-02     -0.25309924E-03
      0.23409320E+00     -0.24467104E-04     -0.11515798E-06      0.14371552E-02     -0.16985858E-03
      0.23446070E+00     -0.11890870E-04     -0.93055536E-07      0.14262688E-02     -0.82550283E-04
      0.23482819E+00      0.12276778E-05     -0.70846792E-07      0.14152452E-02      0.85229380E-05
      0.23519568E+00      0.14841770E-04     -0.48560963E-07      0.14040968E-02      0.10303639E-03
      0.23556318E+00      0.28901644E-04     -0.26227473E-07      0.13928362E-02      0.20064460E-03
      0.23593067E+00      0.43354733E-04     -0.38758912E-08      0.13814760E-02      0.30098264E-03
      0.23629816E+00      0.58145863E-04      0.18464131E-07      0.13700289E-02      0.40366747E-03
      0.23666566E+00      0.73217474E-04      0.40762921E-07      0.13585075E-02      0.50829949E-03
      0.23703315E+00      0.88509839E-04      0.62990847E-07      0.13469246E-02      0.61446406E-03
      0.23740064E+00      0.10396131E-03      0.85118382E-07      0.13352927E-02      0.72173319E-03
      0.23776814E+00      0.11950857E-03      0.10711616E-06      0.13236247E-02      0.82966728E-03
      0.23813563E+00      0.13508686E-03      0.12895505E-06      0.13119331E-02      0.93781690E-03
      0.23850312E+00      0.15063032E-03      0.15060620E-06      0.13002304E-02      0.10457246E-02
      0.23887062E+00      0.16607217E-03      0.17204111E-06      0.12885291E-02      0.11529270E-02
      0.23923811E+00      0.18134506E-03      0.19323169E-06      0.12768415E-02      0.12589563E-02
      0.23960560E+00      0.19638131E-03      0.21415031E-06      0.12651799E-02      0.13633429E-02
      0.23997309E+00      0.21111324E-03      0.23476986E-06      0.12535564E-02      0.14656167E-02
      0.24034059E+00      0.22547343E-03      0.25506382E-06      0.12419829E-02      0.15653098E-02
      0.24070808E+00      0.23939499E-03      0.27500629E-06      0.12304713E-02      0.16619578E-02
      0.24107557E+00      0.25281190E-03      0.29457205E-06      0.12190331E-02      0.17551024E-02
      0.24144307E+00      0.26565928E-03      0.31373665E-06      0.12076798E-02      0.18442930E-02
      0.24181056E+00      0.27787365E-03      0.33247637E-06      0.11964224E-02      0.19290892E-02
      0.24217805E+00      0.28939323E-03      0.35076838E-06      0.11852722E-02      0.20090618E-02
      0.24254555E+00      0.30015821E-03      0.36859068E-06      0.11742396E-02      0.20837958E-02
      0.24291304E+00      0.31011103E-03      0.38592221E-06      0.11633353E-02      0.21528915E-02
      0.24328053E+00      0.31919661E-03      0.40274286E-06      0.11525695E-02      0.22159665E-02
      0.24364803E+00      0.32736263E-03      0.41903353E-06      0.11419520E-02      0.22726577E-02
      0.24401552E+00      0.33455975E-03      0.43477614E-06      0.11314926E-02      0.23226225E-02
      0.24438301E+00      0.34074187E-03      0.44995367E-06      0.11212007E-02      0.23655408E-02
      0.24475051E+00      0.34586630E-03      0.46455020E-06      0.11110851E-02      0.24011162E-02
      0.24511800E+00      0.34989401E-03      0.47855093E-06      0.11011548E-02      0.24290779E-02
      0.24548549E+00      0.35278980E-03      0.49194219E-06      0.10914180E-02      0.24491814E-02
      0.24585299E+00      0.35452247E-03      0.50471150E-06      0.10818829E-02      0.24612101E-02
      0.24622048E+00      0.35506501E-03      0.51684753E-06      0.10725573E-02      0.24649766E-02
      0.24658797E+00      0.35439474E-03      0.52834018E-06      0.10634485E-02      0.24603234E-02
      0.24695547E+00      0.35249345E-03      0.53918053E-06      0.10545636E-02      0.24471240E-02
      0.24732296E+00      0.34934747E-03      0.54936090E-06      0.10459093E-02      0.24252836E-02
      0.24769045E+00      0.34494787E-03      0.55887483E-06      0.10374920E-02      0.23947402E-02
      0.24805795E+00      0.33929046E-03      0.56771707E-06      0.10293176E-02      0.23554646E-02
      0.24842544E+00      0.33237590E-03      0.57588361E-06      0.10213919E-02      0.23074614E-02
      0.24879293E+00      0.32420977E-03      0.58337166E-06      0.10137202E-02      0.22507695E-02
      0.24916043E+00      0.31480260E-03      0.59017966E-06      0.10063074E-02      0.21854619E-02
      0.24952792E+00      0.30416990E-03      0.59630724E-06      0.99915810E-03      0.21116462E-02
      0.24989541E+00      0.29233217E-03      0.60175523E-06      0.99227661E-03      0.20294649E-02
      0.25026291E+00      0.27931494E-03      0.60652564E-06      0.98566683E-03      0.19390950E-02
      0.25063040E+00      0.26514870E-03      0.61062165E-06      0.97933236E-03      0.18407484E-02
      0.25099789E+00      0.24986893E-03      0.61404757E-06      0.97327646E-03      0.17346713E-02
      0.25136539E+00      0.23351607E-03      0.61680886E-06      0.96750207E-03      0.16211444E-02
      0.25173288E+00      0.21613543E-03      0.61891203E-06      0.96201181E-03      0.15004823E-02
      0.25210037E+00      0.19777719E-03      0.62036468E-06      0.95680799E-03      0.13730335E-02
      0.25246787E+00      0.17849634E-03      0.62117546E-06      0.95189262E-03      0.12391796E-02
      0.25283536E+00      0.15835259E-03      0.62135399E-06      0.94726743E-03      0.10993351E-02
      0.25320285E+00      0.13741030E-03      0.62091089E-06      0.94293385E-03      0.95394697E-03
      0.25357035E+00      0.11573846E-03      0.61985768E-06      0.93889304E-03      0.80349401E-03
      0.25393784E+00      0.93410554E-04      0.61820679E-06      0.93514593E-03      0.64848641E-03
      0.25430533E+00      0.70504504E-04      0.61597152E-06      0.93169315E-03      0.48946517E-03
      0.25467283E+00      0.47102607E-04      0.61316595E-06      0.92853513E-03      0.32700160E-03
      0.25504032E+00      0.23291443E-04      0.60980494E-06      0.92567205E-03      0.16169677E-03
      0.25540781E+00     -0.83819274E-06      0.60590407E-06      0.92310389E-03     -0.58190063E-05
      0.25577530E+00     -0.25191364E-04      0.60147960E-06      0.92083042E-03     -0.17488663E-03
      0.25614280E+00     -0.49669056E-04      0.59654842E-06      0.91885120E-03     -0.34481872E-03
      0.25651029E+00     -0.74168237E-04      0.59112800E-06      0.91716563E-03     -0.51490000E-03
      0.25687778E+00     -0.98581914E-04      0.58523632E-06      0.91577294E-03     -0.68438767E-03
      0.25724528E+00     -0.12279918E-03      0.57889189E-06      0.91467218E-03     -0.85251177E-03
      0.25761277E+00     -0.14670523E-03      0.57211360E-06      0.91386229E-03     -0.10184754E-02
      0.25798026E+00     -0.17018143E-03      0.56492077E-06      0.91334203E-03     -0.11814548E-02
      0.25834776E+00     -0.19310531E-03      0.55733301E-06      0.91311007E-03     -0.13405998E-02
      0.25871525E+00     -0.21535054E-03      0.54937026E-06      0.91316495E-03     -0.14950334E-02
      0.25908274E+00     -0.23678699E-03      0.54105264E-06      0.91350510E-03     -0.16438522E-02
      0.25945024E+00     -0.25728068E-03      0.53240049E-06      0.91412888E-03     -0.17861260E-02
      0.25981773E+00     -0.27669372E-03      0.52343427E-06      0.91503453E-03     -0.19208977E-02
      0.26018522E+00     -0.29488432E-03      0.51417452E-06      0.91622023E-03     -0.20471828E-02
      0.26055272E+00     -0.31170674E-03      0.50464183E-06      0.91768409E-03     -0.21639694E-02
      0.26092021E+00     -0.32701117E-03      0.49485676E-06      0.91942415E-03     -0.22702178E-02
      0.26128770E+00     -0.34064370E-03      0.48483983E-06      0.92143838E-03     -0.23648592E-02
      0.26165520E+00     -0.35244624E-03      0.47461144E-06      0.92372474E-03     -0.24467963E-02
      0.26202269E+00     -0.36225638E-03      0.46419186E-06      0.92628108E-03     -0.25149014E-02
      0.26239018E+00     -0.36990733E-03      0.45360115E-06      0.92910526E-03     -0.25680168E-02
      0.26275768E+00     -0.37522778E-03      0.44285916E-06      0.93219506E-03     -0.26049531E-02
      0.26312517E+00     -0.37804180E-03      0.43198547E-06      0.93554824E-03     -0.26244890E-02
      0.26349266E+00     -0.37816869E-03      0.42099932E-06      0.93916252E-03     -0.26253699E-02
      0.26386016E+00     -0.37542288E-03      0.40991964E-06      0.94303557E-03     -0.26063076E-02
      0.26422765E+00     -0.36961376E-03      0.39876496E-06      0.94716503E-03     -0.25659788E-02
      0.26459514E+00     -0.36054559E-03      0.38755342E-06      0.95154850E-03     -0.25030246E-02
      0.26496264E+00     -0.34801736E-03      0.37630269E-06      0.95618352E-03     -0.24160495E-02
      0.26533013E+00     -0.33182263E-03      0.36502998E-06      0.96106760E-03     -0.23036205E-02
      0.26569762E+00     -0.31174948E-03      0.35375201E-06      0.96619819E-03     -0.21642661E-02
      0.26606512E+00     -0.28758032E-03      0.34248497E-06      0.97157267E-03     -0.19964760E-02
      0.26643261E+00     -0.25909188E-03      0.33124450E-06      0.97718838E-03     -0.17987000E-02
      0.26680010E+00     -0.22605504E-03      0.32004568E-06      0.98304256E-03     -0.15693475E-02
      0.26716760E+00     -0.18823484E-03      0.30890302E-06      0.98913241E-03     -0.13067874E-02
      0.26753509E+00     -0.14539038E-03      0.29783041E-06      0.99545500E-03     -0.10093473E-02
      0.26790258E+00     -0.97274843E-04      0.28684113E-06      0.10020073E-02     -0.67531356E-03
      0.26827008E+00     -0.43635463E-04      0.27594786E-06      0.10087863E-02     -0.30293156E-03
      0.26863757E+00      0.15786419E-04      0.26516262E-06      0.10157886E-02      0.10959445E-03
      0.26900506E+00      0.81255294E-04      0.25449680E-06      0.10230110E-02      0.56410065E-03
      0.26937256E+00      0.15304138E-03      0.24396115E-06      0.10304499E-02      0.10624630E-02
      0.26974005E+00      0.23142050E-03      0.23356577E-06      0.10381017E-02      0.16065963E-02
      0.27010754E+00      0.31667385E-03      0.22332011E-06      0.10459625E-02      0.21984528E-02
      0.27047503E+00      0.40908785E-03      0.21323298E-06      0.10540284E-02      0.28400207E-02
      0.27084253E+00      0.50895378E-03      0.20331255E-06      0.10622952E-02      0.35333224E-02
      0.27121002E+00      0.61656752E-03      0.19356633E-06      0.10707585E-02      0.42804120E-02
      0.27157751E+00      0.73222917E-03      0.18400124E-06      0.10794137E-02      0.50833728E-02
      0.27194501E+00      0.85624257E-03      0.17462355E-06      0.10882560E-02      0.59443141E-02
      0.27231250E+00      0.98891486E-03      0.16543893E-06      0.10972803E-02      0.68653682E-02
      0.27267999E+00      0.11305559E-02      0.15645245E-06      0.11064812E-02      0.78486864E-02
      0.27304749E+00      0.12814777E-02      0.14766861E-06      0.11158533E-02      0.88964345E-02
      0.27341498E+00      0.14419937E-02      0.13909133E-06      0.11253906E-02      0.10010788E-01
      0.27378247E+00      0.16124180E-02      0.13072397E-06      0.11350871E-02      0.11193929E-01
      0.27414997E+00      0.17930646E-02      0.12256940E-06      0.11449361E-02      0.12448037E-01
      0.27451746E+00      0.19842467E-02      0.11462993E-06      0.11549310E-02      0.13775285E-01
      0.27488495E+00      0.21862755E-02      0.10690740E-06      0.11650647E-02      0.15177835E-01
      0.27525245E+00      0.23994592E-02      0.99403187E-07      0.11753298E-02      0.16657825E-01
      0.27561994E+00      0.26241021E-02      0.92118207E-07      0.11857186E-02      0.18217369E-01
      0.27598743E+00      0.28605035E-02      0.85052957E-07      0.11962229E-02      0.19858544E-01
      0.27635493E+00      0.31089563E-02      0.78207530E-07      0.12068343E-02      0.21583384E-01
      0.27672242E+00      0.33697457E-02      0.71581644E-07      0.12175440E-02      0.23393870E-01
      0.27708991E+00      0.36431484E-02      0.65174666E-07      0.12283429E-02      0.25291920E-01
      0.27745741E+00      0.39294304E-02      0.58985632E-07      0.12392215E-02      0.27279382E-01
      0.27782490E+00      0.42288463E-02      0.53013279E-07      0.12501698E-02      0.29358025E-01
      0.27819239E+00      0.45416373E-02      0.47256066E-07      0.12611776E-02      0.31529521E-01
      0.27855989E+00      0.48680300E-02      0.41712197E-07      0.12722344E-02      0.33795445E-01
      0.27892738E+00      0.52082345E-02      0.36379654E-07      0.12833292E-02      0.36157256E-01
      0.27929487E+00      0.55624433E-02      0.31256213E-07      0.12944505E-02      0.38616288E-01
      0.27966237E+00      0.59308289E-02      0.26339473E-07      0.13055869E-02      0.41173741E-01
      0.28002986E+00      0.63135427E-02      0.21626879E-07      0.13167262E-02      0.43830664E-01
      0.28039735E+00      0.67107130E-02      0.17115746E-07      0.13278561E-02      0.46587950E-01
      0.28076485E+00      0.71224434E-02      0.12803280E-07      0.13389639E-02      0.49446316E-01
      0.28113234E+00      0.75488110E-02      0.86866012E-08      0.13500367E-02      0.52406298E-01
      0.28149983E+00      0.79898646E-02      0.47627655E-08      0.13610610E-02      0.55468236E-01
      0.28186733E+00      0.84456231E-02      0.10287839E-08      0.13720234E-02      0.58632259E-01
      0.28223482E+00      0.89160734E-02     -0.25183576E-08      0.13829099E-02      0.61898278E-01
      0.28260231E+00      0.94011692E-02     -0.58816803E-08      0.13937064E-02      0.65265971E-01
      0.28296981E+00      0.99008291E-02     -0.90641949E-08      0.14043985E-02      0.68734772E-01
      0.28333730E+00      0.10414935E-01     -0.12068886E-07      0.14149718E-02      0.72303859E-01
      0.28370479E+00      0.10943329E-01     -0.14898697E-07      0.14254112E-02      0.75972145E-01
      0.28407229E+00      0.11485816E-01     -0.17556518E-07      0.14357020E-02      0.79738263E-01
      0.28443978E+00      0.12042156E-01     -0.20045170E-07      0.14458290E-02      0.83600559E-01
      0.28480727E+00      0.12612070E-01     -0.22367399E-07      0.14557768E-02      0.87557083E-01
      0.28517477E+00      0.13195231E-01     -0.24525862E-07      0.14655303E-02      0.91605577E-01
      0.28554226E+00      0.13791268E-01     -0.26523120E-07      0.14750738E-02      0.95743466E-01
      0.28590975E+00      0.14399766E-01     -0.28361634E-07      0.14843921E-02      0.99967852E-01
      0.28627724E+00      0.15020258E-01     -0.30043756E-07      0.14934694E-02      0.10427551E+00
      0.28664474E+00      0.15652231E-01     -0.31571728E-07      0.15022905E-02      0.10866287E+00
      0.28701223E+00      0.16295122E-01     -0.32947677E-07      0.15108397E-02      0.11312603E+00
      0.28737972E+00      0.16948318E-01     -0.34173615E-07      0.15191018E-02      0.11766073E+00
      0.28774722E+00      0.17611156E-01     -0.35251439E-07      0.15270614E-02      0.12226237E+00
      0.28811471E+00      0.18282923E-01     -0.36182934E-07      0.15347034E-02      0.12692599E+00
      0.28848220E+00      0.18962853E-01     -0.36969772E-07      0.15420128E-02      0.13164628E+00
      0.28884970E+00      0.19650130E-01     -0.37613522E-07      0.15489749E-02      0.13641759E+00
      0.28921719E+00      0.20343888E-01     -0.38115650E-07      0.15555750E-02      0.14123388E+00
      0.28958468E+00      0.21043211E-01     -0.38477530E-07      0.15617990E-02      0.14608881E+00
      0.28995218E+00      0.21747132E-01     -0.38700448E-07      0.15676328E-02      0.15097566E+00
      0.29031967E+00      0.22454636E-01     -0.38785613E-07      0.15730629E-02      0.15588738E+00
      0.29068716E+00      0.23164660E-01     -0.38734167E-07      0.15780758E-02      0.16081659E+00
      0.29105466E+00      0.23876093E-01     -0.38547195E-07      0.15826588E-02      0.16575559E+00
      0.29142215E+00      0.24587782E-01     -0.38225738E-07      0.15867994E-02      0.17069637E+00
      0.29178964E+00      0.25298528E-01     -0.37770804E-07      0.15904856E-02      0.17563060E+00
      0.29215714E+00      0.26007091E-01     -0.37183381E-07      0.15937060E-02      0.18054968E+00
      0.29252463E+00      0.26712193E-01     -0.36464456E-07      0.15964495E-02      0.18544472E+00
      0.29289212E+00      0.27412516E-01     -0.35615022E-07      0.15987058E-02      0.19030659E+00
      0.29325962E+00      0.28106711E-01     -0.34636099E-07      0.16004650E-02      0.19512592E+00
      0.29362711E+00      0.28793395E-01     -0.33528745E-07      0.16017179E-02      0.19989310E+00
      0.29399460E+00      0.29471158E-01     -0.32294078E-07      0.16024560E-02      0.20459836E+00
      0.29436210E+00      0.30138565E-01     -0.30933284E-07      0.16026713E-02      0.20923171E+00
      0.29472959E+00      0.30794158E-01     -0.29447639E-07      0.16023566E-02      0.21378304E+00
      0.29509708E+00      0.31436462E-01     -0.27838526E-07      0.16015055E-02      0.21824213E+00
      0.29546458E+00      0.32063988E-01     -0.26107444E-07      0.16001120E-02      0.22259862E+00
      0.29583207E+00      0.32675239E-01     -0.24256032E-07      0.15981712E-02      0.22684212E+00
      0.29619956E+00      0.33268711E-01     -0.22286079E-07      0.15956789E-02      0.23096220E+00
      0.29656706E+00      0.33842899E-01     -0.20199545E-07      0.15926315E-02      0.23494840E+00
      0.29693455E+00      0.34396305E-01     -0.17998569E-07      0.15890264E-02      0.23879032E+00
      0.29730204E+00      0.34927438E-01     -0.15685490E-07      0.15848618E-02      0.24247762E+00
      0.29766954E+00      0.35434820E-01     -0.13262856E-07      0.15801366E-02      0.24600003E+00
      0.29803703E+00      0.35916997E-01     -0.10733440E-07      0.15748507E-02      0.24934746E+00
      0.29840452E+00      0.36372537E-01     -0.81002511E-08      0.15690047E-02      0.25250996E+00
      0.29877202E+00      0.36800038E-01     -0.53665477E-08      0.15626002E-02      0.25547782E+00
      0.29913951E+00      0.37198136E-01     -0.25358454E-08      0.15556395E-02      0.25824155E+00
      0.29950700E+00      0.37565510E-01      0.38807126E-09      0.15481259E-02      0.26079197E+00
      0.29987450E+00      0.37900885E-01      0.34011413E-08      0.15400635E-02      0.26312025E+00
      0.30024199E+00      0.38203040E-01      0.64990195E-08      0.15314573E-02      0.26521791E+00
      0.30060948E+00      0.38470815E-01      0.96770702E-08      0.15223131E-02      0.26707690E+00
      0.30097698E+00      0.38703116E-01      0.12930363E-07      0.15126375E-02      0.26868960E+00
      0.30134447E+00      0.38898919E-01      0.16253667E-07      0.15024382E-02      0.27004893E+00
      0.30171196E+00      0.39057278E-01      0.19641453E-07      0.14917234E-02      0.27114831E+00
      0.30207945E+00      0.39177333E-01      0.23087886E-07      0.14805024E-02      0.27198177E+00
      0.30244695E+00      0.39258311E-01      0.26586833E-07      0.14687852E-02      0.27254395E+00
      0.30281444E+00      0.39299535E-01      0.30131860E-07      0.14565825E-02      0.27283014E+00
      0.30318193E+00      0.39300428E-01      0.33716235E-07      0.14439061E-02      0.27283634E+00
      0.30354943E+00      0.39260522E-01      0.37332937E-07      0.14307682E-02      0.27255930E+00
      0.30391692E+00      0.39179458E-01      0.40974660E-07      0.14171819E-02      0.27199653E+00
      0.30428441E+00      0.39056995E-01      0.44633819E-07      0.14031611E-02      0.27114635E+00
      0.30465191E+00      0.38893014E-01      0.48302565E-07      0.13887204E-02      0.27000794E+00
      0.30501940E+00      0.38687521E-01      0.51972789E-07      0.13738749E-02      0.26858134E+00
      0.30538689E+00      0.38440657E-01      0.55636140E-07      0.13586406E-02      0.26686753E+00
      0.30575439E+00      0.38152693E-01      0.59284035E-07      0.13430340E-02      0.26486839E+00
      0.30612188E+00      0.37824044E-01      0.62907678E-07      0.13270722E-02      0.26258680E+00
      0.30648937E+00      0.37455266E-01      0.66498072E-07      0.13107728E-02      0.26002662E+00
      0.30685687E+00      0.37047059E-01      0.70046043E-07      0.12941542E-02      0.25719272E+00
      0.30722436E+00      0.36600276E-01      0.73542253E-07      0.12772351E-02      0.25409101E+00
      0.30759185E+00      0.36115919E-01      0.76977226E-07      0.12600346E-02      0.25072845E+00
      0.30795935E+00      0.35595145E-01      0.80341367E-07      0.12425726E-02      0.24711306E+00
      0.30832684E+00      0.35039264E-01      0.83624985E-07      0.12248691E-02      0.24325395E+00
      0.30869433E+00      0.34449746E-01      0.86818320E-07      0.12069445E-02      0.23916132E+00
      0.30906183E+00      0.33828215E-01      0.89911562E-07      0.11888196E-02      0.23484645E+00
      0.30942932E+00      0.33176455E-01      0.92894886E-07      0.11705157E-02      0.23032173E+00
      0.30979681E+00      0.32496407E-01      0.95758472E-07      0.11520541E-02      0.22560062E+00
      0.31016431E+00      0.31790170E-01      0.98492534E-07      0.11334564E-02      0.22069769E+00
      0.31053180E+00      0.31059996E-01      0.10108735E-06      0.11147445E-02      0.21562858E+00
      0.31089929E+00      0.30308294E-01      0.10353329E-06      0.10959404E-02      0.21041002E+00
      0.31126679E+00      0.29537623E-01      0.10582085E-06      0.10770662E-02      0.20505978E+00
      0.31163428E+00      0.28750693E-01      0.10794068E-06      0.10581441E-02      0.19959665E+00
      0.31200177E+00      0.27950357E-01      0.10988360E-06      0.10391964E-02      0.19404046E+00
      0.31236927E+00      0.27139614E-01      0.11164065E-06      0.10202453E-02      0.18841202E+00
      0.31273676E+00      0.26321597E-01      0.11320312E-06      0.10013131E-02      0.18273308E+00
      0.31310425E+00      0.25499574E-01      0.11456257E-06      0.98242207E-03      0.17702633E+00
      0.31347175E+00      0.24676940E-01      0.11571087E-06      0.96359420E-03      0.17131534E+00
      0.31383924E+00      0.23857211E-01      0.11664021E-06      0.94485150E-03      0.16562451E+00
      0.31420673E+00      0.23044018E-01      0.11734317E-06      0.92621576E-03      0.15997906E+00
      0.31457423E+00      0.22241100E-01      0.11781270E-06      0.90770856E-03      0.15440494E+00
      0.31494172E+00      0.21452296E-01      0.11804221E-06      0.88935127E-03      0.14892880E+00
      0.31530921E+00      0.20681537E-01      0.11802552E-06      0.87116497E-03      0.14357795E+00
      0.31567671E+00      0.19932840E-01      0.11775696E-06      0.85317042E-03      0.13838025E+00
      0.31604420E+00      0.19210294E-01      0.11723138E-06      0.83538808E-03      0.13336410E+00
      0.31641169E+00      0.18518055E-01      0.11644413E-06      0.81783800E-03      0.12855835E+00
      0.31677918E+00      0.17860334E-01      0.11539114E-06      0.80053985E-03      0.12399224E+00
      0.31714668E+00      0.17241387E-01      0.11406894E-06      0.78351287E-03      0.11969531E+00
      0.31751417E+00      0.16665505E-01      0.11247463E-06      0.76677582E-03      0.11569735E+00
      0.31788166E+00      0.16137003E-01      0.11060596E-06      0.75034700E-03      0.11202832E+00
      0.31824916E+00      0.15660209E-01      0.10846134E-06      0.73424417E-03      0.10871825E+00
      0.31861665E+00      0.15239448E-01      0.10603983E-06      0.71848455E-03      0.10579720E+00
      0.31898414E+00      0.14879039E-01      0.10334118E-06      0.70308480E-03      0.10329512E+00
      0.31935164E+00      0.14583274E-01      0.10036583E-06      0.68806097E-03      0.10124182E+00
      0.31971913E+00      0.14356410E-01      0.97114954E-07      0.67342852E-03      0.99666865E-01
      0.32008662E+00      0.14202659E-01      0.93590437E-07      0.65920224E-03      0.98599472E-01
      0.32045412E+00      0.14126168E-01      0.89794903E-07      0.64539627E-03      0.98068448E-01
      0.32082161E+00      0.14131014E-01      0.85731721E-07      0.63202408E-03      0.98102088E-01
      0.32118910E+00      0.14221185E-01      0.81405012E-07      0.61909843E-03      0.98728088E-01
      0.32155660E+00      0.14400574E-01      0.76819648E-07      0.60663136E-03      0.99973460E-01
      0.32192409E+00      0.14672958E-01      0.71981262E-07      0.59463418E-03      0.10186444E+00
      0.32229158E+00      0.15041994E-01      0.66896242E-07      0.58311744E-03      0.10442641E+00
      0.32265908E+00      0.15511200E-01      0.61571734E-07      0.57209094E-03      0.10768379E+00
      0.32302657E+00      0.16083946E-01      0.56015634E-07      0.56156369E-03      0.11165998E+00
      0.32339406E+00      0.16763441E-01      0.50236585E-07      0.55154390E-03      0.11637725E+00
      0.32376156E+00      0.17552718E-01      0.44243968E-07      0.54203900E-03      0.12185667E+00
      0.32412905E+00      0.18454630E-01      0.38047890E-07      0.53305559E-03      0.12811804E+00
      0.32449654E+00      0.19471832E-01      0.31659177E-07      0.52459945E-03      0.13517978E+00
      0.32486404E+00      0.20606770E-01      0.25089352E-07      0.51667554E-03      0.14305889E+00
      0.32523153E+00      0.21861676E-01      0.18350624E-07      0.50928796E-03      0.15177086E+00
      0.32559902E+00      0.23238552E-01      0.11455870E-07      0.50244001E-03      0.16132958E+00
      0.32596652E+00      0.24739165E-01      0.44186096E-08      0.49613411E-03      0.17174732E+00
      0.32633401E+00      0.26365034E-01     -0.27470133E-08      0.49037183E-03      0.18303463E+00
      0.32670150E+00      0.28117424E-01     -0.10026257E-07      0.48515391E-03      0.19520029E+00
      0.32706900E+00      0.29997338E-01     -0.17403806E-07      0.48048022E-03      0.20825127E+00
      0.32743649E+00      0.32005509E-01     -0.24863803E-07      0.47634980E-03      0.22219264E+00
      0.32780398E+00      0.34142395E-01     -0.32389877E-07      0.47276080E-03      0.23702760E+00
      0.32817148E+00      0.36408169E-01     -0.39965171E-07      0.46971055E-03      0.25275734E+00
      0.32853897E+00      0.38802720E-01     -0.47572383E-07      0.46719554E-03      0.26938109E+00
      0.32890646E+00      0.41325643E-01     -0.55193796E-07      0.46521140E-03      0.28689604E+00
      0.32927396E+00      0.43976238E-01     -0.62811313E-07      0.46375294E-03      0.30529733E+00
      0.32964145E+00      0.46753510E-01     -0.70406499E-07      0.46281412E-03      0.32457806E+00
      0.33000894E+00      0.49656161E-01     -0.77960617E-07      0.46238811E-03      0.34472920E+00
      0.33037644E+00      0.52682592E-01     -0.85454668E-07      0.46246724E-03      0.36573967E+00
      0.33074393E+00      0.55830905E-01     -0.92869435E-07      0.46304307E-03      0.38759628E+00
      0.33111142E+00      0.59098899E-01     -0.10018552E-06      0.46410633E-03      0.41028376E+00
      0.33147892E+00      0.62484076E-01     -0.10738340E-06      0.46564700E-03      0.43378476E+00
      0.33184641E+00      0.65983640E-01     -0.11444345E-06      0.46765429E-03      0.45807987E+00
      0.33221390E+00      0.69594502E-01     -0.12134600E-06      0.47011666E-03      0.48314764E+00
      0.33258139E+00      0.73313284E-01     -0.12807138E-06      0.47302182E-03      0.50896463E+00
      0.33294889E+00      0.77136322E-01     -0.13459998E-06      0.47635679E-03      0.53550541E+00
      0.33331638E+00      0.81059678E-01     -0.14091226E-06      0.48010787E-03      0.56274261E+00
      0.33368387E+00      0.85079138E-01     -0.14698882E-06      0.48426068E-03      0.59064701E+00
      0.33405137E+00      0.89190227E-01     -0.15281045E-06      0.48880017E-03      0.61918753E+00
      0.33441886E+00      0.93388216E-01     -0.15835816E-06      0.49371067E-03      0.64833133E+00
      0.33478635E+00      0.97668127E-01     -0.16361325E-06      0.49897587E-03      0.67804386E+00
      0.33515385E+00      0.10202475E+00     -0.16855731E-06      0.50457887E-03      0.70828895E+00
      0.33552134E+00      0.10645265E+00     -0.17317233E-06      0.51050220E-03      0.73902884E+00
      0.33588883E+00      0.11094617E+00     -0.17744068E-06      0.51672784E-03      0.77022434E+00
      0.33625633E+00      0.11549947E+00     -0.18134520E-06      0.52323725E-03      0.80183483E+00
      0.33662382E+00      0.12010651E+00     -0.18486922E-06      0.53001139E-03      0.83381840E+00
      0.33699131E+00      0.12476108E+00     -0.18799661E-06      0.53703075E-03      0.86613195E+00
      0.33735881E+00      0.12945682E+00     -0.19071181E-06      0.54427540E-03      0.89873128E+00
      0.33772630E+00      0.13418721E+00     -0.19299990E-06      0.55172498E-03      0.93157117E+00
      0.33809379E+00      0.13894561E+00     -0.19484660E-06      0.55935875E-03      0.96460553E+00
      0.33846129E+00      0.14372527E+00     -0.19623834E-06      0.56715565E-03      0.99778749E+00
      0.33882878E+00      0.14851934E+00     -0.19716225E-06      0.57509428E-03      0.10310695E+01
      0.33919627E+00      0.15332090E+00     -0.19760627E-06      0.58315297E-03      0.10644035E+01
      0.33956377E+00      0.15812297E+00     -0.19755910E-06      0.59130981E-03      0.10977410E+01
      0.33993126E+00      0.16291850E+00     -0.19701031E-06      0.59954265E-03      0.11310331E+01
      0.34029875E+00      0.16770045E+00     -0.19595028E-06      0.60782920E-03      0.11642310E+01
      0.34066625E+00      0.17246174E+00     -0.19437032E-06      0.61614701E-03      0.11972854E+01
      0.34103374E+00      0.17719534E+00     -0.19226261E-06      0.62447352E-03      0.12301476E+01
      0.34140123E+00      0.18189420E+00     -0.18962032E-06      0.63278612E-03      0.12627686E+01
      0.34176873E+00      0.18655136E+00     -0.18643751E-06      0.64106216E-03      0.12951001E+01
      0.34213622E+00      0.19115989E+00     -0.18270927E-06      0.64927899E-03      0.13270941E+01
      0.34250371E+00      0.19571298E+00     -0.17843166E-06      0.65741404E-03      0.13587031E+01
      0.34287121E+00      0.20020388E+00     -0.17360173E-06      0.66544479E-03      0.13898804E+01
      0.34323870E+00      0.20462600E+00     -0.16821757E-06      0.67334886E-03      0.14205801E+01
      0.34360619E+00      0.20897284E+00     -0.16227830E-06      0.68110405E-03      0.14507573E+01
      0.34397369E+00      0.21323809E+00     -0.15578406E-06      0.68868835E-03      0.14803681E+01
      0.34434118E+00      0.21741560E+00     -0.14873604E-06      0.69607999E-03      0.15093698E+01
      0.34470867E+00      0.22149941E+00     -0.14113648E-06      0.70325749E-03      0.15377208E+01
      0.34507617E+00      0.22548373E+00     -0.13298864E-06      0.71019969E-03      0.15653813E+01
      0.34544366E+00      0.22936303E+00     -0.12429685E-06      0.71688579E-03      0.15923127E+01
      0.34581115E+00      0.23313198E+00     -0.11506645E-06      0.72329541E-03      0.16184780E+01
      0.34617865E+00      0.23678552E+00     -0.10530383E-06      0.72940858E-03      0.16438420E+01
      0.34654614E+00      0.24031882E+00     -0.95016385E-07      0.73520581E-03      0.16683713E+01
      0.34691363E+00      0.24372734E+00     -0.84212534E-07      0.74066816E-03      0.16920344E+01
      0.34728113E+00      0.24700682E+00     -0.72901678E-07      0.74577719E-03      0.17148016E+01
      0.34764862E+00      0.25015327E+00     -0.61094197E-07      0.75051508E-03      0.17366453E+01
      0.34801611E+00      0.25316303E+00     -0.48801431E-07      0.75486463E-03      0.17575400E+01
      0.34838360E+00      0.25603274E+00     -0.36035656E-07      0.75880927E-03      0.17774625E+01
      0.34875110E+00      0.25875936E+00     -0.22810065E-07      0.76233315E-03      0.17963915E+01
      0.34911859E+00      0.26134016E+00     -0.91387372E-08      0.76542113E-03      0.18143083E+01
      0.34948608E+00      0.26377276E+00      0.49633864E-08      0.76805881E-03      0.18311962E+01
      0.34985358E+00      0.26605511E+00      0.19480532E-07      0.77023257E-03      0.18470410E+01
      0.35022107E+00      0.26818550E+00      0.34396126E-07      0.77192963E-03      0.18618308E+01
      0.35058856E+00      0.27016255E+00      0.49692827E-07      0.77313800E-03      0.18755562E+01
      0.35095606E+00      0.27198525E+00      0.65352560E-07      0.77384658E-03      0.18882100E+01
      0.35132355E+00      0.27365291E+00      0.81356556E-07      0.77404514E-03      0.18997874E+01
      0.35169104E+00      0.27516519E+00      0.97685386E-07      0.77372435E-03      0.19102862E+01
      0.35205854E+00      0.27652210E+00      0.11431900E-06      0.77287583E-03      0.19197063E+01
      0.35242603E+00      0.27772398E+00      0.13123678E-06      0.77149210E-03      0.19280501E+01
      0.35279352E+00      0.27877150E+00      0.14841757E-06      0.76956666E-03      0.19353223E+01
      0.35316102E+00      0.27966568E+00      0.16583971E-06      0.76709398E-03      0.19415300E+01
      0.35352851E+00      0.28040785E+00      0.18348111E-06      0.76406951E-03      0.19466824E+01
      0.35389600E+00      0.28099965E+00      0.20131926E-06      0.76048967E-03      0.19507909E+01
      0.35426350E+00      0.28144305E+00      0.21933131E-06      0.75635191E-03      0.19538691E+01
      0.35463099E+00      0.28174030E+00      0.23749409E-06      0.75165466E-03      0.19559327E+01
      0.35499848E+00      0.28189396E+00      0.25578419E-06      0.74639734E-03      0.19569994E+01
      0.35536598E+00      0.28190685E+00      0.27417795E-06      0.74058042E-03      0.19570889E+01
      0.35573347E+00      0.28178206E+00      0.29265157E-06      0.73420531E-03      0.19562226E+01
      0.35610096E+00      0.28152296E+00      0.31118114E-06      0.72727447E-03      0.19544238E+01
      0.35646846E+00      0.28113313E+00      0.32974266E-06      0.71979131E-03      0.19517175E+01
      0.35683595E+00      0.28061639E+00      0.34831213E-06      0.71176024E-03      0.19481301E+01
      0.35720344E+00      0.27997678E+00      0.36686556E-06      0.70318664E-03      0.19436898E+01
      0.35757094E+00      0.27921854E+00      0.38537906E-06      0.69407681E-03      0.19384258E+01
      0.35793843E+00      0.27834607E+00      0.40382884E-06      0.68443802E-03      0.19323688E+01
      0.35830592E+00      0.27736396E+00      0.42219131E-06      0.67427843E-03      0.19255507E+01
      0.35867342E+00      0.27627693E+00      0.44044307E-06      0.66360712E-03      0.19180042E+01
      0.35904091E+00      0.27508985E+00      0.45856102E-06      0.65243401E-03      0.19097631E+01
      0.35940840E+00      0.27380769E+00      0.47652234E-06      0.64076989E-03      0.19008619E+01
      0.35977590E+00      0.27243551E+00      0.49430458E-06      0.62862634E-03      0.18913358E+01
      0.36014339E+00      0.27097848E+00      0.51188568E-06      0.61601573E-03      0.18812206E+01
      0.36051088E+00      0.26944180E+00      0.52924404E-06      0.60295120E-03      0.18705525E+01
      0.36087838E+00      0.26783072E+00      0.54635852E-06      0.58944658E-03      0.18593678E+01
      0.36124587E+00      0.26615051E+00      0.56320851E-06      0.57551639E-03      0.18477033E+01
      0.36161336E+00      0.26440646E+00      0.57977397E-06      0.56117580E-03      0.18355955E+01
      0.36198086E+00      0.26260384E+00      0.59603542E-06      0.54644057E-03      0.18230812E+01
      0.36234835E+00      0.26074789E+00      0.61197406E-06      0.53132703E-03      0.18101965E+01
      0.36271584E+00      0.25884380E+00      0.62757172E-06      0.51585201E-03      0.17969777E+01
      0.36308333E+00      0.25689670E+00      0.64281094E-06      0.50003283E-03      0.17834603E+01
      0.36345083E+00      0.25491165E+00      0.65767497E-06      0.48388723E-03      0.17696795E+01
      0.36381832E+00      0.25289360E+00      0.67214784E-06      0.46743332E-03      0.17556695E+01
      0.36418581E+00      0.25084740E+00      0.68621435E-06      0.45068956E-03      0.17414641E+01
      0.36455331E+00      0.24877776E+00      0.69986008E-06      0.43367469E-03      0.17270960E+01
      0.36492080E+00      0.24668926E+00      0.71307147E-06      0.41640767E-03      0.17125970E+01
      0.36528829E+00      0.24458633E+00      0.72583579E-06      0.39890767E-03      0.16979977E+01
      0.36565579E+00      0.24247322E+00      0.73814117E-06      0.38119398E-03      0.16833279E+01
      0.36602328E+00      0.24035403E+00      0.74997662E-06      0.36328598E-03      0.16686158E+01
      0.36639077E+00      0.23823264E+00      0.76133206E-06      0.34520309E-03      0.16538884E+01
      0.36675827E+00      0.23611275E+00      0.77219830E-06      0.32696471E-03      0.16391714E+01
      0.36712576E+00      0.23399784E+00      0.78256706E-06      0.30859019E-03      0.16244890E+01
      0.36749325E+00      0.23189120E+00      0.79243098E-06      0.29009877E-03      0.16098640E+01
      0.36786075E+00      0.22979586E+00      0.80178364E-06      0.27150952E-03      0.15953175E+01
      0.36822824E+00      0.22771467E+00      0.81061953E-06      0.25284130E-03      0.15808692E+01
      0.36859573E+00      0.22565019E+00      0.81893408E-06      0.23411274E-03      0.15665370E+01
      0.36896323E+00      0.22360480E+00      0.82672365E-06      0.21534215E-03      0.15523372E+01
      0.36933072E+00      0.22158061E+00      0.83398550E-06      0.19654753E-03      0.15382846E+01
      0.36969821E+00      0.21957949E+00      0.84071783E-06      0.17774646E-03      0.15243922E+01
      0.37006571E+00      0.21760308E+00      0.84691975E-06      0.15895613E-03      0.15106713E+01
      0.37043320E+00      0.21565278E+00      0.85259124E-06      0.14019324E-03      0.14971316E+01
      0.37080069E+00      0.21372973E+00      0.85773320E-06      0.12147403E-03      0.14837812E+01
      0.37116819E+00      0.21183488E+00      0.86234739E-06      0.10281418E-03      0.14706265E+01
      0.37153568E+00      0.20996890E+00      0.86643641E-06      0.84228801E-04      0.14576723E+01
      0.37190317E+00      0.20813228E+00      0.87000372E-06      0.65732432E-04      0.14449219E+01
      0.37227067E+00      0.20632525E+00      0.87305360E-06      0.47338976E-04      0.14323769E+01
      0.37263816E+00      0.20454786E+00      0.87559112E-06      0.29061692E-04      0.14200377E+01
      0.37300565E+00      0.20279994E+00      0.87762212E-06      0.10913173E-04      0.14079030E+01
      0.37337315E+00      0.20108112E+00      0.87915320E-06     -0.70946810E-05      0.13959705E+01
      0.37374064E+00      0.19939088E+00      0.88019168E-06     -0.24950671E-04      0.13842362E+01
      0.37410813E+00      0.19772848E+00      0.88074559E-06     -0.42644318E-04      0.13726953E+01
      0.37447563E+00      0.19609306E+00      0.88082362E-06     -0.60165873E-04      0.13613417E+01
      0.37484312E+00      0.19448358E+00      0.88043511E-06     -0.77506323E-04      0.13501682E+01
      0.37521061E+00      0.19289888E+00      0.87958998E-06     -0.94657397E-04      0.13391667E+01
      0.37557811E+00      0.19133769E+00      0.87829877E-06     -0.11161157E-03      0.13283284E+01
      0.37594560E+00      0.18979861E+00      0.87657253E-06     -0.12836205E-03      0.13176436E+01
      0.37631309E+00      0.18828016E+00      0.87442285E-06     -0.14490279E-03      0.13071020E+01
      0.37668059E+00      0.18678078E+00      0.87186178E-06     -0.16122848E-03      0.12966929E+01
      0.37704808E+00      0.18529887E+00      0.86890181E-06     -0.17733450E-03      0.12864049E+01
      0.37741557E+00      0.18383274E+00      0.86555585E-06     -0.19321697E-03      0.12762266E+01
      0.37778307E+00      0.18238073E+00      0.86183719E-06     -0.20887267E-03      0.12661462E+01
      0.37815056E+00      0.18094112E+00      0.85775941E-06     -0.22429907E-03      0.12561520E+01
      0.37851805E+00      0.17951222E+00      0.85333645E-06     -0.23949426E-03      0.12462321E+01
      0.37888554E+00      0.17809235E+00      0.84858247E-06     -0.25445697E-03      0.12363750E+01
      0.37925304E+00      0.17667990E+00      0.84351188E-06     -0.26918651E-03      0.12265692E+01
      0.37962053E+00      0.17527327E+00      0.83813925E-06     -0.28368276E-03      0.12168040E+01
      0.37998802E+00      0.17387096E+00      0.83247935E-06     -0.29794612E-03      0.12070687E+01
      0.38035552E+00      0.17247155E+00      0.82654703E-06     -0.31197747E-03      0.11973535E+01
      0.38072301E+00      0.17107372E+00      0.82035723E-06     -0.32577817E-03      0.11876493E+01
      0.38109050E+00      0.16967627E+00      0.81392495E-06     -0.33934997E-03      0.11779478E+01
      0.38145800E+00      0.16827814E+00      0.80726520E-06     -0.35269500E-03      0.11682415E+01
      0.38182549E+00      0.16687841E+00      0.80039297E-06     -0.36581572E-03      0.11585241E+01
      0.38219298E+00      0.16547631E+00      0.79332317E-06     -0.37871487E-03      0.11487903E+01
      0.38256048E+00      0.16407126E+00      0.78607067E-06     -0.39139542E-03      0.11390360E+01
      0.38292797E+00      0.16266285E+00      0.77865020E-06     -0.40386053E-03      0.11292583E+01
      0.38329546E+00      0.16125087E+00      0.77107633E-06     -0.41611350E-03      0.11194559E+01
      0.38366296E+00      0.15983531E+00      0.76336347E-06     -0.42815773E-03      0.11096287E+01
      0.38403045E+00      0.15841639E+00      0.75552583E-06     -0.43999663E-03      0.10997780E+01
      0.38439794E+00      0.15699452E+00      0.74757737E-06     -0.45163363E-03      0.10899070E+01
      0.38476544E+00      0.15557038E+00      0.73953180E-06     -0.46307208E-03      0.10800201E+01
      0.38513293E+00      0.15414484E+00      0.73140257E-06     -0.47431520E-03      0.10701236E+01
      0.38550042E+00      0.15271905E+00      0.72320279E-06     -0.48536608E-03      0.10602253E+01
      0.38586792E+00      0.15129437E+00      0.71494526E-06     -0.49622757E-03      0.10503347E+01
      0.38623541E+00      0.14987242E+00      0.70664244E-06     -0.50690226E-03      0.10404630E+01
      0.38660290E+00      0.14845506E+00      0.69830641E-06     -0.51739243E-03      0.10306232E+01
      0.38697040E+00      0.14704440E+00      0.68994887E-06     -0.52769999E-03      0.10208300E+01
      0.38733789E+00      0.14564280E+00      0.68158114E-06     -0.53782646E-03      0.10110996E+01
      0.38770538E+00      0.14425284E+00      0.67321410E-06     -0.54777290E-03      0.10014501E+01
      0.38807288E+00      0.14287736E+00      0.66485822E-06     -0.55753986E-03      0.99190105E+00
      0.38844037E+00      0.14151942E+00      0.65652353E-06     -0.56712738E-03      0.98247378E+00
      0.38880786E+00      0.14018231E+00      0.64821961E-06     -0.57653493E-03      0.97319111E+00
      0.38917536E+00      0.13886953E+00      0.63995561E-06     -0.58576133E-03      0.96407739E+00
      0.38954285E+00      0.13758481E+00      0.63174017E-06     -0.59480481E-03      0.95515841E+00
      0.38991034E+00      0.13633205E+00      0.62358152E-06     -0.60366288E-03      0.94646136E+00
      0.39027784E+00      0.13511536E+00      0.61548739E-06     -0.61233240E-03      0.93801474E+00
      0.39064533E+00      0.13393903E+00      0.60746504E-06     -0.62080944E-03      0.92984825E+00
      0.39101282E+00      0.13280749E+00      0.59952128E-06     -0.62908939E-03      0.92199274E+00
      0.39138032E+00      0.13172534E+00      0.59166243E-06     -0.63716682E-03      0.91448010E+00
      0.39174781E+00      0.13069730E+00      0.58389436E-06     -0.64503556E-03      0.90734314E+00
      0.39211530E+00      0.12972823E+00      0.57622248E-06     -0.65268863E-03      0.90061548E+00
      0.39248280E+00      0.12882305E+00      0.56865173E-06     -0.66011824E-03      0.89433145E+00
      0.39285029E+00      0.12798680E+00      0.56118661E-06     -0.66731584E-03      0.88852595E+00
      0.39321778E+00      0.12722458E+00      0.55383118E-06     -0.67427205E-03      0.88323435E+00
      0.39358528E+00      0.12654152E+00      0.54658908E-06     -0.68097669E-03      0.87849232E+00
      0.39395277E+00      0.12594278E+00      0.53946351E-06     -0.68741882E-03      0.87433573E+00
      0.39432026E+00      0.12543356E+00      0.53245729E-06     -0.69358671E-03      0.87080049E+00
      0.39468775E+00      0.12501899E+00      0.52557280E-06     -0.69946788E-03      0.86792244E+00
      0.39505525E+00      0.12470422E+00      0.51881210E-06     -0.70504910E-03      0.86573718E+00
      0.39542274E+00      0.12449431E+00      0.51217683E-06     -0.71031646E-03      0.86427992E+00
      0.39579023E+00      0.12439426E+00      0.50566831E-06     -0.71525533E-03      0.86358538E+00
      0.39615773E+00      0.12440899E+00      0.49928753E-06     -0.71985047E-03      0.86368760E+00
      0.39652522E+00      0.12454327E+00      0.49303513E-06     -0.72408601E-03      0.86461984E+00
      0.39689271E+00      0.12480177E+00      0.48691149E-06     -0.72794552E-03      0.86641440E+00
      0.39726021E+00      0.12518897E+00      0.48091670E-06     -0.73141202E-03      0.86910251E+00
      0.39762770E+00      0.12570921E+00      0.47505058E-06     -0.73446809E-03      0.87271418E+00
      0.39799519E+00      0.12636661E+00      0.46931271E-06     -0.73709586E-03      0.87727807E+00
      0.39836269E+00      0.12716509E+00      0.46370246E-06     -0.73927711E-03      0.88282137E+00
      0.39873018E+00      0.12810833E+00      0.45821898E-06     -0.74099329E-03      0.88936967E+00
      0.39909767E+00      0.12919978E+00      0.45286126E-06     -0.74222560E-03      0.89694683E+00
      0.39946517E+00      0.13044260E+00      0.44762812E-06     -0.74295508E-03      0.90557488E+00
      0.39983266E+00      0.13183969E+00      0.44251823E-06     -0.74316264E-03      0.91527393E+00
      0.40020015E+00      0.13339365E+00      0.43753015E-06     -0.74282912E-03      0.92606204E+00
      0.40056765E+00      0.13510678E+00      0.43266235E-06     -0.74193542E-03      0.93795516E+00
      0.40093514E+00      0.13698106E+00      0.42791319E-06     -0.74046252E-03      0.95096700E+00
      0.40130263E+00      0.13901813E+00      0.42328099E-06     -0.73839157E-03      0.96510901E+00
      0.40167013E+00      0.14121930E+00      0.41876404E-06     -0.73570398E-03      0.98039029E+00
      0.40203762E+00      0.14358555E+00      0.41436058E-06     -0.73238149E-03      0.99681752E+00
      0.40240511E+00      0.14611747E+00      0.41006885E-06     -0.72840624E-03      0.10143949E+01
      0.40277261E+00      0.14881532E+00      0.40588713E-06     -0.72376087E-03      0.10331243E+01
      0.40314010E+00      0.15167899E+00      0.40181371E-06     -0.71842857E-03      0.10530048E+01
      0.40350759E+00      0.15470801E+00      0.39784692E-06     -0.71239321E-03      0.10740333E+01
      0.40387509E+00      0.15790154E+00      0.39398517E-06     -0.70563937E-03      0.10962038E+01
      0.40424258E+00      0.16125837E+00      0.39022695E-06     -0.69815246E-03      0.11195080E+01
      0.40461007E+00      0.16477695E+00      0.38657081E-06     -0.68991874E-03      0.11439351E+01
      0.40497757E+00      0.16845535E+00      0.38301545E-06     -0.68092550E-03      0.11694717E+01
      0.40534506E+00      0.17229130E+00      0.37955966E-06     -0.67116102E-03      0.11961022E+01
      0.40571255E+00      0.17628220E+00      0.37620236E-06     -0.66061475E-03      0.12238083E+01
      0.40608005E+00      0.18042510E+00      0.37294263E-06     -0.64927729E-03      0.12525697E+01
      0.40644754E+00      0.18471673E+00      0.36977968E-06     -0.63714053E-03      0.12823636E+01
      0.40681503E+00      0.18915351E+00      0.36671288E-06     -0.62419771E-03      0.13131651E+01
      0.40718253E+00      0.19373157E+00      0.36374177E-06     -0.61044344E-03      0.13449475E+01
      0.40755002E+00      0.19844675E+00      0.36086607E-06     -0.59587381E-03      0.13776818E+01
      0.40791751E+00      0.20329463E+00      0.35808565E-06     -0.58048644E-03      0.14113374E+01
      0.40828501E+00      0.20827056E+00      0.35540058E-06     -0.56428051E-03      0.14458819E+01
      0.40865250E+00      0.21336963E+00      0.35281112E-06     -0.54725685E-03      0.14812813E+01
      0.40901999E+00      0.21858676E+00      0.35031770E-06     -0.52941797E-03      0.15175003E+01
      0.40938748E+00      0.22391668E+00      0.34792094E-06     -0.51076807E-03      0.15545023E+01
      0.40975498E+00      0.22935393E+00      0.34562164E-06     -0.49131316E-03      0.15922495E+01
      0.41012247E+00      0.23489297E+00      0.34342080E-06     -0.47106101E-03      0.16307033E+01
      0.41048996E+00      0.24052810E+00      0.34131958E-06     -0.45002123E-03      0.16698242E+01
      0.41085746E+00      0.24625358E+00      0.33931934E-06     -0.42820528E-03      0.17095723E+01
      0.41122495E+00      0.25206357E+00      0.33742159E-06     -0.40562648E-03      0.17499072E+01
      0.41159244E+00      0.25795224E+00      0.33562803E-06     -0.38230004E-03      0.17907882E+01
      0.41195994E+00      0.26391374E+00      0.33394050E-06     -0.35824305E-03      0.18321749E+01
      0.41232743E+00      0.26994226E+00      0.33236100E-06     -0.33347451E-03      0.18740269E+01
      0.41269492E+00      0.27603204E+00      0.33089169E-06     -0.30801528E-03      0.19163041E+01
      0.41306242E+00      0.28217741E+00      0.32953484E-06     -0.28188813E-03      0.19589673E+01
      0.41342991E+00      0.28837282E+00      0.32829286E-06     -0.25511766E-03      0.20019778E+01
      0.41379740E+00      0.29461284E+00      0.32716827E-06     -0.22773035E-03      0.20452981E+01
      0.41416490E+00      0.30089226E+00      0.32616369E-06     -0.19975447E-03      0.20888918E+01
      0.41453239E+00      0.30720604E+00      0.32528184E-06     -0.17122007E-03      0.21327241E+01
      0.41489988E+00      0.31354937E+00      0.32452551E-06     -0.14215897E-03      0.21767616E+01
      0.41526738E+00      0.31991771E+00      0.32389754E-06     -0.11260465E-03      0.22209726E+01
      0.41563487E+00      0.32630680E+00      0.32340085E-06     -0.82592277E-04      0.22653278E+01
      0.41600236E+00      0.33271271E+00      0.32303838E-06     -0.52158586E-04      0.23097997E+01
      0.41636986E+00      0.33913181E+00      0.32281308E-06     -0.21341852E-04      0.23543632E+01
      0.41673735E+00      0.34556086E+00      0.32272792E-06      0.98181887E-05      0.23989957E+01
      0.41710484E+00      0.35199699E+00      0.32278585E-06      0.41280409E-04      0.24436775E+01
      0.41747234E+00      0.35843775E+00      0.32298980E-06      0.73002367E-04      0.24883913E+01
      0.41783983E+00      0.36488108E+00      0.32334267E-06      0.10494039E-03      0.25331230E+01
      0.41820732E+00      0.37132541E+00      0.32384727E-06      0.13704966E-03      0.25778616E+01
      0.41857482E+00      0.37776958E+00      0.32450638E-06      0.16928432E-03      0.26225992E+01
      0.41894231E+00      0.38421296E+00      0.32532267E-06      0.20159754E-03      0.26673312E+01
      0.41930980E+00      0.39065535E+00      0.32629869E-06      0.23394164E-03      0.27120563E+01
      0.41967730E+00      0.39709709E+00      0.32743690E-06      0.26626819E-03      0.27567770E+01
      0.42004479E+00      0.40353901E+00      0.32873962E-06      0.29852811E-03      0.28014989E+01
      0.42041228E+00      0.40998246E+00      0.33020900E-06      0.33067181E-03      0.28462315E+01
      0.42077978E+00      0.41642932E+00      0.33184705E-06      0.36264925E-03      0.28909876E+01
      0.42114727E+00      0.42288196E+00      0.33365559E-06      0.39441011E-03      0.29357839E+01
      0.42151476E+00      0.42934330E+00      0.33563627E-06      0.42590387E-03      0.29806407E+01
      0.42188226E+00      0.43581678E+00      0.33779050E-06      0.45707994E-03      0.30255817E+01
      0.42224975E+00      0.44230635E+00      0.34011950E-06      0.48788781E-03      0.30706344E+01
      0.42261724E+00      0.44881646E+00      0.34262426E-06      0.51827714E-03      0.31158297E+01
      0.42298474E+00      0.45535207E+00      0.34530553E-06      0.54819788E-03      0.31612020E+01
      0.42335223E+00      0.46191862E+00      0.34816381E-06      0.57760043E-03      0.32067891E+01
      0.42371972E+00      0.46852204E+00      0.35119934E-06      0.60643573E-03      0.32526322E+01
      0.42408722E+00      0.47516870E+00      0.35441208E-06      0.63465540E-03      0.32987755E+01
      0.42445471E+00      0.48186540E+00      0.35780174E-06      0.66221186E-03      0.33452662E+01
      0.42482220E+00      0.48861939E+00      0.36136774E-06      0.68905846E-03      0.33921545E+01
      0.42518969E+00      0.49543827E+00      0.36510920E-06      0.71514959E-03      0.34394934E+01
      0.42555719E+00      0.50233004E+00      0.36902495E-06      0.74044081E-03      0.34873383E+01
      0.42592468E+00      0.50930303E+00      0.37311354E-06      0.76488895E-03      0.35357471E+01
      0.42629217E+00      0.51636585E+00      0.37737320E-06      0.78845225E-03      0.35847795E+01
      0.42665967E+00      0.52352743E+00      0.38180185E-06      0.81109044E-03      0.36344975E+01
      0.42702716E+00      0.53079690E+00      0.38639713E-06      0.83276489E-03      0.36849645E+01
      0.42739465E+00      0.53818362E+00      0.39115635E-06      0.85343867E-03      0.37362455E+01
      0.42776215E+00      0.54569711E+00      0.39607654E-06      0.87307669E-03      0.37884066E+01
      0.42812964E+00      0.55334700E+00      0.40115440E-06      0.89164578E-03      0.38415146E+01
      0.42849713E+00      0.56114302E+00      0.40638634E-06      0.90911477E-03      0.38956371E+01
      0.42886463E+00      0.56909493E+00      0.41176848E-06      0.92545460E-03      0.39508419E+01
      0.42923212E+00      0.57721251E+00      0.41729665E-06      0.94063840E-03      0.40071967E+01
      0.42959961E+00      0.58550546E+00      0.42296636E-06      0.95464155E-03      0.40647691E+01
      0.42996711E+00      0.59398340E+00      0.42877288E-06      0.96744177E-03      0.41236257E+01
      0.43033460E+00      0.60265581E+00      0.43471119E-06      0.97901918E-03      0.41838324E+01
      0.43070209E+00      0.61153197E+00      0.44077598E-06      0.98935635E-03      0.42454536E+01
      0.43106959E+00      0.62062094E+00      0.44696173E-06      0.99843838E-03      0.43085521E+01
      0.43143708E+00      0.62993146E+00      0.45326263E-06      0.10062529E-02      0.43731888E+01
      0.43180457E+00      0.63947197E+00      0.45967265E-06      0.10127902E-02      0.44394222E+01
      0.43217207E+00      0.64925051E+00      0.46618553E-06      0.10180431E-02      0.45073079E+01
      0.43253956E+00      0.65927467E+00      0.47279480E-06      0.10220071E-02      0.45768989E+01
      0.43290705E+00      0.66955157E+00      0.47949379E-06      0.10246806E-02      0.46482445E+01
      0.43327455E+00      0.68008782E+00      0.48627564E-06      0.10260643E-02      0.47213906E+01
      0.43364204E+00      0.69088942E+00      0.49313331E-06      0.10261620E-02      0.47963788E+01
      0.43400953E+00      0.70196177E+00      0.50005959E-06      0.10249800E-02      0.48732467E+01
      0.43437703E+00      0.71330959E+00      0.50704714E-06      0.10225272E-02      0.49520269E+01
      0.43474452E+00      0.72493689E+00      0.51408850E-06      0.10188153E-02      0.50327474E+01
      0.43511201E+00      0.73684693E+00      0.52117606E-06      0.10138587E-02      0.51154307E+01
      0.43547951E+00      0.74904217E+00      0.52830214E-06      0.10076743E-02      0.52000941E+01
      0.43584700E+00      0.76152425E+00      0.53545895E-06      0.10002817E-02      0.52867487E+01
      0.43621449E+00      0.77429392E+00      0.54263867E-06      0.99170297E-03      0.53753999E+01
      0.43658199E+00      0.78735105E+00      0.54983339E-06      0.98196264E-03      0.54660468E+01
      0.43694948E+00      0.80069457E+00      0.55703519E-06      0.97108776E-03      0.55586818E+01
      0.43731697E+00      0.81432242E+00      0.56423611E-06      0.95910772E-03      0.56532908E+01
      0.43768447E+00      0.82823159E+00      0.57142822E-06      0.94605420E-03      0.57498527E+01
      0.43805196E+00      0.84241801E+00      0.57860357E-06      0.93196112E-03      0.58483395E+01
      0.43841945E+00      0.85687660E+00      0.58575427E-06      0.91686455E-03      0.59487157E+01
      0.43878695E+00      0.87160123E+00      0.59287247E-06      0.90080262E-03      0.60509389E+01
      0.43915444E+00      0.88658469E+00      0.59995036E-06      0.88381543E-03      0.61549589E+01
      0.43952193E+00      0.90181867E+00      0.60698025E-06      0.86594493E-03      0.62607182E+01
      0.43988943E+00      0.91729381E+00      0.61395450E-06      0.84723487E-03      0.63681516E+01
      0.44025692E+00      0.93299962E+00      0.62086562E-06      0.82773063E-03      0.64771864E+01
      0.44062441E+00      0.94892454E+00      0.62770623E-06      0.80747918E-03      0.65877424E+01
      0.44099190E+00      0.96505590E+00      0.63446906E-06      0.78652889E-03      0.66997316E+01
      0.44135940E+00      0.98137995E+00      0.64114704E-06      0.76492946E-03      0.68130584E+01
      0.44172689E+00      0.99788186E+00      0.64773324E-06      0.74273182E-03      0.69276201E+01
      0.44209438E+00      0.10145457E+01      0.65422091E-06      0.71998792E-03      0.70433061E+01
      0.44246188E+00      0.10313547E+01      0.66060348E-06      0.69675071E-03      0.71599991E+01
      0.44282937E+00      0.10482906E+01      0.66687461E-06      0.67307391E-03      0.72775741E+01
      0.44319686E+00      0.10653347E+01      0.67302814E-06      0.64901198E-03      0.73958995E+01
      0.44356436E+00      0.10824669E+01      0.67905816E-06      0.62461991E-03      0.75148369E+01
      0.44393185E+00      0.10996664E+01      0.68495897E-06      0.59995310E-03      0.76342413E+01
      0.44429934E+00      0.11169113E+01      0.69072513E-06      0.57506729E-03      0.77539613E+01
      0.44466684E+00      0.11341791E+01      0.69635144E-06      0.55001833E-03      0.78738398E+01
      0.44503433E+00      0.11514462E+01      0.70183295E-06      0.52486213E-03      0.79937137E+01
      0.44540182E+00      0.11686884E+01      0.70716498E-06      0.49965449E-03      0.81134144E+01
      0.44576932E+00      0.11858806E+01      0.71234313E-06      0.47445096E-03      0.82327686E+01
      0.44613681E+00      0.12029973E+01      0.71736324E-06      0.44930674E-03      0.83515980E+01
      0.44650430E+00      0.12200121E+01      0.72222146E-06      0.42427652E-03      0.84697200E+01
      0.44687180E+00      0.12368981E+01      0.72691421E-06      0.39941439E-03      0.85869483E+01
      0.44723929E+00      0.12536280E+01      0.73143820E-06      0.37477367E-03      0.87030927E+01
      0.44760678E+00      0.12701740E+01      0.73579040E-06      0.35040685E-03      0.88179603E+01
      0.44797428E+00      0.12865079E+01      0.73996811E-06      0.32636540E-03      0.89313555E+01
      0.44834177E+00      0.13026012E+01      0.74396889E-06      0.30269972E-03      0.90430804E+01
      0.44870926E+00      0.13184252E+01      0.74779059E-06      0.27945898E-03      0.91529358E+01
      0.44907676E+00      0.13339510E+01      0.75143135E-06      0.25669107E-03      0.92607210E+01
      0.44944425E+00      0.13491496E+01      0.75488959E-06      0.23444242E-03      0.93662348E+01
      0.44981174E+00      0.13639921E+01      0.75816402E-06      0.21275798E-03      0.94692760E+01
      0.45017924E+00      0.13784494E+01      0.76125364E-06      0.19168108E-03      0.95696436E+01
      0.45054673E+00      0.13924929E+01      0.76415771E-06      0.17125335E-03      0.96671377E+01
      0.45091422E+00      0.14060938E+01      0.76687577E-06      0.15151465E-03      0.97615600E+01
      0.45128172E+00      0.14192240E+01      0.76940761E-06      0.13250297E-03      0.98527139E+01
      0.45164921E+00      0.14318554E+01      0.77175332E-06      0.11425439E-03      0.99404056E+01
      0.45201670E+00      0.14439607E+01      0.77391323E-06      0.96802985E-04      0.10024445E+02
      0.45238420E+00      0.14555129E+01      0.77588790E-06      0.80180779E-04      0.10104644E+02
      0.45275169E+00      0.14664857E+01      0.77767817E-06      0.64417690E-04      0.10180820E+02
      0.45311918E+00      0.14768533E+01      0.77928511E-06      0.49541476E-04      0.10252796E+02
      0.45348668E+00      0.14865910E+01      0.78071000E-06      0.35577698E-04      0.10320398E+02
      0.45385417E+00      0.14956747E+01      0.78195436E-06      0.22549685E-04      0.10383459E+02
      0.45422166E+00      0.15040811E+01      0.78301994E-06      0.10478500E-04      0.10441820E+02
      0.45458916E+00      0.15117883E+01      0.78390868E-06     -0.61708019E-06      0.10495325E+02
      0.45495665E+00      0.15187750E+01      0.78462272E-06     -0.10720581E-04      0.10543830E+02
      0.45532414E+00      0.15250213E+01      0.78516440E-06     -0.19817844E-04      0.10587193E+02
      0.45569163E+00      0.15305084E+01      0.78553624E-06     -0.27897027E-04      0.10625287E+02
      0.45605913E+00      0.15352187E+01      0.78574095E-06     -0.34948609E-04      0.10657987E+02
      0.45642662E+00      0.15391361E+01      0.78578138E-06     -0.40965375E-04      0.10685182E+02
      0.45679411E+00      0.15422455E+01      0.78566056E-06     -0.45942408E-04      0.10706769E+02
      0.45716161E+00      0.15445336E+01      0.78538166E-06     -0.49877066E-04      0.10722654E+02
      0.45752910E+00      0.15459883E+01      0.78494800E-06     -0.52768962E-04      0.10732753E+02
      0.45789659E+00      0.15465993E+01      0.78436302E-06     -0.54619927E-04      0.10736995E+02
      0.45826409E+00      0.15463576E+01      0.78363030E-06     -0.55433978E-04      0.10735317E+02
      0.45863158E+00      0.15452559E+01      0.78275353E-06     -0.55217278E-04      0.10727668E+02
      0.45899907E+00      0.15432885E+01      0.78173651E-06     -0.53978086E-04      0.10714010E+02
      0.45936657E+00      0.15404515E+01      0.78058314E-06     -0.51726709E-04      0.10694315E+02
      0.45973406E+00      0.15367425E+01      0.77929741E-06     -0.48475448E-04      0.10668565E+02
      0.46010155E+00      0.15321609E+01      0.77788341E-06     -0.44238534E-04      0.10636759E+02
      0.46046905E+00      0.15267079E+01      0.77634530E-06     -0.39032070E-04      0.10598902E+02
      0.46083654E+00      0.15203864E+01      0.77468730E-06     -0.32873960E-04      0.10555016E+02
      0.46120403E+00      0.15132010E+01      0.77291372E-06     -0.25783838E-04      0.10505133E+02
      0.46157153E+00      0.15051581E+01      0.77102892E-06     -0.17782997E-04      0.10449296E+02
      0.46193902E+00      0.14962659E+01      0.76903732E-06     -0.88943094E-05      0.10387564E+02
      0.46230651E+00      0.14865342E+01      0.76694337E-06      0.85785091E-06      0.10320004E+02
      0.46267401E+00      0.14759749E+01      0.76475158E-06      0.11447692E-04      0.10246697E+02
      0.46304150E+00      0.14646011E+01      0.76246649E-06      0.22848085E-04      0.10167737E+02
      0.46340899E+00      0.14524281E+01      0.76009269E-06      0.35030654E-04      0.10083228E+02
      0.46377649E+00      0.14394726E+01      0.75763477E-06      0.47965859E-04      0.99932867E+01
      0.46414398E+00      0.14257531E+01      0.75509738E-06      0.61623087E-04      0.98980410E+01
      0.46451147E+00      0.14112895E+01      0.75248517E-06      0.75970740E-04      0.97976300E+01
      0.46487897E+00      0.13961035E+01      0.74980280E-06      0.90976324E-04      0.96922039E+01
      0.46524646E+00      0.13802182E+01      0.74705497E-06      0.10660654E-03      0.95819233E+01
      0.46561395E+00      0.13636584E+01      0.74424637E-06      0.12282737E-03      0.94669595E+01
      0.46598145E+00      0.13464500E+01      0.74138172E-06      0.13960418E-03      0.93474935E+01
      0.46634894E+00      0.13286206E+01      0.73846573E-06      0.15690179E-03      0.92237160E+01
      0.46671643E+00      0.13101990E+01      0.73550313E-06      0.17468457E-03      0.90958269E+01
      0.46708393E+00      0.12912151E+01      0.73249864E-06      0.19291654E-03      0.89640348E+01
      0.46745142E+00      0.12717003E+01      0.72945698E-06      0.21156142E-03      0.88285566E+01
      0.46781891E+00      0.12516869E+01      0.72638289E-06      0.23058277E-03      0.86896170E+01
      0.46818641E+00      0.12312083E+01      0.72328110E-06      0.24994400E-03      0.85474479E+01
      0.46855390E+00      0.12102989E+01      0.72015632E-06      0.26960854E-03      0.84022882E+01
      0.46892139E+00      0.11889940E+01      0.71701328E-06      0.28953982E-03      0.82543826E+01
      0.46928889E+00      0.11673297E+01      0.71385669E-06      0.30970141E-03      0.81039817E+01
      0.46965638E+00      0.11453427E+01      0.71069126E-06      0.33005709E-03      0.79513412E+01
      0.47002387E+00      0.11230706E+01      0.70752170E-06      0.35057089E-03      0.77967210E+01
      0.47039137E+00      0.11005514E+01      0.70435270E-06      0.37120716E-03      0.76403852E+01
      0.47075886E+00      0.10778235E+01      0.70118895E-06      0.39193068E-03      0.74826007E+01
      0.47112635E+00      0.10549258E+01      0.69803513E-06      0.41270666E-03      0.73236374E+01
      0.47149384E+00      0.10318974E+01      0.69489589E-06      0.43350082E-03      0.71637669E+01
      0.47186134E+00      0.10087777E+01      0.69177590E-06      0.45427947E-03      0.70032622E+01
      0.47222883E+00      0.98560599E+00      0.68867979E-06      0.47500952E-03      0.68423969E+01
      0.47259632E+00      0.96242181E+00      0.68561218E-06      0.49565854E-03      0.66814449E+01
      0.47296382E+00      0.93926447E+00      0.68257769E-06      0.51619483E-03      0.65206790E+01
      0.47333131E+00      0.91617310E+00      0.67958089E-06      0.53658740E-03      0.63603713E+01
      0.47369880E+00      0.89318659E+00      0.67662636E-06      0.55680608E-03      0.62007914E+01
      0.47406630E+00      0.87034345E+00      0.67371863E-06      0.57682149E-03      0.60422070E+01
      0.47443379E+00      0.84768174E+00      0.67086222E-06      0.59660510E-03      0.58848820E+01
      0.47480128E+00      0.82523897E+00      0.66806160E-06      0.61612923E-03      0.57290770E+01
      0.47516878E+00      0.80305203E+00      0.66532124E-06      0.63536712E-03      0.55750481E+01
      0.47553627E+00      0.78115708E+00      0.66264555E-06      0.65429289E-03      0.54230462E+01
      0.47590376E+00      0.75958949E+00      0.66003890E-06      0.67288160E-03      0.52733170E+01
      0.47627126E+00      0.73838375E+00      0.65750561E-06      0.69110921E-03      0.51260998E+01
      0.47663875E+00      0.71757338E+00      0.65504998E-06      0.70895265E-03      0.49816275E+01
      0.47700624E+00      0.69719087E+00      0.65267622E-06      0.72638978E-03      0.48401255E+01
      0.47737374E+00      0.67726762E+00      0.65038850E-06      0.74339941E-03      0.47018118E+01
      0.47774123E+00      0.65783384E+00      0.64819091E-06      0.75996127E-03      0.45668962E+01
      0.47810872E+00      0.63891851E+00      0.64608750E-06      0.77605607E-03      0.44355799E+01
      0.47847622E+00      0.62054930E+00      0.64408220E-06      0.79166541E-03      0.43080548E+01
      0.47884371E+00      0.60275252E+00      0.64217889E-06      0.80677185E-03      0.41845038E+01
      0.47921120E+00      0.58555308E+00      0.64038133E-06      0.82135883E-03      0.40650997E+01
      0.47957870E+00      0.56897439E+00      0.63869322E-06      0.83541072E-03      0.39500051E+01
      0.47994619E+00      0.55303840E+00      0.63711812E-06      0.84891274E-03      0.38393722E+01
      0.48031368E+00      0.53776547E+00      0.63565948E-06      0.86185101E-03      0.37333426E+01
      0.48068118E+00      0.52317438E+00      0.63432065E-06      0.87421247E-03      0.36320465E+01
      0.48104867E+00      0.50928230E+00      0.63310483E-06      0.88598490E-03      0.35356032E+01
      0.48141616E+00      0.49610474E+00      0.63201509E-06      0.89715689E-03      0.34441203E+01
      0.48178366E+00      0.48365554E+00      0.63105435E-06      0.90771781E-03      0.33576939E+01
      0.48215115E+00      0.47194684E+00      0.63022538E-06      0.91765779E-03      0.32764083E+01
      0.48251864E+00      0.46098909E+00      0.62953077E-06      0.92696770E-03      0.32003360E+01
      0.48288614E+00      0.45079101E+00      0.62897296E-06      0.93563913E-03      0.31295376E+01
      0.48325363E+00      0.44135960E+00      0.62855418E-06      0.94366435E-03      0.30640617E+01
      0.48362112E+00      0.43270016E+00      0.62827650E-06      0.95103632E-03      0.30039450E+01
      0.48398862E+00      0.42481624E+00      0.62814175E-06      0.95774861E-03      0.29492124E+01
      0.48435611E+00      0.41770972E+00      0.62815158E-06      0.96379544E-03      0.28998766E+01
      0.48472360E+00      0.41138077E+00      0.62830741E-06      0.96917161E-03      0.28559390E+01
      0.48509110E+00      0.40582789E+00      0.62861044E-06      0.97387250E-03      0.28173890E+01
      0.48545859E+00      0.40104792E+00      0.62906161E-06      0.97789404E-03      0.27842049E+01
      0.48582608E+00      0.39703608E+00      0.62966165E-06      0.98123271E-03      0.27563535E+01
      0.48619358E+00      0.39378601E+00      0.63041100E-06      0.98388548E-03      0.27337904E+01
      0.48656107E+00      0.39128979E+00      0.63130986E-06      0.98584983E-03      0.27164608E+01
      0.48692856E+00      0.38953795E+00      0.63235817E-06      0.98712372E-03      0.27042990E+01
      0.48729605E+00      0.38851959E+00      0.63355557E-06      0.98770557E-03      0.26972292E+01
      0.48766355E+00      0.38822235E+00      0.63490143E-06      0.98759424E-03      0.26951657E+01
      0.48803104E+00      0.38863251E+00      0.63639482E-06      0.98678906E-03      0.26980131E+01
      0.48839853E+00      0.38973501E+00      0.63803454E-06      0.98528974E-03      0.27056670E+01
      0.48876603E+00      0.39151352E+00      0.63981906E-06      0.98309646E-03      0.27180140E+01
      0.48913352E+00      0.39395052E+00      0.64174657E-06      0.98020977E-03      0.27349325E+01
      0.48950101E+00      0.39702731E+00      0.64381492E-06      0.97663066E-03      0.27562925E+01
      0.48986851E+00      0.40072413E+00      0.64602168E-06      0.97236050E-03      0.27819571E+01
      0.49023600E+00      0.40502019E+00      0.64836409E-06      0.96740107E-03      0.28117817E+01
      0.49060349E+00      0.40989376E+00      0.65083906E-06      0.96175458E-03      0.28456156E+01
      0.49097099E+00      0.41532221E+00      0.65344320E-06      0.95542360E-03      0.28833017E+01
      0.49133848E+00      0.42128212E+00      0.65617280E-06      0.94841115E-03      0.29246773E+01
      0.49170597E+00      0.42774932E+00      0.65902382E-06      0.94072064E-03      0.29695748E+01
      0.49207347E+00      0.43469901E+00      0.66199191E-06      0.93235592E-03      0.30178217E+01
      0.49244096E+00      0.44210575E+00      0.66507239E-06      0.92332128E-03      0.30692417E+01
      0.49280845E+00      0.44994363E+00      0.66826029E-06      0.91362143E-03      0.31236548E+01
      0.49317595E+00      0.45818628E+00      0.67155031E-06      0.90326157E-03      0.31808780E+01
      0.49354344E+00      0.46680700E+00      0.67493685E-06      0.89224735E-03      0.32407258E+01
      0.49391093E+00      0.47577876E+00      0.67841401E-06      0.88058491E-03      0.33030107E+01
      0.49427843E+00      0.48507436E+00      0.68197562E-06      0.86828090E-03      0.33675438E+01
      0.49464592E+00      0.49466644E+00      0.68561518E-06      0.85534250E-03      0.34341351E+01
      0.49501341E+00      0.50452759E+00      0.68932594E-06      0.84177740E-03      0.35025944E+01
      0.49538091E+00      0.51463040E+00      0.69310089E-06      0.82759388E-03      0.35727314E+01
      0.49574840E+00      0.52494756E+00      0.69693273E-06      0.81280080E-03      0.36443565E+01
      0.49611589E+00      0.53545189E+00      0.70081395E-06      0.79740758E-03      0.37172810E+01
      0.49648339E+00      0.54611645E+00      0.70473677E-06      0.78142431E-03      0.37913178E+01
      0.49685088E+00      0.55691456E+00      0.70869321E-06      0.76486169E-03      0.38662818E+01
      0.49721837E+00      0.56781993E+00      0.71267506E-06      0.74773110E-03      0.39419904E+01
      0.49758587E+00      0.57880664E+00      0.71667394E-06      0.73004458E-03      0.40182637E+01
      0.49795336E+00      0.58984928E+00      0.72068128E-06      0.71181489E-03      0.40949253E+01
      0.49832085E+00      0.60092294E+00      0.72468833E-06      0.69305551E-03      0.41718023E+01
      0.49868835E+00      0.61200332E+00      0.72868620E-06      0.67378066E-03      0.42487258E+01
      0.49905584E+00      0.62306673E+00      0.73266589E-06      0.65400532E-03      0.43255316E+01
      0.49942333E+00      0.63409018E+00      0.73661826E-06      0.63374524E-03      0.44020600E+01
      0.49979083E+00      0.64505141E+00      0.74053408E-06      0.61301697E-03      0.44781564E+01
      0.50015832E+00      0.65592893E+00      0.74440407E-06      0.59183786E-03      0.45536717E+01
      0.50052581E+00      0.66670206E+00      0.74821886E-06      0.57022608E-03      0.46284623E+01
      0.50089331E+00      0.67735097E+00      0.75196907E-06      0.54820063E-03      0.47023905E+01
      0.50126080E+00      0.68785672E+00      0.75564528E-06      0.52578135E-03      0.47753248E+01
      0.50162829E+00      0.69820126E+00      0.75923812E-06      0.50298891E-03      0.48471400E+01
      0.50199578E+00      0.70836749E+00      0.76273819E-06      0.47984486E-03      0.49177172E+01
      0.50236328E+00      0.71833926E+00      0.76613618E-06      0.45637158E-03      0.49869445E+01
      0.50273077E+00      0.72810141E+00      0.76942284E-06      0.43259230E-03      0.50547165E+01
      0.50309826E+00      0.73763975E+00      0.77258901E-06      0.40853112E-03      0.51209348E+01
      0.50346576E+00      0.74694112E+00      0.77562563E-06      0.38421294E-03      0.51855079E+01
      0.50383325E+00      0.75599335E+00      0.77852380E-06      0.35966355E-03      0.52483514E+01
      0.50420074E+00      0.76478529E+00      0.78127476E-06      0.33490953E-03      0.53093879E+01
      0.50456824E+00      0.77330682E+00      0.78386994E-06      0.30997827E-03      0.53685471E+01
      0.50493573E+00      0.78154882E+00      0.78630095E-06      0.28489795E-03      0.54257658E+01
      0.50530322E+00      0.78950321E+00      0.78855964E-06      0.25969755E-03      0.54809878E+01
      0.50567072E+00      0.79716289E+00      0.79063809E-06      0.23440677E-03      0.55341637E+01
      0.50603821E+00      0.80452175E+00      0.79252866E-06      0.20905603E-03      0.55852514E+01
      0.50640570E+00      0.81157468E+00      0.79422396E-06      0.18367645E-03      0.56342151E+01
      0.50677320E+00      0.81831750E+00      0.79571694E-06      0.15829982E-03      0.56810259E+01
      0.50714069E+00      0.82474701E+00      0.79700083E-06      0.13295853E-03      0.57256617E+01
      0.50750818E+00      0.83086090E+00      0.79806923E-06      0.10768556E-03      0.57681062E+01
      0.50787568E+00      0.83665776E+00      0.79891608E-06      0.82514430E-04      0.58083499E+01
      0.50824317E+00      0.84213705E+00      0.79953569E-06      0.57479156E-04      0.58463890E+01
      0.50861066E+00      0.84729908E+00      0.79992277E-06      0.32614196E-04      0.58822255E+01
      0.50897816E+00      0.85214496E+00      0.80007242E-06      0.79543996E-05      0.59158671E+01
      0.50934565E+00      0.85667655E+00      0.79998017E-06     -0.16465041E-04      0.59473269E+01
      0.50971314E+00      0.86089648E+00      0.79964196E-06     -0.40608657E-04      0.59766230E+01
      0.51008064E+00      0.86480808E+00      0.79905419E-06     -0.64440753E-04      0.60037786E+01
      0.51044813E+00      0.86841532E+00      0.79821372E-06     -0.87925481E-04      0.60288212E+01
      0.51081562E+00      0.87172281E+00      0.79711784E-06     -0.11102689E-03      0.60517829E+01
      0.51118312E+00      0.87473577E+00      0.79576434E-06     -0.13370902E-03      0.60726998E+01
      0.51155061E+00      0.87745991E+00      0.79415149E-06     -0.15593593E-03      0.60916117E+01
      0.51191810E+00      0.87990150E+00      0.79227803E-06     -0.17767180E-03      0.61085620E+01
      0.51228560E+00      0.88206722E+00      0.79014320E-06     -0.19888101E-03      0.61235972E+01
      0.51265309E+00      0.88396422E+00      0.78774672E-06     -0.21952818E-03      0.61367668E+01
      0.51302058E+00      0.88559998E+00      0.78508885E-06     -0.23957828E-03      0.61481227E+01
      0.51338808E+00      0.88698234E+00      0.78217029E-06     -0.25899668E-03      0.61577195E+01
      0.51375557E+00      0.88811942E+00      0.77899229E-06     -0.27774924E-03      0.61656135E+01
      0.51412306E+00      0.88901960E+00      0.77555657E-06     -0.29580240E-03      0.61718628E+01
      0.51449056E+00      0.88969145E+00      0.77186536E-06     -0.31312324E-03      0.61765271E+01
      0.51485805E+00      0.89014373E+00      0.76792136E-06     -0.32967956E-03      0.61796669E+01
      0.51522554E+00      0.89038531E+00      0.76372778E-06     -0.34543997E-03      0.61813440E+01
      0.51559304E+00      0.89042515E+00      0.75928831E-06     -0.36037395E-03      0.61816206E+01
      0.51596053E+00      0.89027226E+00      0.75460710E-06     -0.37445196E-03      0.61805592E+01
      0.51632802E+00      0.88993568E+00      0.74968877E-06     -0.38764548E-03      0.61782226E+01
      0.51669552E+00      0.88942440E+00      0.74453840E-06     -0.39992710E-03      0.61746731E+01
      0.51706301E+00      0.88874736E+00      0.73916150E-06     -0.41127063E-03      0.61699729E+01
      0.51743050E+00      0.88791344E+00      0.73356403E-06     -0.42165111E-03      0.61641836E+01
      0.51779799E+00      0.88693137E+00      0.72775235E-06     -0.43104492E-03      0.61573657E+01
      0.51816549E+00      0.88580973E+00      0.72173324E-06     -0.43942986E-03      0.61495789E+01
      0.51853298E+00      0.88455695E+00      0.71551385E-06     -0.44678520E-03      0.61408817E+01
      0.51890047E+00      0.88318124E+00      0.70910171E-06     -0.45309172E-03      0.61313311E+01
      0.51926797E+00      0.88169059E+00      0.70250471E-06     -0.45833185E-03      0.61209825E+01
      0.51963546E+00      0.88009275E+00      0.69573106E-06     -0.46248963E-03      0.61098898E+01
      0.52000295E+00      0.87839520E+00      0.68878931E-06     -0.46555086E-03      0.60981048E+01
      0.52037045E+00      0.87660513E+00      0.68168827E-06     -0.46750308E-03      0.60856776E+01
      0.52073794E+00      0.87472946E+00      0.67443705E-06     -0.46833569E-03      0.60726560E+01
      0.52110543E+00      0.87277477E+00      0.66704502E-06     -0.46803991E-03      0.60590860E+01
      0.52147293E+00      0.87074735E+00      0.65952177E-06     -0.46660893E-03      0.60450109E+01
      0.52184042E+00      0.86865314E+00      0.65187709E-06     -0.46403786E-03      0.60304723E+01
      0.52220791E+00      0.86649775E+00      0.64412097E-06     -0.46032379E-03      0.60155089E+01
      0.52257541E+00      0.86428646E+00      0.63626356E-06     -0.45546586E-03      0.60001574E+01
      0.52294290E+00      0.86202421E+00      0.62831514E-06     -0.44946524E-03      0.59844521E+01
      0.52331039E+00      0.85971558E+00      0.62028613E-06     -0.44232517E-03      0.59684248E+01
      0.52367789E+00      0.85736483E+00      0.61218700E-06     -0.43405097E-03      0.59521052E+01
      0.52404538E+00      0.85497588E+00      0.60402833E-06     -0.42465008E-03      0.59355203E+01
      0.52441287E+00      0.85255232E+00      0.59582070E-06     -0.41413203E-03      0.59186952E+01
      0.52478037E+00      0.85009742E+00      0.58757473E-06     -0.40250848E-03      0.59016524E+01
      0.52514786E+00      0.84761413E+00      0.57930104E-06     -0.38979320E-03      0.58844126E+01
      0.52551535E+00      0.84510511E+00      0.57101019E-06     -0.37600205E-03      0.58669942E+01
      0.52588285E+00      0.84257271E+00      0.56271272E-06     -0.36115302E-03      0.58494135E+01
      0.52625034E+00      0.84001904E+00      0.55441905E-06     -0.34526616E-03      0.58316851E+01
      0.52661783E+00      0.83744593E+00      0.54613953E-06     -0.32836359E-03      0.58138217E+01
      0.52698533E+00      0.83485495E+00      0.53788438E-06     -0.31046946E-03      0.57958342E+01
      0.52735282E+00      0.83224746E+00      0.52966365E-06     -0.29160994E-03      0.57777322E+01
      0.52772031E+00      0.82962463E+00      0.52148724E-06     -0.27181318E-03      0.57595237E+01
      0.52808781E+00      0.82698742E+00      0.51336485E-06     -0.25110925E-03      0.57412153E+01
      0.52845530E+00      0.82433663E+00      0.50530597E-06     -0.22953012E-03      0.57228127E+01
      0.52882279E+00      0.82167291E+00      0.49731987E-06     -0.20710961E-03      0.57043202E+01
      0.52919029E+00      0.81899678E+00      0.48941553E-06     -0.18388333E-03      0.56857417E+01
      0.52955778E+00      0.81630868E+00      0.48160171E-06     -0.15988864E-03      0.56670800E+01
      0.52992527E+00      0.81360895E+00      0.47388685E-06     -0.13516457E-03      0.56483376E+01
      0.53029277E+00      0.81089788E+00      0.46627909E-06     -0.10975176E-03      0.56295165E+01
      0.53066026E+00      0.80817572E+00      0.45878626E-06     -0.83692391E-04      0.56106184E+01
      0.53102775E+00      0.80544270E+00      0.45141586E-06     -0.57030142E-04      0.55916449E+01
      0.53139525E+00      0.80269908E+00      0.44417503E-06     -0.29810075E-04      0.55725978E+01
      0.53176274E+00      0.79994513E+00      0.43707055E-06     -0.20785775E-05      0.55534790E+01
      0.53213023E+00      0.79718118E+00      0.43010884E-06      0.26116720E-04      0.55342907E+01
      0.53249773E+00      0.79440764E+00      0.42329592E-06      0.54727030E-04      0.55150359E+01
      0.53286522E+00      0.79162500E+00      0.41663745E-06      0.83702497E-04      0.54957179E+01
      0.53323271E+00      0.78883386E+00      0.41013866E-06      0.11299228E-03      0.54763409E+01
      0.53360020E+00      0.78603496E+00      0.40380438E-06      0.14254466E-03      0.54569100E+01
      0.53396770E+00      0.78322918E+00      0.39763904E-06      0.17230711E-03      0.54374314E+01
      0.53433519E+00      0.78041758E+00      0.39164665E-06      0.20222639E-03      0.54179123E+01
      0.53470268E+00      0.77760137E+00      0.38583080E-06      0.23224870E-03      0.53983613E+01
      0.53507018E+00      0.77478198E+00      0.38019465E-06      0.26231969E-03      0.53787882E+01
      0.53543767E+00      0.77196102E+00      0.37474094E-06      0.29238462E-03      0.53592042E+01
      0.53580516E+00      0.76914034E+00      0.36947201E-06      0.32238845E-03      0.53396221E+01
      0.53617266E+00      0.76632200E+00      0.36438974E-06      0.35227593E-03      0.53200563E+01
      0.53654015E+00      0.76350830E+00      0.35949562E-06      0.38199171E-03      0.53005227E+01
      0.53690764E+00      0.76070178E+00      0.35479071E-06      0.41148043E-03      0.52810388E+01
      0.53727514E+00      0.75790521E+00      0.35027566E-06      0.44068684E-03      0.52616241E+01
      0.53764263E+00      0.75512163E+00      0.34595073E-06      0.46955589E-03      0.52422996E+01
      0.53801012E+00      0.75235431E+00      0.34181575E-06      0.49803283E-03      0.52230880E+01
      0.53837762E+00      0.74960680E+00      0.33787019E-06      0.52606331E-03      0.52040139E+01
      0.53874511E+00      0.74688287E+00      0.33411312E-06      0.55359350E-03      0.51851035E+01
      0.53911260E+00      0.74418653E+00      0.33054324E-06      0.58057014E-03      0.51663846E+01
      0.53948010E+00      0.74152206E+00      0.32715888E-06      0.60694069E-03      0.51478870E+01
      0.53984759E+00      0.73889394E+00      0.32395802E-06      0.63265340E-03      0.51296417E+01
      0.54021508E+00      0.73630690E+00      0.32093832E-06      0.65765740E-03      0.51116817E+01
      0.54058258E+00      0.73376587E+00      0.31809709E-06      0.68190281E-03      0.50940410E+01
      0.54095007E+00      0.73127599E+00      0.31543132E-06      0.70534082E-03      0.50767554E+01
      0.54131756E+00      0.72884258E+00      0.31293771E-06      0.72792374E-03      0.50598619E+01
      0.54168506E+00      0.72647114E+00      0.31061269E-06      0.74960518E-03      0.50433987E+01
      0.54205255E+00      0.72416734E+00      0.30845238E-06      0.77034003E-03      0.50274049E+01
      0.54242004E+00      0.72193698E+00      0.30645269E-06      0.79008459E-03      0.50119210E+01
      0.54278754E+00      0.71978598E+00      0.30460925E-06      0.80879666E-03      0.49969881E+01
      0.54315503E+00      0.71772038E+00      0.30291749E-06      0.82643559E-03      0.49826480E+01
      0.54352252E+00      0.71574628E+00      0.30137263E-06      0.84296234E-03      0.49689432E+01
      0.54389002E+00      0.71386986E+00      0.29996969E-06      0.85833958E-03      0.49559164E+01
      0.54425751E+00      0.71209732E+00      0.29870353E-06      0.87253173E-03      0.49436109E+01
      0.54462500E+00      0.71043491E+00      0.29756884E-06      0.88550504E-03      0.49320699E+01
      0.54499250E+00      0.70888882E+00      0.29656019E-06      0.89722763E-03      0.49213364E+01
      0.54535999E+00      0.70746524E+00      0.29567202E-06      0.90766956E-03      0.49114535E+01
      0.54572748E+00      0.70617029E+00      0.29489866E-06      0.91680287E-03      0.49024635E+01
      0.54609498E+00      0.70500999E+00      0.29423437E-06      0.92460162E-03      0.48944084E+01
      0.54646247E+00      0.70399028E+00      0.29367331E-06      0.93104197E-03      0.48873292E+01
      0.54682996E+00      0.70311692E+00      0.29320964E-06      0.93610216E-03      0.48812661E+01
      0.54719746E+00      0.70239554E+00      0.29283742E-06      0.93976261E-03      0.48762580E+01
      0.54756495E+00      0.70183154E+00      0.29255075E-06      0.94200590E-03      0.48723426E+01
      0.54793244E+00      0.70143014E+00      0.29234370E-06      0.94281684E-03      0.48695559E+01
      0.54829993E+00      0.70119629E+00      0.29221034E-06      0.94218245E-03      0.48679324E+01
      0.54866743E+00      0.70113468E+00      0.29214481E-06      0.94009203E-03      0.48675047E+01
      0.54903492E+00      0.70124969E+00      0.29214124E-06      0.93653713E-03      0.48683031E+01
      0.54940241E+00      0.70154539E+00      0.29219387E-06      0.93151162E-03      0.48703560E+01
      0.54976991E+00      0.70202551E+00      0.29229699E-06      0.92501163E-03      0.48736892E+01
      0.55013740E+00      0.70269342E+00      0.29244497E-06      0.91703561E-03      0.48783260E+01
      0.55050489E+00      0.70355206E+00      0.29263228E-06      0.90758432E-03      0.48842870E+01
      0.55087239E+00      0.70460402E+00      0.29285353E-06      0.89666081E-03      0.48915900E+01
      0.55123988E+00      0.70585140E+00      0.29310342E-06      0.88427044E-03      0.49002497E+01
      0.55160737E+00      0.70729589E+00      0.29337679E-06      0.87042085E-03      0.49102779E+01
      0.55197487E+00      0.70893871E+00      0.29366865E-06      0.85512198E-03      0.49216828E+01
      0.55234236E+00      0.71078058E+00      0.29397415E-06      0.83838601E-03      0.49344697E+01
      0.55270985E+00      0.71282175E+00      0.29428859E-06      0.82022737E-03      0.49486401E+01
      0.55307735E+00      0.71506192E+00      0.29460746E-06      0.80066274E-03      0.49641921E+01
      0.55344484E+00      0.71750031E+00      0.29492645E-06      0.77971098E-03      0.49811202E+01
      0.55381233E+00      0.72013560E+00      0.29524139E-06      0.75739311E-03      0.49994152E+01
      0.55417983E+00      0.72296591E+00      0.29554834E-06      0.73373233E-03      0.50190642E+01
      0.55454732E+00      0.72598884E+00      0.29584357E-06      0.70875391E-03      0.50400503E+01
      0.55491481E+00      0.72920143E+00      0.29612352E-06      0.68248521E-03      0.50623532E+01
      0.55528231E+00      0.73260018E+00      0.29638487E-06      0.65495564E-03      0.50859485E+01
      0.55564980E+00      0.73618103E+00      0.29662449E-06      0.62619657E-03      0.51108079E+01
      0.55601729E+00      0.73993937E+00      0.29683950E-06      0.59624134E-03      0.51368995E+01
      0.55638479E+00      0.74387005E+00      0.29702720E-06      0.56512518E-03      0.51641875E+01
      0.55675228E+00      0.74796737E+00      0.29718513E-06      0.53288517E-03      0.51926325E+01
      0.55711977E+00      0.75222511E+00      0.29731106E-06      0.49956022E-03      0.52221911E+01
      0.55748727E+00      0.75663651E+00      0.29740296E-06      0.46519093E-03      0.52528165E+01
      0.55785476E+00      0.76119431E+00      0.29745904E-06      0.42981966E-03      0.52844582E+01
      0.55822225E+00      0.76589075E+00      0.29747772E-06      0.39349034E-03      0.53170623E+01
      0.55858975E+00      0.77071756E+00      0.29745764E-06      0.35624851E-03      0.53505717E+01
      0.55895724E+00      0.77566604E+00      0.29739767E-06      0.31814121E-03      0.53849256E+01
      0.55932473E+00      0.78072700E+00      0.29729686E-06      0.27921693E-03      0.54200605E+01
      0.55969223E+00      0.78589086E+00      0.29715452E-06      0.23952554E-03      0.54559096E+01
      0.56005972E+00      0.79114760E+00      0.29697012E-06      0.19911824E-03      0.54924036E+01
      0.56042721E+00      0.79648682E+00      0.29674337E-06      0.15804746E-03      0.55294703E+01
      0.56079471E+00      0.80189778E+00      0.29647415E-06      0.11636681E-03      0.55670349E+01
      0.56116220E+00      0.80736937E+00      0.29616256E-06      0.74131011E-04      0.56050205E+01
      0.56152969E+00      0.81289022E+00      0.29580886E-06      0.31395815E-04      0.56433480E+01
      0.56189719E+00      0.81844863E+00      0.29541352E-06     -0.11782065E-04      0.56819363E+01
      0.56226468E+00      0.82403270E+00      0.29497717E-06     -0.55345034E-04      0.57207027E+01
      0.56263217E+00      0.82963029E+00      0.29450061E-06     -0.99234688E-04      0.57595630E+01
      0.56299967E+00      0.83522908E+00      0.29398483E-06     -0.14339189E-03      0.57984316E+01
      0.56336716E+00      0.84081659E+00      0.29343093E-06     -0.18775686E-03      0.58372219E+01
      0.56373465E+00      0.84638024E+00      0.29284020E-06     -0.23226922E-03      0.58758466E+01
      0.56410214E+00      0.85190736E+00      0.29221406E-06     -0.27686814E-03      0.59142176E+01
      0.56446964E+00      0.85738523E+00      0.29155407E-06     -0.32149234E-03      0.59522468E+01
      0.56483713E+00      0.86280113E+00      0.29086190E-06     -0.36608022E-03      0.59898457E+01
      0.56520462E+00      0.86814234E+00      0.29013936E-06     -0.41056994E-03      0.60269262E+01
      0.56557212E+00      0.87339624E+00      0.28938837E-06     -0.45489948E-03      0.60634004E+01
      0.56593961E+00      0.87855025E+00      0.28861094E-06     -0.49900674E-03      0.60991813E+01
      0.56630710E+00      0.88359198E+00      0.28780920E-06     -0.54282962E-03      0.61341826E+01
      0.56667460E+00      0.88850918E+00      0.28698536E-06     -0.58630611E-03      0.61683193E+01
      0.56704209E+00      0.89328979E+00      0.28614170E-06     -0.62937435E-03      0.62015079E+01
      0.56740958E+00      0.89792202E+00      0.28528059E-06     -0.67197273E-03      0.62336664E+01
      0.56777708E+00      0.90239434E+00      0.28440446E-06     -0.71403999E-03      0.62647146E+01
      0.56814457E+00      0.90669552E+00      0.28351580E-06     -0.75551527E-03      0.62945748E+01
      0.56851206E+00      0.91081468E+00      0.28261715E-06     -0.79633822E-03      0.63231714E+01
      0.56887956E+00      0.91474131E+00      0.28171108E-06     -0.83644907E-03      0.63504313E+01
      0.56924705E+00      0.91846531E+00      0.28080023E-06     -0.87578871E-03      0.63762845E+01
      0.56961454E+00      0.92197700E+00      0.27988725E-06     -0.91429879E-03      0.64006639E+01
      0.56998204E+00      0.92526719E+00      0.27897479E-06     -0.95192178E-03      0.64235054E+01
      0.57034953E+00      0.92832717E+00      0.27806556E-06     -0.98860107E-03      0.64447488E+01
      0.57071702E+00      0.93114873E+00      0.27716225E-06     -0.10242810E-02      0.64643369E+01
      0.57108452E+00      0.93372422E+00      0.27626755E-06     -0.10589071E-02      0.64822169E+01
      0.57145201E+00      0.93604657E+00      0.27538416E-06     -0.10924259E-02      0.64983393E+01
      0.57181950E+00      0.93810927E+00      0.27451477E-06     -0.11247853E-02      0.65126593E+01
      0.57218700E+00      0.93990644E+00      0.27366203E-06     -0.11559343E-02      0.65251358E+01
      0.57255449E+00      0.94143282E+00      0.27282861E-06     -0.11858235E-02      0.65357324E+01
      0.57292198E+00      0.94268379E+00      0.27201711E-06     -0.12144049E-02      0.65444171E+01
      0.57328948E+00      0.94365539E+00      0.27123012E-06     -0.12416319E-02      0.65511622E+01
      0.57365697E+00      0.94434433E+00      0.27047019E-06     -0.12674596E-02      0.65559451E+01
      0.57402446E+00      0.94474800E+00      0.26973983E-06     -0.12918447E-02      0.65587475E+01
      0.57439196E+00      0.94486449E+00      0.26904149E-06     -0.13147458E-02      0.65595562E+01
      0.57475945E+00      0.94469256E+00      0.26837757E-06     -0.13361230E-02      0.65583626E+01
      0.57512694E+00      0.94423170E+00      0.26775043E-06     -0.13559386E-02      0.65551632E+01
      0.57549444E+00      0.94348207E+00      0.26716236E-06     -0.13741565E-02      0.65499590E+01
      0.57586193E+00      0.94244457E+00      0.26661558E-06     -0.13907428E-02      0.65427563E+01
      0.57622942E+00      0.94112076E+00      0.26611225E-06     -0.14056654E-02      0.65335660E+01
      0.57659692E+00      0.93951292E+00      0.26565445E-06     -0.14188946E-02      0.65224039E+01
      0.57696441E+00      0.93762401E+00      0.26524421E-06     -0.14304026E-02      0.65092905E+01
      0.57733190E+00      0.93545769E+00      0.26488345E-06     -0.14401638E-02      0.64942511E+01
      0.57769940E+00      0.93301825E+00      0.26457403E-06     -0.14481548E-02      0.64773158E+01
      0.57806689E+00      0.93031068E+00      0.26431772E-06     -0.14543546E-02      0.64585190E+01
      0.57843438E+00      0.92734059E+00      0.26411621E-06     -0.14587444E-02      0.64378996E+01
      0.57880188E+00      0.92411422E+00      0.26397111E-06     -0.14613077E-02      0.64155011E+01
      0.57916937E+00      0.92063841E+00      0.26388391E-06     -0.14620305E-02      0.63913709E+01
      0.57953686E+00      0.91692062E+00      0.26385605E-06     -0.14609011E-02      0.63655608E+01
      0.57990435E+00      0.91296883E+00      0.26388886E-06     -0.14579100E-02      0.63381262E+01
      0.58027185E+00      0.90879161E+00      0.26398355E-06     -0.14530506E-02      0.63091265E+01
      0.58063934E+00      0.90439800E+00      0.26414128E-06     -0.14463184E-02      0.62786247E+01
      0.58100683E+00      0.89979755E+00      0.26436308E-06     -0.14377114E-02      0.62466869E+01
      0.58137433E+00      0.89500029E+00      0.26464989E-06     -0.14272302E-02      0.62133828E+01
      0.58174182E+00      0.89001666E+00      0.26500257E-06     -0.14148777E-02      0.61787848E+01
      0.58210931E+00      0.88485749E+00      0.26542184E-06     -0.14006593E-02      0.61429681E+01
      0.58247681E+00      0.87953400E+00      0.26590837E-06     -0.13845831E-02      0.61060108E+01
      0.58284430E+00      0.87405774E+00      0.26646268E-06     -0.13666593E-02      0.60679927E+01
      0.58321179E+00      0.86844054E+00      0.26708523E-06     -0.13469008E-02      0.60289963E+01
      0.58357929E+00      0.86269452E+00      0.26777636E-06     -0.13253227E-02      0.59891056E+01
      0.58394678E+00      0.85683201E+00      0.26853631E-06     -0.13019428E-02      0.59484061E+01
      0.58431427E+00      0.85086554E+00      0.26936522E-06     -0.12767809E-02      0.59069850E+01
      0.58468177E+00      0.84480779E+00      0.27026313E-06     -0.12498595E-02      0.58649301E+01
      0.58504926E+00      0.83867155E+00      0.27122999E-06     -0.12212031E-02      0.58223303E+01
      0.58541675E+00      0.83246971E+00      0.27226564E-06     -0.11908386E-02      0.57792751E+01
      0.58578425E+00      0.82621517E+00      0.27336982E-06     -0.11587953E-02      0.57358541E+01
      0.58615174E+00      0.81992084E+00      0.27454218E-06     -0.11251043E-02      0.56921568E+01
      0.58651923E+00      0.81359962E+00      0.27578228E-06     -0.10897992E-02      0.56482728E+01
      0.58688673E+00      0.80726428E+00      0.27708958E-06     -0.10529153E-02      0.56042909E+01
      0.58725422E+00      0.80092754E+00      0.27846344E-06     -0.10144901E-02      0.55602991E+01
      0.58762171E+00      0.79460190E+00      0.27990314E-06     -0.97456317E-03      0.55163845E+01
      0.58798921E+00      0.78829974E+00      0.28140786E-06     -0.93317570E-03      0.54726329E+01
      0.58835670E+00      0.78203316E+00      0.28297670E-06     -0.89037080E-03      0.54291283E+01
      0.58872419E+00      0.77581404E+00      0.28460867E-06     -0.84619332E-03      0.53859531E+01
      0.58909169E+00      0.76965393E+00      0.28630271E-06     -0.80068972E-03      0.53431876E+01
      0.58945918E+00      0.76356408E+00      0.28805767E-06     -0.75390805E-03      0.53009098E+01
      0.58982667E+00      0.75755535E+00      0.28987232E-06     -0.70589782E-03      0.52591953E+01
      0.59019417E+00      0.75163823E+00      0.29174535E-06     -0.65670996E-03      0.52181168E+01
      0.59056166E+00      0.74582278E+00      0.29367540E-06     -0.60639671E-03      0.51777440E+01
      0.59092915E+00      0.74011860E+00      0.29566103E-06     -0.55501149E-03      0.51381437E+01
      0.59129665E+00      0.73453481E+00      0.29770073E-06     -0.50260887E-03      0.50993793E+01
      0.59166414E+00      0.72908003E+00      0.29979293E-06     -0.44924444E-03      0.50615104E+01
      0.59203163E+00      0.72376234E+00      0.30193601E-06     -0.39497470E-03      0.50245933E+01
      0.59239913E+00      0.71858927E+00      0.30412830E-06     -0.33985700E-03      0.49886801E+01
      0.59276662E+00      0.71356777E+00      0.30636806E-06     -0.28394940E-03      0.49538193E+01
      0.59313411E+00      0.70870420E+00      0.30865353E-06     -0.22731059E-03      0.49200548E+01
      0.59350161E+00      0.70400431E+00      0.31098290E-06     -0.16999977E-03      0.48874266E+01
      0.59386910E+00      0.69947322E+00      0.31335432E-06     -0.11207656E-03      0.48559703E+01
      0.59423659E+00      0.69511540E+00      0.31576592E-06     -0.53600924E-04      0.48257169E+01
      0.59460408E+00      0.69093468E+00      0.31821578E-06      0.53670015E-05      0.47966930E+01
      0.59497158E+00      0.68693423E+00      0.32070199E-06      0.64766953E-04      0.47689205E+01
      0.59533907E+00      0.68311652E+00      0.32322261E-06      0.12453866E-03      0.47424168E+01
      0.59570656E+00      0.67948339E+00      0.32577568E-06      0.18462196E-03      0.47171944E+01
      0.59607406E+00      0.67603597E+00      0.32835925E-06      0.24495687E-03      0.46932613E+01
      0.59644155E+00      0.67277473E+00      0.33097137E-06      0.30548371E-03      0.46706207E+01
      0.59680904E+00      0.66969945E+00      0.33361009E-06      0.36614320E-03      0.46492711E+01
      0.59717654E+00      0.66680924E+00      0.33627347E-06      0.42687655E-03      0.46292064E+01
      0.59754403E+00      0.66410254E+00      0.33895959E-06      0.48762553E-03      0.46104156E+01
      0.59791152E+00      0.66157713E+00      0.34166657E-06      0.54833261E-03      0.45928834E+01
      0.59827902E+00      0.65923015E+00      0.34439252E-06      0.60894102E-03      0.45765898E+01
      0.59864651E+00      0.65705807E+00      0.34713562E-06      0.66939482E-03      0.45615106E+01
      0.59901400E+00      0.65505676E+00      0.34989409E-06      0.72963902E-03      0.45476169E+01
      0.59938150E+00      0.65322148E+00      0.35266617E-06      0.78961963E-03      0.45348757E+01
      0.59974899E+00      0.65154689E+00      0.35545017E-06      0.84928375E-03      0.45232501E+01
      0.60011648E+00      0.65002706E+00      0.35824446E-06      0.90857964E-03      0.45126990E+01
      0.60048398E+00      0.64865554E+00      0.36104747E-06      0.96745678E-03      0.45031775E+01
      0.60085147E+00      0.64742533E+00      0.36385769E-06      0.10258660E-02      0.44946369E+01
      0.60121896E+00      0.64632894E+00      0.36667370E-06      0.10837593E-02      0.44870254E+01
      0.60158646E+00      0.64535839E+00      0.36949414E-06      0.11410903E-02      0.44802876E+01
      0.60195395E+00      0.64450527E+00      0.37231775E-06      0.11978140E-02      0.44743649E+01
      0.60232144E+00      0.64376073E+00      0.37514335E-06      0.12538868E-02      0.44691961E+01
      0.60268894E+00      0.64311556E+00      0.37796985E-06      0.13092668E-02      0.44647171E+01
      0.60305643E+00      0.64256016E+00      0.38079627E-06      0.13639137E-02      0.44608613E+01
      0.60342392E+00      0.64208463E+00      0.38362171E-06      0.14177885E-02      0.44575601E+01
      0.60379142E+00      0.64167880E+00      0.38644539E-06      0.14708543E-02      0.44547427E+01
      0.60415891E+00      0.64133222E+00      0.38926664E-06      0.15230755E-02      0.44523366E+01
      0.60452640E+00      0.64103424E+00      0.39208488E-06      0.15744183E-02      0.44502679E+01
      0.60489390E+00      0.64077403E+00      0.39489968E-06      0.16248506E-02      0.44484615E+01
      0.60526139E+00      0.64054064E+00      0.39771068E-06      0.16743420E-02      0.44468412E+01
      0.60562888E+00      0.64032300E+00      0.40051767E-06      0.17228637E-02      0.44453303E+01
      0.60599638E+00      0.64010999E+00      0.40332054E-06      0.17703888E-02      0.44438515E+01
      0.60636387E+00      0.63989048E+00      0.40611932E-06      0.18168918E-02      0.44423276E+01
      0.60673136E+00      0.63965336E+00      0.40891412E-06      0.18623491E-02      0.44406814E+01
      0.60709886E+00      0.63938757E+00      0.41170522E-06      0.19067387E-02      0.44388362E+01
      0.60746635E+00      0.63908216E+00      0.41449298E-06      0.19500401E-02      0.44367160E+01
      0.60783384E+00      0.63872634E+00      0.41727790E-06      0.19922345E-02      0.44342458E+01
      0.60820134E+00      0.63830949E+00      0.42006057E-06      0.20333048E-02      0.44313518E+01
      0.60856883E+00      0.63782121E+00      0.42284171E-06      0.20732352E-02      0.44279620E+01
      0.60893632E+00      0.63725138E+00      0.42562216E-06      0.21120115E-02      0.44240061E+01
      0.60930382E+00      0.63659016E+00      0.42840286E-06      0.21496209E-02      0.44194157E+01
      0.60967131E+00      0.63582809E+00      0.43118484E-06      0.21860522E-02      0.44141251E+01
      0.61003880E+00      0.63495605E+00      0.43396924E-06      0.22212952E-02      0.44080712E+01
      0.61040629E+00      0.63396537E+00      0.43675730E-06      0.22553413E-02      0.44011935E+01
      0.61077379E+00      0.63284781E+00      0.43955033E-06      0.22881831E-02      0.43934351E+01
      0.61114128E+00      0.63159563E+00      0.44234975E-06      0.23198143E-02      0.43847420E+01
      0.61150877E+00      0.63020161E+00      0.44515703E-06      0.23502297E-02      0.43750643E+01
      0.61187627E+00      0.62865910E+00      0.44797372E-06      0.23794253E-02      0.43643557E+01
      0.61224376E+00      0.62696200E+00      0.45080143E-06      0.24073979E-02      0.43525739E+01
      0.61261125E+00      0.62510487E+00      0.45364183E-06      0.24341455E-02      0.43396811E+01
      0.61297875E+00      0.62308289E+00      0.45649662E-06      0.24596668E-02      0.43256438E+01
      0.61334624E+00      0.62089191E+00      0.45936753E-06      0.24839612E-02      0.43104333E+01
      0.61371373E+00      0.61852848E+00      0.46225635E-06      0.25070291E-02      0.42940257E+01
      0.61408123E+00      0.61598989E+00      0.46516485E-06      0.25288712E-02      0.42764019E+01
      0.61444872E+00      0.61327415E+00      0.46809482E-06      0.25494892E-02      0.42575484E+01
      0.61481621E+00      0.61038003E+00      0.47104804E-06      0.25688851E-02      0.42374564E+01
      0.61518371E+00      0.60730709E+00      0.47402627E-06      0.25870613E-02      0.42161231E+01
      0.61555120E+00      0.60405567E+00      0.47703125E-06      0.26040207E-02      0.41935507E+01
      0.61591869E+00      0.60062694E+00      0.48006467E-06      0.26197666E-02      0.41697473E+01
      0.61628619E+00      0.59702288E+00      0.48312818E-06      0.26343024E-02      0.41447268E+01
      0.61665368E+00      0.59324628E+00      0.48622335E-06      0.26476318E-02      0.41185084E+01
      0.61702117E+00      0.58930078E+00      0.48935168E-06      0.26597587E-02      0.40911175E+01
      0.61738867E+00      0.58519087E+00      0.49251459E-06      0.26706869E-02      0.40625851E+01
      0.61775616E+00      0.58092187E+00      0.49571338E-06      0.26804204E-02      0.40329483E+01
      0.61812365E+00      0.57649993E+00      0.49894924E-06      0.26889632E-02      0.40022498E+01
      0.61849115E+00      0.57193206E+00      0.50222325E-06      0.26963192E-02      0.39705382E+01
      0.61885864E+00      0.56722610E+00      0.50553632E-06      0.27024922E-02      0.39378679E+01
      0.61922613E+00      0.56239071E+00      0.50888923E-06      0.27074859E-02      0.39042990E+01
      0.61959363E+00      0.55743538E+00      0.51228260E-06      0.27113037E-02      0.38698975E+01
      0.61996112E+00      0.55237039E+00      0.51571684E-06      0.27139489E-02      0.38347346E+01
      0.62032861E+00      0.54720682E+00      0.51919222E-06      0.27154246E-02      0.37988875E+01
      0.62069611E+00      0.54195654E+00      0.52270875E-06      0.27157336E-02      0.37624384E+01
      0.62106360E+00      0.53663217E+00      0.52626629E-06      0.27148785E-02      0.37254749E+01
      0.62143109E+00      0.53124706E+00      0.52986444E-06      0.27128614E-02      0.36880896E+01
      0.62179859E+00      0.52581527E+00      0.53350258E-06      0.27096844E-02      0.36503804E+01
      0.62216608E+00      0.52035157E+00      0.53717983E-06      0.27053490E-02      0.36124496E+01
      0.62253357E+00      0.51487136E+00      0.54089509E-06      0.26998567E-02      0.35744043E+01
      0.62290107E+00      0.50939072E+00      0.54464697E-06      0.26932086E-02      0.35363558E+01
      0.62326856E+00      0.50392627E+00      0.54843384E-06      0.26854055E-02      0.34984199E+01
      0.62363605E+00      0.49849525E+00      0.55225377E-06      0.26764478E-02      0.34607160E+01
      0.62400355E+00      0.49311540E+00      0.55610456E-06      0.26663360E-02      0.34233673E+01
      0.62437104E+00      0.48780497E+00      0.55998372E-06      0.26550700E-02      0.33865006E+01
      0.62473853E+00      0.48258266E+00      0.56388846E-06      0.26426499E-02      0.33502456E+01
      0.62510603E+00      0.47746758E+00      0.56781572E-06      0.26290754E-02      0.33147351E+01
      0.62547352E+00      0.47247922E+00      0.57176211E-06      0.26143461E-02      0.32801043E+01
      0.62584101E+00      0.46763741E+00      0.57572394E-06      0.25984617E-02      0.32464908E+01
      0.62620850E+00      0.46296224E+00      0.57969725E-06      0.25814217E-02      0.32140342E+01
      0.62657600E+00      0.45847405E+00      0.58367773E-06      0.25632257E-02      0.31828758E+01
      0.62694349E+00      0.45419339E+00      0.58766081E-06      0.25438734E-02      0.31531580E+01
      0.62731098E+00      0.45014091E+00      0.59164160E-06      0.25233647E-02      0.31250245E+01
      0.62767848E+00      0.44633740E+00      0.59561490E-06      0.25016996E-02      0.30986193E+01
      0.62804597E+00      0.44280367E+00      0.59957524E-06      0.24788785E-02      0.30740869E+01
      0.62841346E+00      0.43956051E+00      0.60351684E-06      0.24549020E-02      0.30515718E+01
      0.62878096E+00      0.43662866E+00      0.60743367E-06      0.24297712E-02      0.30312180E+01
      0.62914845E+00      0.43402877E+00      0.61131939E-06      0.24034877E-02      0.30131687E+01
      0.62951594E+00      0.43178128E+00      0.61516741E-06      0.23760537E-02      0.29975659E+01
      0.62988344E+00      0.42990646E+00      0.61897088E-06      0.23474718E-02      0.29845503E+01
      0.63025093E+00      0.42842427E+00      0.62272270E-06      0.23177455E-02      0.29742604E+01
      0.63061842E+00      0.42735436E+00      0.62641556E-06      0.22868792E-02      0.29668328E+01
      0.63098592E+00      0.42671602E+00      0.63004189E-06      0.22548779E-02      0.29624012E+01
      0.63135341E+00      0.42652809E+00      0.63359393E-06      0.22217476E-02      0.29610965E+01
      0.63172090E+00      0.42680893E+00      0.63706375E-06      0.21874955E-02      0.29630462E+01
      0.63208840E+00      0.42757637E+00      0.64044320E-06      0.21521296E-02      0.29683741E+01
      0.63245589E+00      0.42884766E+00      0.64372399E-06      0.21156594E-02      0.29771998E+01
      0.63282338E+00      0.43063941E+00      0.64689771E-06      0.20780953E-02      0.29896386E+01
      0.63319088E+00      0.43296754E+00      0.64995579E-06      0.20394493E-02      0.30058013E+01
      0.63355837E+00      0.43584724E+00      0.65288958E-06      0.19997346E-02      0.30257931E+01
      0.63392586E+00      0.43929293E+00      0.65569033E-06      0.19589658E-02      0.30497142E+01
      0.63429336E+00      0.44331819E+00      0.65834925E-06      0.19171591E-02      0.30776589E+01
      0.63466085E+00      0.44793573E+00      0.66085749E-06      0.18743324E-02      0.31097154E+01
      0.63502834E+00      0.45315735E+00      0.66320618E-06      0.18305049E-02      0.31459656E+01
      0.63539584E+00      0.45899389E+00      0.66538648E-06      0.17856976E-02      0.31864847E+01
      0.63576333E+00      0.46545519E+00      0.66738956E-06      0.17399335E-02      0.32313411E+01
      0.63613082E+00      0.47255005E+00      0.66920664E-06      0.16932368E-02      0.32805960E+01
      0.63649832E+00      0.48028622E+00      0.67082904E-06      0.16456340E-02      0.33343029E+01
      0.63686581E+00      0.48867031E+00      0.67224815E-06      0.15971532E-02      0.33925080E+01
      0.63723330E+00      0.49770783E+00      0.67345551E-06      0.15478243E-02      0.34552494E+01
      0.63760080E+00      0.50740308E+00      0.67444282E-06      0.14976792E-02      0.35225570E+01
      0.63796829E+00      0.51775920E+00      0.67520194E-06      0.14467517E-02      0.35944526E+01
      0.63833578E+00      0.52877810E+00      0.67572494E-06      0.13950772E-02      0.36709493E+01
      0.63870328E+00      0.54046042E+00      0.67600412E-06      0.13426934E-02      0.37520518E+01
      0.63907077E+00      0.55280557E+00      0.67603204E-06      0.12896396E-02      0.38377558E+01
      0.63943826E+00      0.56581165E+00      0.67580154E-06      0.12359572E-02      0.39280483E+01
      0.63980576E+00      0.57947549E+00      0.67530575E-06      0.11816891E-02      0.40229071E+01
      0.64017325E+00      0.59379258E+00      0.67453814E-06      0.11268804E-02      0.41223009E+01
      0.64054074E+00      0.60875710E+00      0.67349254E-06      0.10715778E-02      0.42261896E+01
      0.64090823E+00      0.62436192E+00      0.67216313E-06      0.10158299E-02      0.43345233E+01
      0.64127573E+00      0.64059857E+00      0.67054451E-06      0.95968670E-03      0.44472434E+01
      0.64164322E+00      0.65745723E+00      0.66863170E-06      0.90320017E-03      0.45642816E+01
      0.64201071E+00      0.67492677E+00      0.66642015E-06      0.84642371E-03      0.46855609E+01
      0.64237821E+00      0.69299473E+00      0.66390578E-06      0.78941226E-03      0.48109945E+01
      0.64274570E+00      0.71164733E+00      0.66108499E-06      0.73222221E-03      0.49404869E+01
      0.64311319E+00      0.73086949E+00      0.65795467E-06      0.67491132E-03      0.50739334E+01
      0.64348069E+00      0.75064482E+00      0.65451224E-06      0.61753860E-03      0.52112202E+01
      0.64384818E+00      0.77095567E+00      0.65075565E-06      0.56016423E-03      0.53522247E+01
      0.64421567E+00      0.79178313E+00      0.64668338E-06      0.50284948E-03      0.54968157E+01
      0.64458317E+00      0.81310703E+00      0.64229449E-06      0.44565658E-03      0.56448532E+01
      0.64495066E+00      0.83490604E+00      0.63758861E-06      0.38864859E-03      0.57961889E+01
      0.64531815E+00      0.85715759E+00      0.63256595E-06      0.33188932E-03      0.59506664E+01
      0.64568565E+00      0.87983799E+00      0.62722731E-06      0.27544319E-03      0.61081211E+01
      0.64605314E+00      0.90292244E+00      0.62157410E-06      0.21937509E-03      0.62683809E+01
      0.64642063E+00      0.92638502E+00      0.61560832E-06      0.16375024E-03      0.64312658E+01
      0.64678813E+00      0.95019882E+00      0.60933259E-06      0.10863410E-03      0.65965888E+01
      0.64715562E+00      0.97433587E+00      0.60275016E-06      0.54092167E-04      0.67641561E+01
      0.64752311E+00      0.99876728E+00      0.59586488E-06      0.18987372E-06      0.69337669E+01
      0.64789061E+00      0.10234632E+01      0.58868122E-06     -0.53007576E-04      0.71052143E+01
      0.64825810E+00      0.10483931E+01      0.58120425E-06     -0.10543535E-03      0.72782853E+01
      0.64862559E+00      0.10735253E+01      0.57343967E-06     -0.15702915E-03      0.74527612E+01
      0.64899309E+00      0.10988276E+01      0.56539379E-06     -0.20772534E-03      0.76284183E+01
      0.64936058E+00      0.11242671E+01      0.55707348E-06     -0.25746114E-03      0.78050276E+01
      0.64972807E+00      0.11498102E+01      0.54848624E-06     -0.30617474E-03      0.79823559E+01
      0.65009557E+00      0.11754226E+01      0.53964014E-06     -0.35380547E-03      0.81601658E+01
      0.65046306E+00      0.12010697E+01      0.53054378E-06     -0.40029397E-03      0.83382161E+01
      0.65083055E+00      0.12267162E+01      0.52120637E-06     -0.44558231E-03      0.85162626E+01
      0.65119805E+00      0.12523266E+01      0.51163762E-06     -0.48961416E-03      0.86940581E+01
      0.65156554E+00      0.12778649E+01      0.50184776E-06     -0.53233496E-03      0.88713530E+01
      0.65193303E+00      0.13032948E+01      0.49184753E-06     -0.57369202E-03      0.90478958E+01
      0.65230053E+00      0.13285800E+01      0.48164815E-06     -0.61363470E-03      0.92234338E+01
      0.65266802E+00      0.13536838E+01      0.47126131E-06     -0.65211452E-03      0.93977128E+01
      0.65303551E+00      0.13785697E+01      0.46069910E-06     -0.68908533E-03      0.95704786E+01
      0.65340301E+00      0.14032009E+01      0.44997407E-06     -0.72450342E-03      0.97414766E+01
      0.65377050E+00      0.14275409E+01      0.43909913E-06     -0.75832765E-03      0.99104528E+01
      0.65413799E+00      0.14515532E+01      0.42808753E-06     -0.79051957E-03      0.10077154E+02
      0.65450549E+00      0.14752016E+01      0.41695289E-06     -0.82104354E-03      0.10241329E+02
      0.65487298E+00      0.14984501E+01      0.40570911E-06     -0.84986682E-03      0.10402727E+02
      0.65524047E+00      0.15212629E+01      0.39437035E-06     -0.87695970E-03      0.10561101E+02
      0.65560797E+00      0.15436049E+01      0.38295103E-06     -0.90229559E-03      0.10716207E+02
      0.65597546E+00      0.15654414E+01      0.37146577E-06     -0.92585106E-03      0.10867803E+02
      0.65634295E+00      0.15867380E+01      0.35992935E-06     -0.94760600E-03      0.11015651E+02
      0.65671044E+00      0.16074612E+01      0.34835672E-06     -0.96754363E-03      0.11159518E+02
      0.65707794E+00      0.16275780E+01      0.33676290E-06     -0.98565056E-03      0.11299175E+02
      0.65744543E+00      0.16470563E+01      0.32516302E-06     -0.10019169E-02      0.11434400E+02
      0.65781292E+00      0.16658646E+01      0.31357221E-06     -0.10163362E-02      0.11564973E+02
      0.65818042E+00      0.16839724E+01      0.30200562E-06     -0.10289057E-02      0.11690684E+02
      0.65854791E+00      0.17013502E+01      0.29047836E-06     -0.10396261E-02      0.11811326E+02
      0.65891540E+00      0.17179693E+01      0.27900548E-06     -0.10485016E-02      0.11926701E+02
      0.65928290E+00      0.17338021E+01      0.26760191E-06     -0.10555401E-02      0.12036617E+02
      0.65965039E+00      0.17488221E+01      0.25628245E-06     -0.10607532E-02      0.12140891E+02
      0.66001788E+00      0.17630041E+01      0.24506171E-06     -0.10641559E-02      0.12239347E+02
      0.66038538E+00      0.17763239E+01      0.23395409E-06     -0.10657668E-02      0.12331817E+02
      0.66075287E+00      0.17887586E+01      0.22297377E-06     -0.10656080E-02      0.12418143E+02
      0.66112036E+00      0.18002866E+01      0.21213462E-06     -0.10637051E-02      0.12498174E+02
      0.66148786E+00      0.18108877E+01      0.20145021E-06     -0.10600872E-02      0.12571770E+02
      0.66185535E+00      0.18205429E+01      0.19093375E-06     -0.10547867E-02      0.12638800E+02
      0.66222284E+00      0.18292349E+01      0.18059810E-06     -0.10478392E-02      0.12699143E+02
      0.66259034E+00      0.18369477E+01      0.17045569E-06     -0.10392836E-02      0.12752687E+02
      0.66295783E+00      0.18436666E+01      0.16051851E-06     -0.10291619E-02      0.12799332E+02
      0.66332532E+00      0.18493787E+01      0.15079811E-06     -0.10175192E-02      0.12838988E+02
      0.66369282E+00      0.18540725E+01      0.14130551E-06     -0.10044034E-02      0.12871574E+02
      0.66406031E+00      0.18577381E+01      0.13205125E-06     -0.98986523E-03      0.12897022E+02
      0.66442780E+00      0.18603672E+01      0.12304529E-06     -0.97395801E-03      0.12915273E+02
      0.66479530E+00      0.18619530E+01      0.11429705E-06     -0.95673770E-03      0.12926283E+02
      0.66516279E+00      0.18624904E+01      0.10581534E-06     -0.93826261E-03      0.12930013E+02
      0.66553028E+00      0.18619758E+01      0.97608381E-07     -0.91859329E-03      0.12926441E+02
      0.66589778E+00      0.18604075E+01      0.89683752E-07     -0.89779237E-03      0.12915553E+02
      0.66626527E+00      0.18577851E+01      0.82048396E-07     -0.87592442E-03      0.12897348E+02
      0.66663276E+00      0.18541101E+01      0.74708594E-07     -0.85305578E-03      0.12871835E+02
      0.66700026E+00      0.18493855E+01      0.67669956E-07     -0.82925434E-03      0.12839035E+02
      0.66736775E+00      0.18436158E+01      0.60937410E-07     -0.80458945E-03      0.12798980E+02
      0.66773524E+00      0.18368074E+01      0.54515190E-07     -0.77913164E-03      0.12751714E+02
      0.66810274E+00      0.18289681E+01      0.48406831E-07     -0.75295253E-03      0.12697291E+02
      0.66847023E+00      0.18201073E+01      0.42615164E-07     -0.72612456E-03      0.12635776E+02
      0.66883772E+00      0.18102361E+01      0.37142307E-07     -0.69872087E-03      0.12567247E+02
      0.66920522E+00      0.17993670E+01      0.31989672E-07     -0.67081503E-03      0.12491790E+02
      0.66957271E+00      0.17875140E+01      0.27157957E-07     -0.64248093E-03      0.12409503E+02
      0.66994020E+00      0.17746928E+01      0.22647155E-07     -0.61379251E-03      0.12320494E+02
      0.67030770E+00      0.17609202E+01      0.18456553E-07     -0.58482363E-03      0.12224880E+02
      0.67067519E+00      0.17462148E+01      0.14584741E-07     -0.55564780E-03      0.12122791E+02
      0.67104268E+00      0.17305964E+01      0.11029621E-07     -0.52633807E-03      0.12014363E+02
      0.67141018E+00      0.17140862E+01      0.77884122E-08     -0.49696675E-03      0.11899743E+02
      0.67177767E+00      0.16967065E+01      0.48576685E-08     -0.46760529E-03      0.11779088E+02
      0.67214516E+00      0.16784813E+01      0.22332888E-08     -0.43832405E-03      0.11652562E+02
      0.67251265E+00      0.16594353E+01     -0.89466903E-10     -0.40919214E-03      0.11520339E+02
      0.67288015E+00      0.16395948E+01     -0.21159603E-08     -0.38027720E-03      0.11382600E+02
      0.67324764E+00      0.16189870E+01     -0.38521562E-08     -0.35164527E-03      0.11239534E+02
      0.67361513E+00      0.15976401E+01     -0.53046018E-08     -0.32336058E-03      0.11091337E+02
      0.67398263E+00      0.15755835E+01     -0.64804054E-08     -0.29548540E-03      0.10938213E+02
      0.67435012E+00      0.15528475E+01     -0.73872125E-08     -0.26807987E-03      0.10780371E+02
      0.67471761E+00      0.15294630E+01     -0.80331812E-08     -0.24120186E-03      0.10618029E+02
      0.67508511E+00      0.15054623E+01     -0.84269566E-08     -0.21490679E-03      0.10451408E+02
      0.67545260E+00      0.14808779E+01     -0.85776430E-08     -0.18924751E-03      0.10280735E+02
      0.67582009E+00      0.14557433E+01     -0.84947754E-08     -0.16427418E-03      0.10106243E+02
      0.67618759E+00      0.14300927E+01     -0.81882908E-08     -0.14003410E-03      0.99281678E+01
      0.67655508E+00      0.14039606E+01     -0.76684968E-08     -0.11657165E-03      0.97467506E+01
      0.67692257E+00      0.13773823E+01     -0.69460413E-08     -0.93928107E-04      0.95622356E+01
      0.67729007E+00      0.13503935E+01     -0.60318796E-08     -0.72141622E-04      0.93748703E+01
      0.67765756E+00      0.13230301E+01     -0.49372422E-08     -0.51247077E-04      0.91849047E+01
      0.67802505E+00      0.12953285E+01     -0.36736015E-08     -0.31276022E-04      0.89925911E+01
      0.67839255E+00      0.12673253E+01     -0.22526380E-08     -0.12256602E-04      0.87981837E+01
      0.67876004E+00      0.12390572E+01     -0.68620625E-09      0.57865058E-05      0.86019376E+01
      0.67912753E+00      0.12105612E+01      0.10136995E-08      0.22832145E-04      0.84041091E+01
      0.67949503E+00      0.11818742E+01      0.28349796E-08      0.38862718E-04      0.82049548E+01
      0.67986252E+00      0.11530332E+01      0.47654635E-08      0.53864222E-04      0.80047310E+01
      0.68023001E+00      0.11240750E+01      0.67929444E-08      0.67826262E-04      0.78036938E+01
      0.68059751E+00      0.10950363E+01      0.89052132E-08      0.80742070E-04      0.76020980E+01
      0.68096500E+00      0.10659538E+01      0.11090092E-07      0.92608498E-04      0.74001973E+01
      0.68133249E+00      0.10368635E+01      0.13335470E-07      0.10342601E-03      0.71982434E+01
      0.68169999E+00      0.10078016E+01      0.15629333E-07      0.11319867E-03      0.69964858E+01
      0.68206748E+00      0.97880342E+00      0.17959797E-07      0.12193408E-03      0.67951713E+01
      0.68243497E+00      0.94990423E+00      0.20315143E-07      0.12964338E-03      0.65945437E+01
      0.68280247E+00      0.92113860E+00      0.22683844E-07      0.13634117E-03      0.63948434E+01
      0.68316996E+00      0.89254059E+00      0.25054599E-07      0.14204546E-03      0.61963067E+01
      0.68353745E+00      0.86414366E+00      0.27416357E-07      0.14677759E-03      0.59991660E+01
      0.68390495E+00      0.83598062E+00      0.29758352E-07      0.15056217E-03      0.58036490E+01
      0.68427244E+00      0.80808356E+00      0.32070123E-07      0.15342696E-03      0.56099786E+01
      0.68463993E+00      0.78048385E+00      0.34341547E-07      0.15540279E-03      0.54183724E+01
      0.68500743E+00      0.75321201E+00      0.36562857E-07      0.15652348E-03      0.52290425E+01
      0.68537492E+00      0.72629778E+00      0.38724671E-07      0.15682568E-03      0.50421951E+01
      0.68574241E+00      0.69976999E+00      0.40818010E-07      0.15634876E-03      0.48580306E+01
      0.68610991E+00      0.67365655E+00      0.42834320E-07      0.15513472E-03      0.46767426E+01
      0.68647740E+00      0.64798442E+00      0.44765492E-07      0.15322802E-03      0.44985184E+01
      0.68684489E+00      0.62277960E+00      0.46603878E-07      0.15067543E-03      0.43235383E+01
      0.68721238E+00      0.59806704E+00      0.48342308E-07      0.14752590E-03      0.41519757E+01
      0.68757988E+00      0.57387067E+00      0.49974103E-07      0.14383043E-03      0.39839966E+01
      0.68794737E+00      0.55021333E+00      0.51493089E-07      0.13964186E-03      0.38197596E+01
      0.68831486E+00      0.52711678E+00      0.52893609E-07      0.13501476E-03      0.36594159E+01
      0.68868236E+00      0.50460168E+00      0.54170528E-07      0.13000522E-03      0.35031088E+01
      0.68904985E+00      0.48268754E+00      0.55319245E-07      0.12467071E-03      0.33509737E+01
      0.68941734E+00      0.46139273E+00      0.56335700E-07      0.11906991E-03      0.32031382E+01
      0.68978484E+00      0.44073446E+00      0.57216372E-07      0.11326252E-03      0.30597218E+01
      0.69015233E+00      0.42072878E+00      0.57958288E-07      0.10730908E-03      0.29208359E+01
      0.69051982E+00      0.40139056E+00      0.58559019E-07      0.10127082E-03      0.27865837E+01
      0.69088732E+00      0.38273350E+00      0.59016684E-07      0.95209464E-04      0.26570603E+01
      0.69125481E+00      0.36477010E+00      0.59329944E-07      0.89187042E-04      0.25323526E+01
      0.69162230E+00      0.34751170E+00      0.59497999E-07      0.83265735E-04      0.24125391E+01
      0.69198980E+00      0.33096843E+00      0.59520581E-07      0.77507689E-04      0.22976904E+01
      0.69235729E+00      0.31514928E+00      0.59397951E-07      0.71974837E-04      0.21878687E+01
      0.69272478E+00      0.30006205E+00      0.59130886E-07      0.66728732E-04      0.20831282E+01
      0.69309228E+00      0.28571339E+00      0.58720670E-07      0.61830372E-04      0.19835152E+01
      0.69345977E+00      0.27210881E+00      0.58169083E-07      0.57340035E-04      0.18890677E+01
      0.69382726E+00      0.25925267E+00      0.57478388E-07      0.53317116E-04      0.17998163E+01
      0.69419476E+00      0.24714823E+00      0.56651316E-07      0.49819962E-04      0.17157833E+01
      0.69456225E+00      0.23579765E+00      0.55691052E-07      0.46905722E-04      0.16369839E+01
      0.69492974E+00      0.22520200E+00      0.54601217E-07      0.44630195E-04      0.15634255E+01
      0.69529724E+00      0.21536131E+00      0.53385851E-07      0.43047679E-04      0.14951082E+01
      0.69566473E+00      0.20627455E+00      0.52049393E-07      0.42210838E-04      0.14320249E+01
      0.69603222E+00      0.19793969E+00      0.50596665E-07      0.42170563E-04      0.13741616E+01
      0.69639972E+00      0.19035373E+00      0.49032845E-07      0.42975843E-04      0.13214975E+01
      0.69676721E+00      0.18351271E+00      0.47363451E-07      0.44673649E-04      0.12740048E+01
      0.69713470E+00      0.17741171E+00      0.45594320E-07      0.47308811E-04      0.12316497E+01
      0.69750220E+00      0.17204495E+00      0.43731577E-07      0.50923919E-04      0.11943919E+01
      0.69786969E+00      0.16740577E+00      0.41781622E-07      0.55559216E-04      0.11621853E+01
      0.69823718E+00      0.16348667E+00      0.39751100E-07      0.61252508E-04      0.11349776E+01
      0.69860468E+00      0.16027935E+00      0.37646877E-07      0.68039080E-04      0.11127113E+01
      0.69897217E+00      0.15777475E+00      0.35476021E-07      0.75951614E-04      0.10953235E+01
      0.69933966E+00      0.15596305E+00      0.33245770E-07      0.85020127E-04      0.10827461E+01
      0.69970716E+00      0.15483376E+00      0.30963512E-07      0.95271905E-04      0.10749062E+01
      0.70007465E+00      0.15437571E+00      0.28636760E-07      0.10673145E-03      0.10717263E+01
      0.70044214E+00      0.15457710E+00      0.26273126E-07      0.11942044E-03      0.10731245E+01
      0.70080964E+00      0.15542555E+00      0.23880297E-07      0.13335768E-03      0.10790147E+01
      0.70117713E+00      0.15690810E+00      0.21466012E-07      0.14855909E-03      0.10893070E+01
      0.70154462E+00      0.15901130E+00      0.19038034E-07      0.16503768E-03      0.11039081E+01
      0.70191212E+00      0.16172118E+00      0.16604133E-07      0.18280355E-03      0.11227209E+01
      0.70227961E+00      0.16502334E+00      0.14172055E-07      0.20186383E-03      0.11456456E+01
      0.70264710E+00      0.16890296E+00      0.11749506E-07      0.22222277E-03      0.11725792E+01
      0.70301459E+00      0.17334486E+00      0.93441264E-08      0.24388169E-03      0.12034163E+01
      0.70338209E+00      0.17833348E+00      0.69634704E-08      0.26683901E-03      0.12380489E+01
      0.70374958E+00      0.18385298E+00      0.46149854E-08      0.29109031E-03      0.12763671E+01
      0.70411707E+00      0.18988724E+00      0.23059917E-08      0.31662833E-03      0.13182589E+01
      0.70448457E+00      0.19641988E+00      0.43663852E-10      0.34344300E-03      0.13636106E+01
      0.70485206E+00      0.20343433E+00     -0.21649878E-08      0.37152154E-03      0.14123072E+01
      0.70521955E+00      0.21091383E+00     -0.43131346E-08      0.40084846E-03      0.14642323E+01
      0.70558705E+00      0.21884147E+00     -0.63941454E-08      0.43140567E-03      0.15192686E+01
      0.70595454E+00      0.22720024E+00     -0.84016027E-08      0.46317249E-03      0.15772978E+01
      0.70632203E+00      0.23597301E+00     -0.10329316E-07      0.49612578E-03      0.16382013E+01
      0.70668953E+00      0.24514263E+00     -0.12171336E-07      0.53023998E-03      0.17018598E+01
      0.70705702E+00      0.25469189E+00     -0.13921966E-07      0.56548720E-03      0.17681538E+01
      0.70742451E+00      0.26460356E+00     -0.15575773E-07      0.60183733E-03      0.18369639E+01
      0.70779201E+00      0.27486046E+00     -0.17127598E-07      0.63925808E-03      0.19081706E+01
      0.70815950E+00      0.28544543E+00     -0.18572565E-07      0.67771514E-03      0.19816549E+01
      0.70852699E+00      0.29634139E+00     -0.19906087E-07      0.71717223E-03      0.20572982E+01
      0.70889449E+00      0.30753132E+00     -0.21123875E-07      0.75759121E-03      0.21349823E+01
      0.70926198E+00      0.31899832E+00     -0.22221940E-07      0.79893221E-03      0.22145900E+01
      0.70962947E+00      0.33072563E+00     -0.23196600E-07      0.84115371E-03      0.22960048E+01
      0.70999697E+00      0.34269661E+00     -0.24044483E-07      0.88421265E-03      0.23791112E+01
      0.71036446E+00      0.35489479E+00     -0.24762527E-07      0.92806456E-03      0.24637949E+01
      0.71073195E+00      0.36730387E+00     -0.25347981E-07      0.97266366E-03      0.25499428E+01
      0.71109945E+00      0.37990775E+00     -0.25798408E-07      0.10179629E-02      0.26374430E+01
      0.71146694E+00      0.39269052E+00     -0.26111679E-07      0.10639144E-02      0.27261852E+01
      0.71183443E+00      0.40563650E+00     -0.26285974E-07      0.11104689E-02      0.28160603E+01
      0.71220193E+00      0.41873022E+00     -0.26319777E-07      0.11575765E-02      0.29069612E+01
      0.71256942E+00      0.43195647E+00     -0.26211874E-07      0.12051867E-02      0.29987821E+01
      0.71293691E+00      0.44530025E+00     -0.25961344E-07      0.12532481E-02      0.30914190E+01
      0.71330441E+00      0.45874686E+00     -0.25567557E-07      0.13017088E-02      0.31847697E+01
      0.71367190E+00      0.47228183E+00     -0.25030166E-07      0.13505167E-02      0.32787339E+01
      0.71403939E+00      0.48589095E+00     -0.24349098E-07      0.13996191E-02      0.33732128E+01
      0.71440689E+00      0.49956030E+00     -0.23524547E-07      0.14489633E-02      0.34681099E+01
      0.71477438E+00      0.51327624E+00     -0.22556965E-07      0.14984964E-02      0.35633304E+01
      0.71514187E+00      0.52702540E+00     -0.21447053E-07      0.15481654E-02      0.36587815E+01
      0.71550937E+00      0.54079468E+00     -0.20195751E-07      0.15979175E-02      0.37543723E+01
      0.71587686E+00      0.55457128E+00     -0.18804224E-07      0.16477000E-02      0.38500140E+01
      0.71624435E+00      0.56834269E+00     -0.17273857E-07      0.16974606E-02      0.39456196E+01
      0.71661185E+00      0.58209667E+00     -0.15606240E-07      0.17471471E-02      0.40411041E+01
      0.71697934E+00      0.59582126E+00     -0.13803155E-07      0.17967079E-02      0.41363847E+01
      0.71734683E+00      0.60950481E+00     -0.11866570E-07      0.18460919E-02      0.42313804E+01
      0.71771433E+00      0.62313594E+00     -0.97986190E-08      0.18952485E-02      0.43260121E+01
      0.71808182E+00      0.63670355E+00     -0.76015975E-08      0.19441278E-02      0.44202029E+01
      0.71844931E+00      0.65019682E+00     -0.52779451E-08      0.19926805E-02      0.45138775E+01
      0.71881680E+00      0.66360520E+00     -0.28302353E-08      0.20408582E-02      0.46069629E+01
      0.71918430E+00      0.67691844E+00     -0.26116316E-09      0.20886132E-02      0.46993877E+01
      0.71955179E+00      0.69012654E+00      0.24264668E-08      0.21358988E-02      0.47910826E+01
      0.71991928E+00      0.70321977E+00      0.52297525E-08      0.21826691E-02      0.48819801E+01
      0.72028678E+00      0.71618867E+00      0.81457061E-08      0.22288792E-02      0.49720144E+01
      0.72065427E+00      0.72902404E+00      0.11171265E-07      0.22744853E-02      0.50611217E+01
      0.72102176E+00      0.74171695E+00      0.14303304E-07      0.23194444E-02      0.51492400E+01
      0.72138926E+00      0.75425871E+00      0.17538644E-07      0.23637148E-02      0.52363090E+01
      0.72175675E+00      0.76664088E+00      0.20874064E-07      0.24072557E-02      0.53222701E+01
      0.72212424E+00      0.77885529E+00      0.24306310E-07      0.24500276E-02      0.54070664E+01
      0.72249174E+00      0.79089399E+00      0.27832107E-07      0.24919919E-02      0.54906430E+01
      0.72285923E+00      0.80274929E+00      0.31448162E-07      0.25331113E-02      0.55729463E+01
      0.72322672E+00      0.81441372E+00      0.35151180E-07      0.25733496E-02      0.56539246E+01
      0.72359422E+00      0.82588005E+00      0.38937863E-07      0.26126716E-02      0.57335276E+01
      0.72396171E+00      0.83714130E+00      0.42804927E-07      0.26510436E-02      0.58117069E+01
      0.72432920E+00      0.84819071E+00      0.46749098E-07      0.26884327E-02      0.58884154E+01
      0.72469670E+00      0.85902173E+00      0.50767126E-07      0.27248073E-02      0.59636079E+01
      0.72506419E+00      0.86962805E+00      0.54855788E-07      0.27601370E-02      0.60372404E+01
      0.72543168E+00      0.88000360E+00      0.59011888E-07      0.27943924E-02      0.61092708E+01
      0.72579918E+00      0.89014250E+00      0.63232268E-07      0.28275452E-02      0.61796584E+01
      0.72616667E+00      0.90003911E+00      0.67513806E-07      0.28595685E-02      0.62483639E+01
      0.72653416E+00      0.90968801E+00      0.71853420E-07      0.28904360E-02      0.63153497E+01
      0.72690166E+00      0.91908400E+00      0.76248069E-07      0.29201230E-02      0.63805797E+01
      0.72726915E+00      0.92822208E+00      0.80694756E-07      0.29486053E-02      0.64440192E+01
      0.72763664E+00      0.93709749E+00      0.85190526E-07      0.29758603E-02      0.65056352E+01
      0.72800414E+00      0.94570568E+00      0.89732468E-07      0.30018660E-02      0.65653961E+01
      0.72837163E+00      0.95404233E+00      0.94317712E-07      0.30266016E-02      0.66232718E+01
      0.72873912E+00      0.96210332E+00      0.98943429E-07      0.30500471E-02      0.66792338E+01
      0.72910662E+00      0.96988476E+00      0.10360683E-06      0.30721835E-02      0.67332551E+01
      0.72947411E+00      0.97738300E+00      0.10830516E-06      0.30929929E-02      0.67853103E+01
      0.72984160E+00      0.98459458E+00      0.11303569E-06      0.31124580E-02      0.68353754E+01
      0.73020910E+00      0.99151629E+00      0.11779573E-06      0.31305627E-02      0.68834282E+01
      0.73057659E+00      0.99814515E+00      0.12258262E-06      0.31472914E-02      0.69294479E+01
      0.73094408E+00      0.10044784E+01      0.12739370E-06      0.31626296E-02      0.69734153E+01
      0.73131158E+00      0.10105135E+01      0.13222634E-06      0.31765634E-02      0.70153130E+01
      0.73167907E+00      0.10162482E+01      0.13707792E-06      0.31890800E-02      0.70551249E+01
      0.73204656E+00      0.10216803E+01      0.14194583E-06      0.32001671E-02      0.70928368E+01
      0.73241406E+00      0.10268082E+01      0.14682743E-06      0.32098133E-02      0.71284361E+01
      0.73278155E+00      0.10316302E+01      0.15172010E-06      0.32180077E-02      0.71619119E+01
      0.73314904E+00      0.10361450E+01      0.15662121E-06      0.32247405E-02      0.71932549E+01
      0.73351653E+00      0.10403514E+01      0.16152808E-06      0.32300024E-02      0.72224575E+01
      0.73388403E+00      0.10442488E+01      0.16643804E-06      0.32337849E-02      0.72495141E+01
      0.73425152E+00      0.10478364E+01      0.17134837E-06      0.32360800E-02      0.72744205E+01
      0.73461901E+00      0.10511140E+01      0.17625629E-06      0.32368807E-02      0.72971746E+01
      0.73498651E+00      0.10540814E+01      0.18115902E-06      0.32361804E-02      0.73177757E+01
