# nspin         1
# kick mode    0
# kick strength    0.005000000000
# dim           3
# pol(1)           1.000000000000    0.000000000000    0.000000000000
# pol(2)           0.000000000000    1.000000000000    0.000000000000
# pol(3)           0.000000000000    0.000000000000    1.000000000000
# direction    1
# Equiv. axes  0
# wprime           0.000000000000    0.000000000000    1.000000000000
# kick time        0.000000000000
#%
# Number of time steps =    10000
# PropagationSpectrumDampMode   =    2
# PropagationSpectrumDampFactor =    -1.0000
# PropagationSpectrumStartTime  =     0.0000
# PropagationSpectrumEndTime    =   200.0000
# PropagationSpectrumMinEnergy  =     0.0000
# PropagationSpectrumMaxEnergy  =     0.7350
# PropagationSpectrumEnergyStep =     0.0004
#%
# Electronic sum rule       =         3.022711
# Static polarizability (from sum rule) =        11.025296 b
#%
#       Energy        sigma(1, nspin=1)   sigma(2, nspin=1)   sigma(3, nspin=1)   StrengthFunction(1)
#        [H]                [b^2]               [b^2]               [b^2]               [1/H]        
      0.00000000E+00     -0.00000000E+00     -0.00000000E+00     -0.00000000E+00     -0.00000000E+00
      0.36749325E-03      0.12788589E-06     -0.78309285E-16     -0.17330203E-15      0.88782541E-06
      0.73498651E-03      0.51125061E-06     -0.31303108E-15     -0.69279976E-15      0.35492678E-05
      0.11024798E-02      0.11492161E-05     -0.70354784E-15     -0.15572695E-14      0.79782315E-05
      0.14699730E-02      0.20403217E-05     -0.12488325E-14     -0.27646760E-14      0.14164576E-04
      0.18374663E-02      0.31825284E-05     -0.19474516E-14     -0.43121791E-14      0.22094146E-04
      0.22049595E-02      0.45732242E-05     -0.27975698E-14     -0.61961431E-14      0.31748808E-04
      0.25724528E-02      0.62092323E-05     -0.37969557E-14     -0.84121477E-14      0.43106508E-04
      0.29399460E-02      0.80868193E-05     -0.49429885E-14     -0.10955003E-13      0.56141326E-04
      0.33074393E-02      0.10201706E-04     -0.62326667E-14     -0.13818765E-13      0.70823557E-04
      0.36749325E-02      0.12549080E-04     -0.76626166E-14     -0.16996757E-13      0.87119790E-04
      0.40424258E-02      0.15123608E-04     -0.92291038E-14     -0.20481588E-13      0.10499300E-03
      0.44099190E-02      0.17919454E-04     -0.10928044E-13     -0.24265176E-13      0.12440267E-03
      0.47774123E-02      0.20930290E-04     -0.12755016E-13     -0.28338777E-13      0.14530487E-03
      0.51449056E-02      0.24149319E-04     -0.14705275E-13     -0.32693011E-13      0.16765242E-03
      0.55123988E-02      0.27569293E-04     -0.16773768E-13     -0.37317890E-13      0.19139499E-03
      0.58798921E-02      0.31182533E-04     -0.18955149E-13     -0.42202852E-13      0.21647927E-03
      0.62473853E-02      0.34980947E-04     -0.21243795E-13     -0.47336792E-13      0.24284910E-03
      0.66148786E-02      0.38956058E-04     -0.23633826E-13     -0.52708099E-13      0.27044561E-03
      0.69823718E-02      0.43099026E-04     -0.26119117E-13     -0.58304689E-13      0.29920744E-03
      0.73498651E-02      0.47400669E-04     -0.28693324E-13     -0.64114048E-13      0.32907084E-03
      0.77173583E-02      0.51851493E-04     -0.31349898E-13     -0.70123262E-13      0.35996991E-03
      0.80848516E-02      0.56441717E-04     -0.34082109E-13     -0.76319067E-13      0.39183673E-03
      0.84523448E-02      0.61161297E-04     -0.36883063E-13     -0.82687882E-13      0.42460159E-03
      0.88198381E-02      0.65999956E-04     -0.39745725E-13     -0.89215851E-13      0.45819314E-03
      0.91873313E-02      0.70947214E-04     -0.42662938E-13     -0.95888890E-13      0.49253861E-03
      0.95548246E-02      0.75992412E-04     -0.45627450E-13     -0.10269272E-12      0.52756401E-03
      0.99223179E-02      0.81124743E-04     -0.48631929E-13     -0.10961293E-12      0.56319432E-03
      0.10289811E-01      0.86333283E-04     -0.51668988E-13     -0.11663499E-12      0.59935369E-03
      0.10657304E-01      0.91607015E-04     -0.54731210E-13     -0.12374430E-12      0.63596566E-03
      0.11024798E-01      0.96934865E-04     -0.57811164E-13     -0.13092627E-12      0.67295332E-03
      0.11392291E-01      0.10230573E-03     -0.60901431E-13     -0.13816632E-12      0.71023959E-03
      0.11759784E-01      0.10770849E-03     -0.63994626E-13     -0.14544992E-12      0.74774733E-03
      0.12127277E-01      0.11313208E-03     -0.67083416E-13     -0.15276266E-12      0.78539963E-03
      0.12494771E-01      0.11856546E-03     -0.70160546E-13     -0.16009028E-12      0.82311995E-03
      0.12862264E-01      0.12399770E-03     -0.73218857E-13     -0.16741870E-12      0.86083234E-03
      0.13229757E-01      0.12941798E-03     -0.76251306E-13     -0.17473404E-12      0.89846163E-03
      0.13597250E-01      0.13481559E-03     -0.79250990E-13     -0.18202273E-12      0.93593362E-03
      0.13964744E-01      0.14018003E-03     -0.82211160E-13     -0.18927143E-12      0.97317527E-03
      0.14332237E-01      0.14550095E-03     -0.85125244E-13     -0.19646719E-12      0.10101149E-02
      0.14699730E-01      0.15076827E-03     -0.87986864E-13     -0.20359739E-12      0.10466823E-02
      0.15067223E-01      0.15597209E-03     -0.90789853E-13     -0.21064980E-12      0.10828090E-02
      0.15434717E-01      0.16110284E-03     -0.93528272E-13     -0.21761262E-12      0.11184282E-02
      0.15802210E-01      0.16615119E-03     -0.96196427E-13     -0.22447449E-12      0.11534755E-02
      0.16169703E-01      0.17110815E-03     -0.98788882E-13     -0.23122454E-12      0.11878883E-02
      0.16537196E-01      0.17596504E-03     -0.10130047E-12     -0.23785238E-12      0.12216064E-02
      0.16904690E-01      0.18071355E-03     -0.10372632E-12     -0.24434814E-12      0.12545721E-02
      0.17272183E-01      0.18534573E-03     -0.10606186E-12     -0.25070249E-12      0.12867302E-02
      0.17639676E-01      0.18985401E-03     -0.10830280E-12     -0.25690664E-12      0.13180282E-02
      0.18007169E-01      0.19423124E-03     -0.11044521E-12     -0.26295239E-12      0.13484164E-02
      0.18374663E-01      0.19847067E-03     -0.11248546E-12     -0.26883211E-12      0.13778479E-02
      0.18742156E-01      0.20256598E-03     -0.11442026E-12     -0.27453874E-12      0.14062788E-02
      0.19109649E-01      0.20651130E-03     -0.11624668E-12     -0.28006584E-12      0.14336686E-02
      0.19477142E-01      0.21030121E-03     -0.11796212E-12     -0.28540756E-12      0.14599793E-02
      0.19844636E-01      0.21393074E-03     -0.11956433E-12     -0.29055866E-12      0.14851767E-02
      0.20212129E-01      0.21739539E-03     -0.12105143E-12     -0.29551450E-12      0.15092294E-02
      0.20579622E-01      0.22069114E-03     -0.12242189E-12     -0.30027104E-12      0.15321096E-02
      0.20947115E-01      0.22381445E-03     -0.12367454E-12     -0.30482484E-12      0.15537926E-02
      0.21314609E-01      0.22676225E-03     -0.12480858E-12     -0.30917307E-12      0.15742572E-02
      0.21682102E-01      0.22953196E-03     -0.12582354E-12     -0.31331347E-12      0.15934854E-02
      0.22049595E-01      0.23212147E-03     -0.12671932E-12     -0.31724435E-12      0.16114627E-02
      0.22417088E-01      0.23452918E-03     -0.12749619E-12     -0.32096459E-12      0.16281778E-02
      0.22784582E-01      0.23675395E-03     -0.12815474E-12     -0.32447362E-12      0.16436228E-02
      0.23152075E-01      0.23879511E-03     -0.12869589E-12     -0.32777139E-12      0.16577932E-02
      0.23519568E-01      0.24065247E-03     -0.12912094E-12     -0.33085839E-12      0.16706876E-02
      0.23887062E-01      0.24232630E-03     -0.12943147E-12     -0.33373557E-12      0.16823079E-02
      0.24254555E-01      0.24381732E-03     -0.12962940E-12     -0.33640438E-12      0.16926591E-02
      0.24622048E-01      0.24512672E-03     -0.12971696E-12     -0.33886672E-12      0.17017494E-02
      0.24989541E-01      0.24625611E-03     -0.12969665E-12     -0.34112491E-12      0.17095899E-02
      0.25357035E-01      0.24720751E-03     -0.12957129E-12     -0.34318167E-12      0.17161948E-02
      0.25724528E-01      0.24798337E-03     -0.12934396E-12     -0.34504010E-12      0.17215811E-02
      0.26092021E-01      0.24858655E-03     -0.12901798E-12     -0.34670366E-12      0.17257686E-02
      0.26459514E-01      0.24902028E-03     -0.12859696E-12     -0.34817612E-12      0.17287797E-02
      0.26827008E-01      0.24928815E-03     -0.12808469E-12     -0.34946155E-12      0.17306393E-02
      0.27194501E-01      0.24939413E-03     -0.12748523E-12     -0.35056428E-12      0.17313751E-02
      0.27561994E-01      0.24934250E-03     -0.12680280E-12     -0.35148889E-12      0.17310166E-02
      0.27929487E-01      0.24913788E-03     -0.12604183E-12     -0.35224014E-12      0.17295961E-02
      0.28296981E-01      0.24878518E-03     -0.12520691E-12     -0.35282299E-12      0.17271476E-02
      0.28664474E-01      0.24828959E-03     -0.12430279E-12     -0.35324253E-12      0.17237070E-02
      0.29031967E-01      0.24765657E-03     -0.12333435E-12     -0.35350399E-12      0.17193124E-02
      0.29399460E-01      0.24689182E-03     -0.12230659E-12     -0.35361265E-12      0.17140032E-02
      0.29766954E-01      0.24600125E-03     -0.12122462E-12     -0.35357389E-12      0.17078206E-02
      0.30134447E-01      0.24499098E-03     -0.12009363E-12     -0.35339308E-12      0.17008070E-02
      0.30501940E-01      0.24386733E-03     -0.11891887E-12     -0.35307562E-12      0.16930062E-02
      0.30869433E-01      0.24263674E-03     -0.11770566E-12     -0.35262688E-12      0.16844631E-02
      0.31236927E-01      0.24130583E-03     -0.11645932E-12     -0.35205215E-12      0.16752234E-02
      0.31604420E-01      0.23988130E-03     -0.11518522E-12     -0.35135668E-12      0.16653339E-02
      0.31971913E-01      0.23836997E-03     -0.11388871E-12     -0.35054560E-12      0.16548418E-02
      0.32339406E-01      0.23677874E-03     -0.11257512E-12     -0.34962391E-12      0.16437949E-02
      0.32706900E-01      0.23511455E-03     -0.11124975E-12     -0.34859648E-12      0.16322416E-02
      0.33074393E-01      0.23338437E-03     -0.10991786E-12     -0.34746800E-12      0.16202301E-02
      0.33441886E-01      0.23159521E-03     -0.10858462E-12     -0.34624297E-12      0.16078092E-02
      0.33809379E-01      0.22975404E-03     -0.10725513E-12     -0.34492570E-12      0.15950272E-02
      0.34176873E-01      0.22786784E-03     -0.10593440E-12     -0.34352027E-12      0.15819326E-02
      0.34544366E-01      0.22594352E-03     -0.10462732E-12     -0.34203052E-12      0.15685733E-02
      0.34911859E-01      0.22398795E-03     -0.10333865E-12     -0.34046006E-12      0.15549971E-02
      0.35279352E-01      0.22200789E-03     -0.10207304E-12     -0.33881222E-12      0.15412509E-02
      0.35646846E-01      0.22001003E-03     -0.10083495E-12     -0.33709009E-12      0.15273811E-02
      0.36014339E-01      0.21800094E-03     -0.99628715E-13     -0.33529646E-12      0.15134333E-02
      0.36381832E-01      0.21598705E-03     -0.98458470E-13     -0.33343386E-12      0.14994523E-02
      0.36749325E-01      0.21397466E-03     -0.97328182E-13     -0.33150451E-12      0.14854816E-02
      0.37116819E-01      0.21196991E-03     -0.96241621E-13     -0.32951036E-12      0.14715640E-02
      0.37484312E-01      0.20997876E-03     -0.95202359E-13     -0.32745308E-12      0.14577408E-02
      0.37851805E-01      0.20800699E-03     -0.94213756E-13     -0.32533405E-12      0.14440521E-02
      0.38219298E-01      0.20606018E-03     -0.93278960E-13     -0.32315434E-12      0.14305367E-02
      0.38586792E-01      0.20414371E-03     -0.92400894E-13     -0.32091479E-12      0.14172320E-02
      0.38954285E-01      0.20226276E-03     -0.91582256E-13     -0.31861593E-12      0.14041738E-02
      0.39321778E-01      0.20042224E-03     -0.90825511E-13     -0.31625805E-12      0.13913963E-02
      0.39689271E-01      0.19862688E-03     -0.90132889E-13     -0.31384118E-12      0.13789324E-02
      0.40056765E-01      0.19688114E-03     -0.89506383E-13     -0.31136510E-12      0.13668129E-02
      0.40424258E-01      0.19518924E-03     -0.88947745E-13     -0.30882937E-12      0.13550671E-02
      0.40791751E-01      0.19355516E-03     -0.88458487E-13     -0.30623335E-12      0.13437228E-02
      0.41159244E-01      0.19198261E-03     -0.88039880E-13     -0.30357616E-12      0.13328056E-02
      0.41526738E-01      0.19047505E-03     -0.87692952E-13     -0.30085678E-12      0.13223396E-02
      0.41894231E-01      0.18903568E-03     -0.87418495E-13     -0.29807400E-12      0.13123471E-02
      0.42261724E-01      0.18766746E-03     -0.87217062E-13     -0.29522646E-12      0.13028485E-02
      0.42629217E-01      0.18637306E-03     -0.87088972E-13     -0.29231269E-12      0.12938623E-02
      0.42996711E-01      0.18515491E-03     -0.87034313E-13     -0.28933110E-12      0.12854055E-02
      0.43364204E-01      0.18401517E-03     -0.87052947E-13     -0.28628002E-12      0.12774931E-02
      0.43731697E-01      0.18295576E-03     -0.87144515E-13     -0.28315771E-12      0.12701383E-02
      0.44099190E-01      0.18197834E-03     -0.87308443E-13     -0.27996239E-12      0.12633527E-02
      0.44466684E-01      0.18108431E-03     -0.87543946E-13     -0.27669226E-12      0.12571461E-02
      0.44834177E-01      0.18027485E-03     -0.87850037E-13     -0.27334552E-12      0.12515265E-02
      0.45201670E-01      0.17955088E-03     -0.88225535E-13     -0.26992040E-12      0.12465006E-02
      0.45569163E-01      0.17891312E-03     -0.88669071E-13     -0.26641518E-12      0.12420730E-02
      0.45936657E-01      0.17836203E-03     -0.89179097E-13     -0.26282818E-12      0.12382472E-02
      0.46304150E-01      0.17789788E-03     -0.89753895E-13     -0.25915786E-12      0.12350249E-02
      0.46671643E-01      0.17752072E-03     -0.90391587E-13     -0.25540276E-12      0.12324065E-02
      0.47039137E-01      0.17723040E-03     -0.91090143E-13     -0.25156157E-12      0.12303910E-02
      0.47406630E-01      0.17702659E-03     -0.91847392E-13     -0.24763313E-12      0.12289761E-02
      0.47774123E-01      0.17690875E-03     -0.92661030E-13     -0.24361645E-12      0.12281580E-02
      0.48141616E-01      0.17687621E-03     -0.93528635E-13     -0.23951077E-12      0.12279321E-02
      0.48509110E-01      0.17692810E-03     -0.94447673E-13     -0.23531551E-12      0.12282924E-02
      0.48876603E-01      0.17706343E-03     -0.95415510E-13     -0.23103032E-12      0.12292319E-02
      0.49244096E-01      0.17728105E-03     -0.96429424E-13     -0.22665514E-12      0.12307426E-02
      0.49611589E-01      0.17757968E-03     -0.97486612E-13     -0.22219013E-12      0.12328158E-02
      0.49979083E-01      0.17795794E-03     -0.98584208E-13     -0.21763576E-12      0.12354418E-02
      0.50346576E-01      0.17841432E-03     -0.99719287E-13     -0.21299278E-12      0.12386102E-02
      0.50714069E-01      0.17894722E-03     -0.10088888E-12     -0.20826223E-12      0.12423098E-02
      0.51081562E-01      0.17955498E-03     -0.10208997E-12     -0.20344548E-12      0.12465290E-02
      0.51449056E-01      0.18023581E-03     -0.10331954E-12     -0.19854424E-12      0.12512556E-02
      0.51816549E-01      0.18098792E-03     -0.10457454E-12     -0.19356050E-12      0.12564769E-02
      0.52184042E-01      0.18180942E-03     -0.10585192E-12     -0.18849664E-12      0.12621800E-02
      0.52551535E-01      0.18269839E-03     -0.10714864E-12     -0.18335535E-12      0.12683516E-02
      0.52919029E-01      0.18365289E-03     -0.10846166E-12     -0.17813965E-12      0.12749780E-02
      0.53286522E-01      0.18467094E-03     -0.10978799E-12     -0.17285293E-12      0.12820456E-02
      0.53654015E-01      0.18575055E-03     -0.11112465E-12     -0.16749890E-12      0.12895407E-02
      0.54021508E-01      0.18688974E-03     -0.11246871E-12     -0.16208164E-12      0.12974493E-02
      0.54389002E-01      0.18808651E-03     -0.11381730E-12     -0.15660551E-12      0.13057577E-02
      0.54756495E-01      0.18933890E-03     -0.11516758E-12     -0.15107526E-12      0.13144521E-02
      0.55123988E-01      0.19064494E-03     -0.11651682E-12     -0.14549591E-12      0.13235191E-02
      0.55491481E-01      0.19200271E-03     -0.11786231E-12     -0.13987283E-12      0.13329452E-02
      0.55858975E-01      0.19341032E-03     -0.11920147E-12     -0.13421167E-12      0.13427173E-02
      0.56226468E-01      0.19486591E-03     -0.12053176E-12     -0.12851837E-12      0.13528224E-02
      0.56593961E-01      0.19636767E-03     -0.12185076E-12     -0.12279916E-12      0.13632481E-02
      0.56961454E-01      0.19791385E-03     -0.12315614E-12     -0.11706052E-12      0.13739822E-02
      0.57328948E-01      0.19950273E-03     -0.12444565E-12     -0.11130917E-12      0.13850128E-02
      0.57696441E-01      0.20113269E-03     -0.12571717E-12     -0.10555207E-12      0.13963285E-02
      0.58063934E-01      0.20280213E-03     -0.12696868E-12     -0.99796378E-13      0.14079183E-02
      0.58431427E-01      0.20450954E-03     -0.12819827E-12     -0.94049440E-13      0.14197716E-02
      0.58798921E-01      0.20625346E-03     -0.12940412E-12     -0.88318773E-13      0.14318785E-02
      0.59166414E-01      0.20803250E-03     -0.13058458E-12     -0.82612037E-13      0.14442292E-02
      0.59533907E-01      0.20984535E-03     -0.13173805E-12     -0.76937012E-13      0.14568146E-02
      0.59901400E-01      0.21169075E-03     -0.13286310E-12     -0.71301580E-13      0.14696259E-02
      0.60268894E-01      0.21356751E-03     -0.13395840E-12     -0.65713693E-13      0.14826550E-02
      0.60636387E-01      0.21547452E-03     -0.13502274E-12     -0.60181353E-13      0.14958941E-02
      0.61003880E-01      0.21741071E-03     -0.13605502E-12     -0.54712587E-13      0.15093358E-02
      0.61371373E-01      0.21937509E-03     -0.13705427E-12     -0.49315417E-13      0.15229731E-02
      0.61738867E-01      0.22136671E-03     -0.13801963E-12     -0.43997839E-13      0.15367996E-02
      0.62106360E-01      0.22338469E-03     -0.13895036E-12     -0.38767792E-13      0.15508091E-02
      0.62473853E-01      0.22542819E-03     -0.13984583E-12     -0.33633135E-13      0.15649957E-02
      0.62841346E-01      0.22749640E-03     -0.14070552E-12     -0.28601621E-13      0.15793539E-02
      0.63208840E-01      0.22958858E-03     -0.14152902E-12     -0.23680869E-13      0.15938785E-02
      0.63576333E-01      0.23170401E-03     -0.14231603E-12     -0.18878339E-13      0.16085645E-02
      0.63943826E-01      0.23384198E-03     -0.14306635E-12     -0.14201308E-13      0.16234070E-02
      0.64311319E-01      0.23600183E-03     -0.14377988E-12     -0.96568410E-14      0.16384014E-02
      0.64678813E-01      0.23818290E-03     -0.14445660E-12     -0.52517735E-14      0.16535431E-02
      0.65046306E-01      0.24038454E-03     -0.14509660E-12     -0.99268217E-15      0.16688276E-02
      0.65413799E-01      0.24260611E-03     -0.14570006E-12      0.31141353E-14      0.16842504E-02
      0.65781292E-01      0.24484695E-03     -0.14626723E-12      0.70626828E-14      0.16998070E-02
      0.66148786E-01      0.24710638E-03     -0.14679843E-12      0.10847286E-13      0.17154928E-02
      0.66516279E-01      0.24938373E-03     -0.14729408E-12      0.14462613E-13      0.17313029E-02
      0.66883772E-01      0.25167828E-03     -0.14775465E-12      0.17903693E-13      0.17472324E-02
      0.67251265E-01      0.25398928E-03     -0.14818067E-12      0.21165933E-13      0.17632761E-02
      0.67618759E-01      0.25631592E-03     -0.14857275E-12      0.24245134E-13      0.17794284E-02
      0.67986252E-01      0.25865737E-03     -0.14893155E-12      0.27137506E-13      0.17956835E-02
      0.68353745E-01      0.26101273E-03     -0.14925775E-12      0.29839682E-13      0.18120351E-02
      0.68721238E-01      0.26338101E-03     -0.14955211E-12      0.32348729E-13      0.18284765E-02
      0.69088732E-01      0.26576119E-03     -0.14981541E-12      0.34662160E-13      0.18450005E-02
      0.69456225E-01      0.26815215E-03     -0.15004848E-12      0.36777941E-13      0.18615993E-02
      0.69823718E-01      0.27055269E-03     -0.15025216E-12      0.38694497E-13      0.18782646E-02
      0.70191212E-01      0.27296151E-03     -0.15042734E-12      0.40410723E-13      0.18949875E-02
      0.70558705E-01      0.27537724E-03     -0.15057491E-12      0.41925981E-13      0.19117583E-02
      0.70926198E-01      0.27779840E-03     -0.15069579E-12      0.43240110E-13      0.19285667E-02
      0.71293691E-01      0.28022338E-03     -0.15079090E-12      0.44353418E-13      0.19454017E-02
      0.71661185E-01      0.28265051E-03     -0.15086119E-12      0.45266688E-13      0.19622516E-02
      0.72028678E-01      0.28507797E-03     -0.15090758E-12      0.45981173E-13      0.19791039E-02
      0.72396171E-01      0.28750385E-03     -0.15093103E-12      0.46498592E-13      0.19959451E-02
      0.72763664E-01      0.28992611E-03     -0.15093246E-12      0.46821122E-13      0.20127612E-02
      0.73131158E-01      0.29234261E-03     -0.15091283E-12      0.46951394E-13      0.20295373E-02
      0.73498651E-01      0.29475107E-03     -0.15087304E-12      0.46892481E-13      0.20462577E-02
      0.73866144E-01      0.29714912E-03     -0.15081401E-12      0.46647890E-13      0.20629057E-02
      0.74233637E-01      0.29953425E-03     -0.15073663E-12      0.46221547E-13      0.20794641E-02
      0.74601131E-01      0.30190385E-03     -0.15064179E-12      0.45617787E-13      0.20959146E-02
      0.74968624E-01      0.30425520E-03     -0.15053034E-12      0.44841336E-13      0.21122384E-02
      0.75336117E-01      0.30658546E-03     -0.15040313E-12      0.43897297E-13      0.21284159E-02
      0.75703610E-01      0.30889170E-03     -0.15026097E-12      0.42791131E-13      0.21444265E-02
      0.76071104E-01      0.31117086E-03     -0.15010465E-12      0.41528640E-13      0.21602492E-02
      0.76438597E-01      0.31341982E-03     -0.14993494E-12      0.40115946E-13      0.21758622E-02
      0.76806090E-01      0.31563536E-03     -0.14975257E-12      0.38559474E-13      0.21912432E-02
      0.77173583E-01      0.31781416E-03     -0.14955826E-12      0.36865923E-13      0.22063692E-02
      0.77541077E-01      0.31995285E-03     -0.14935269E-12      0.35042251E-13      0.22212166E-02
      0.77908570E-01      0.32204799E-03     -0.14913651E-12      0.33095648E-13      0.22357617E-02
      0.78276063E-01      0.32409605E-03     -0.14891035E-12      0.31033515E-13      0.22499801E-02
      0.78643556E-01      0.32609351E-03     -0.14867480E-12      0.28863436E-13      0.22638471E-02
      0.79011050E-01      0.32803676E-03     -0.14843043E-12      0.26593156E-13      0.22773378E-02
      0.79378543E-01      0.32992220E-03     -0.14817778E-12      0.24230554E-13      0.22904271E-02
      0.79746036E-01      0.33174619E-03     -0.14791736E-12      0.21783619E-13      0.23030898E-02
      0.80113529E-01      0.33350509E-03     -0.14764965E-12      0.19260425E-13      0.23153007E-02
      0.80481023E-01      0.33519530E-03     -0.14737511E-12      0.16669102E-13      0.23270347E-02
      0.80848516E-01      0.33681320E-03     -0.14709417E-12      0.14017815E-13      0.23382667E-02
      0.81216009E-01      0.33835523E-03     -0.14680725E-12      0.11314734E-13      0.23489719E-02
      0.81583502E-01      0.33981787E-03     -0.14651472E-12      0.85680112E-14      0.23591261E-02
      0.81950996E-01      0.34119768E-03     -0.14621694E-12      0.57857569E-14      0.23687051E-02
      0.82318489E-01      0.34249126E-03     -0.14591426E-12      0.29760122E-14      0.23776856E-02
      0.82685982E-01      0.34369533E-03     -0.14560700E-12      0.14672677E-15      0.23860446E-02
      0.83053475E-01      0.34480671E-03     -0.14529547E-12     -0.26942650E-14      0.23937602E-02
      0.83420969E-01      0.34582234E-03     -0.14497995E-12     -0.55392669E-14      0.24008111E-02
      0.83788462E-01      0.34673929E-03     -0.14466072E-12     -0.83807429E-14      0.24071768E-02
      0.84155955E-01      0.34755478E-03     -0.14433804E-12     -0.11211338E-13      0.24128382E-02
      0.84523448E-01      0.34826618E-03     -0.14401215E-12     -0.14023900E-13      0.24177770E-02
      0.84890942E-01      0.34887106E-03     -0.14368331E-12     -0.16811497E-13      0.24219762E-02
      0.85258435E-01      0.34936715E-03     -0.14335173E-12     -0.19567436E-13      0.24254202E-02
      0.85625928E-01      0.34975240E-03     -0.14301765E-12     -0.22285280E-13      0.24280948E-02
      0.85993421E-01      0.35002497E-03     -0.14268128E-12     -0.24958868E-13      0.24299870E-02
      0.86360915E-01      0.35018325E-03     -0.14234284E-12     -0.27582322E-13      0.24310858E-02
      0.86728408E-01      0.35022585E-03     -0.14200254E-12     -0.30150067E-13      0.24313816E-02
      0.87095901E-01      0.35015166E-03     -0.14166059E-12     -0.32656843E-13      0.24308666E-02
      0.87463394E-01      0.34995981E-03     -0.14131720E-12     -0.35097712E-13      0.24295347E-02
      0.87830888E-01      0.34964969E-03     -0.14097259E-12     -0.37468071E-13      0.24273817E-02
      0.88198381E-01      0.34922098E-03     -0.14062695E-12     -0.39763659E-13      0.24244055E-02
      0.88565874E-01      0.34867365E-03     -0.14028052E-12     -0.41980564E-13      0.24206057E-02
      0.88933367E-01      0.34800795E-03     -0.13993351E-12     -0.44115230E-13      0.24159842E-02
      0.89300861E-01      0.34722443E-03     -0.13958614E-12     -0.46164459E-13      0.24105448E-02
      0.89668354E-01      0.34632395E-03     -0.13923865E-12     -0.48125416E-13      0.24042933E-02
      0.90035847E-01      0.34530766E-03     -0.13889126E-12     -0.49995626E-13      0.23972379E-02
      0.90403340E-01      0.34417704E-03     -0.13854422E-12     -0.51772980E-13      0.23893888E-02
      0.90770834E-01      0.34293387E-03     -0.13819778E-12     -0.53455730E-13      0.23807583E-02
      0.91138327E-01      0.34158024E-03     -0.13785218E-12     -0.55042487E-13      0.23713610E-02
      0.91505820E-01      0.34011856E-03     -0.13750768E-12     -0.56532217E-13      0.23612135E-02
      0.91873313E-01      0.33855153E-03     -0.13716455E-12     -0.57924236E-13      0.23503347E-02
      0.92240807E-01      0.33688218E-03     -0.13682306E-12     -0.59218202E-13      0.23387456E-02
      0.92608300E-01      0.33511383E-03     -0.13648349E-12     -0.60414111E-13      0.23264690E-02
      0.92975793E-01      0.33325008E-03     -0.13614611E-12     -0.61512286E-13      0.23135303E-02
      0.93343287E-01      0.33129485E-03     -0.13581122E-12     -0.62513365E-13      0.22999564E-02
      0.93710780E-01      0.32925231E-03     -0.13547909E-12     -0.63418295E-13      0.22857765E-02
      0.94078273E-01      0.32712693E-03     -0.13515004E-12     -0.64228315E-13      0.22710214E-02
      0.94445766E-01      0.32492343E-03     -0.13482434E-12     -0.64944948E-13      0.22557240E-02
      0.94813260E-01      0.32264678E-03     -0.13450231E-12     -0.65569985E-13      0.22399187E-02
      0.95180753E-01      0.32030218E-03     -0.13418423E-12     -0.66105470E-13      0.22236417E-02
      0.95548246E-01      0.31789506E-03     -0.13387041E-12     -0.66553687E-13      0.22069307E-02
      0.95915739E-01      0.31543106E-03     -0.13356115E-12     -0.66917142E-13      0.21898249E-02
      0.96283233E-01      0.31291602E-03     -0.13325674E-12     -0.67198551E-13      0.21723647E-02
      0.96650726E-01      0.31035595E-03     -0.13295747E-12     -0.67400818E-13      0.21545918E-02
      0.97018219E-01      0.30775701E-03     -0.13266363E-12     -0.67527023E-13      0.21365491E-02
      0.97385712E-01      0.30512551E-03     -0.13237550E-12     -0.67580400E-13      0.21182804E-02
      0.97753206E-01      0.30246789E-03     -0.13209335E-12     -0.67564324E-13      0.20998303E-02
      0.98120699E-01      0.29979066E-03     -0.13181746E-12     -0.67482290E-13      0.20812442E-02
      0.98488192E-01      0.29710046E-03     -0.13154808E-12     -0.67337895E-13      0.20625679E-02
      0.98855685E-01      0.29440393E-03     -0.13128545E-12     -0.67134826E-13      0.20438477E-02
      0.99223179E-01      0.29170779E-03     -0.13102982E-12     -0.66876833E-13      0.20251302E-02
      0.99590672E-01      0.28901876E-03     -0.13078140E-12     -0.66567718E-13      0.20064621E-02
      0.99958165E-01      0.28634356E-03     -0.13054040E-12     -0.66211317E-13      0.19878900E-02
      0.10032566E+00      0.28368887E-03     -0.13030702E-12     -0.65811482E-13      0.19694603E-02
      0.10069315E+00      0.28106133E-03     -0.13008143E-12     -0.65372061E-13      0.19512190E-02
      0.10106064E+00      0.27846748E-03     -0.12986380E-12     -0.64896889E-13      0.19332117E-02
      0.10142814E+00      0.27591379E-03     -0.12965427E-12     -0.64389766E-13      0.19154832E-02
      0.10179563E+00      0.27340659E-03     -0.12945297E-12     -0.63854443E-13      0.18980774E-02
      0.10216312E+00      0.27095209E-03     -0.12925999E-12     -0.63294611E-13      0.18810374E-02
      0.10253062E+00      0.26855630E-03     -0.12907543E-12     -0.62713881E-13      0.18644051E-02
      0.10289811E+00      0.26622507E-03     -0.12889936E-12     -0.62115776E-13      0.18482209E-02
      0.10326560E+00      0.26396404E-03     -0.12873181E-12     -0.61503716E-13      0.18325241E-02
      0.10363310E+00      0.26177861E-03     -0.12857282E-12     -0.60881007E-13      0.18173521E-02
      0.10400059E+00      0.25967393E-03     -0.12842239E-12     -0.60250827E-13      0.18027408E-02
      0.10436808E+00      0.25765491E-03     -0.12828050E-12     -0.59616223E-13      0.17887241E-02
      0.10473558E+00      0.25572614E-03     -0.12814711E-12     -0.58980094E-13      0.17753339E-02
      0.10510307E+00      0.25389193E-03     -0.12802216E-12     -0.58345188E-13      0.17626002E-02
      0.10547056E+00      0.25215626E-03     -0.12790557E-12     -0.57714090E-13      0.17505507E-02
      0.10583806E+00      0.25052280E-03     -0.12779723E-12     -0.57089222E-13      0.17392106E-02
      0.10620555E+00      0.24899484E-03     -0.12769704E-12     -0.56472832E-13      0.17286031E-02
      0.10657304E+00      0.24757534E-03     -0.12760483E-12     -0.55866991E-13      0.17187484E-02
      0.10694054E+00      0.24626688E-03     -0.12752046E-12     -0.55273591E-13      0.17096647E-02
      0.10730803E+00      0.24507165E-03     -0.12744373E-12     -0.54694340E-13      0.17013670E-02
      0.10767552E+00      0.24399148E-03     -0.12737446E-12     -0.54130763E-13      0.16938681E-02
      0.10804302E+00      0.24302778E-03     -0.12731243E-12     -0.53584199E-13      0.16871778E-02
      0.10841051E+00      0.24218158E-03     -0.12725741E-12     -0.53055802E-13      0.16813032E-02
      0.10877800E+00      0.24145349E-03     -0.12720915E-12     -0.52546543E-13      0.16762486E-02
      0.10914550E+00      0.24084373E-03     -0.12716740E-12     -0.52057211E-13      0.16720154E-02
      0.10951299E+00      0.24035212E-03     -0.12713188E-12     -0.51588417E-13      0.16686025E-02
      0.10988048E+00      0.23997805E-03     -0.12710232E-12     -0.51140595E-13      0.16660056E-02
      0.11024798E+00      0.23972055E-03     -0.12707841E-12     -0.50714009E-13      0.16642179E-02
      0.11061547E+00      0.23957821E-03     -0.12705986E-12     -0.50308759E-13      0.16632298E-02
      0.11098296E+00      0.23954928E-03     -0.12704636E-12     -0.49924784E-13      0.16630289E-02
      0.11135046E+00      0.23963159E-03     -0.12703760E-12     -0.49561870E-13      0.16636003E-02
      0.11171795E+00      0.23982261E-03     -0.12703327E-12     -0.49219657E-13      0.16649264E-02
      0.11208544E+00      0.24011945E-03     -0.12703303E-12     -0.48897649E-13      0.16669872E-02
      0.11245294E+00      0.24051888E-03     -0.12703658E-12     -0.48595218E-13      0.16697602E-02
      0.11282043E+00      0.24101733E-03     -0.12704359E-12     -0.48311616E-13      0.16732206E-02
      0.11318792E+00      0.24161089E-03     -0.12705374E-12     -0.48045984E-13      0.16773413E-02
      0.11355542E+00      0.24229539E-03     -0.12706672E-12     -0.47797360E-13      0.16820933E-02
      0.11392291E+00      0.24306634E-03     -0.12708223E-12     -0.47564689E-13      0.16874455E-02
      0.11429040E+00      0.24391900E-03     -0.12709995E-12     -0.47346835E-13      0.16933649E-02
      0.11465790E+00      0.24484837E-03     -0.12711959E-12     -0.47142590E-13      0.16998169E-02
      0.11502539E+00      0.24584926E-03     -0.12714087E-12     -0.46950685E-13      0.17067654E-02
      0.11539288E+00      0.24691623E-03     -0.12716352E-12     -0.46769798E-13      0.17141727E-02
      0.11576038E+00      0.24804370E-03     -0.12718726E-12     -0.46598569E-13      0.17219999E-02
      0.11612787E+00      0.24922592E-03     -0.12721185E-12     -0.46435608E-13      0.17302073E-02
      0.11649536E+00      0.25045700E-03     -0.12723706E-12     -0.46279504E-13      0.17387538E-02
      0.11686285E+00      0.25173096E-03     -0.12726267E-12     -0.46128839E-13      0.17475981E-02
      0.11723035E+00      0.25304174E-03     -0.12728846E-12     -0.45982195E-13      0.17566980E-02
      0.11759784E+00      0.25438321E-03     -0.12731426E-12     -0.45838167E-13      0.17660109E-02
      0.11796533E+00      0.25574921E-03     -0.12733989E-12     -0.45695368E-13      0.17754941E-02
      0.11833283E+00      0.25713359E-03     -0.12736521E-12     -0.45552444E-13      0.17851049E-02
      0.11870032E+00      0.25853022E-03     -0.12739008E-12     -0.45408078E-13      0.17948008E-02
      0.11906781E+00      0.25993300E-03     -0.12741439E-12     -0.45261003E-13      0.18045393E-02
      0.11943531E+00      0.26133592E-03     -0.12743805E-12     -0.45110006E-13      0.18142789E-02
      0.11980280E+00      0.26273307E-03     -0.12746098E-12     -0.44953938E-13      0.18239783E-02
      0.12017029E+00      0.26411863E-03     -0.12748315E-12     -0.44791721E-13      0.18335973E-02
      0.12053779E+00      0.26548695E-03     -0.12750450E-12     -0.44622354E-13      0.18430967E-02
      0.12090528E+00      0.26683256E-03     -0.12752504E-12     -0.44444921E-13      0.18524383E-02
      0.12127277E+00      0.26815014E-03     -0.12754478E-12     -0.44258592E-13      0.18615854E-02
      0.12164027E+00      0.26943461E-03     -0.12756374E-12     -0.44062632E-13      0.18705026E-02
      0.12200776E+00      0.27068111E-03     -0.12758196E-12     -0.43856405E-13      0.18791562E-02
      0.12237525E+00      0.27188503E-03     -0.12759952E-12     -0.43639375E-13      0.18875142E-02
      0.12274275E+00      0.27304201E-03     -0.12761651E-12     -0.43411110E-13      0.18955463E-02
      0.12311024E+00      0.27414799E-03     -0.12763301E-12     -0.43171287E-13      0.19032244E-02
      0.12347773E+00      0.27519919E-03     -0.12764916E-12     -0.42919689E-13      0.19105222E-02
      0.12384523E+00      0.27619215E-03     -0.12766508E-12     -0.42656209E-13      0.19174156E-02
      0.12421272E+00      0.27712372E-03     -0.12768092E-12     -0.42380850E-13      0.19238829E-02
      0.12458021E+00      0.27799109E-03     -0.12769685E-12     -0.42093724E-13      0.19299045E-02
      0.12494771E+00      0.27879177E-03     -0.12771303E-12     -0.41795052E-13      0.19354630E-02
      0.12531520E+00      0.27952362E-03     -0.12772965E-12     -0.41485162E-13      0.19405438E-02
      0.12568269E+00      0.28018484E-03     -0.12774691E-12     -0.41164484E-13      0.19451342E-02
      0.12605019E+00      0.28077400E-03     -0.12776500E-12     -0.40833554E-13      0.19492243E-02
      0.12641768E+00      0.28129000E-03     -0.12778413E-12     -0.40493004E-13      0.19528065E-02
      0.12678517E+00      0.28173209E-03     -0.12780452E-12     -0.40143560E-13      0.19558757E-02
      0.12715267E+00      0.28209987E-03     -0.12782638E-12     -0.39786041E-13      0.19584290E-02
      0.12752016E+00      0.28239329E-03     -0.12784992E-12     -0.39421350E-13      0.19604660E-02
      0.12788765E+00      0.28261263E-03     -0.12787538E-12     -0.39050470E-13      0.19619887E-02
      0.12825515E+00      0.28275848E-03     -0.12790296E-12     -0.38674459E-13      0.19630012E-02
      0.12862264E+00      0.28283177E-03     -0.12793287E-12     -0.38294444E-13      0.19635101E-02
      0.12899013E+00      0.28283374E-03     -0.12796534E-12     -0.37911613E-13      0.19635237E-02
      0.12935763E+00      0.28276588E-03     -0.12800055E-12     -0.37527210E-13      0.19630526E-02
      0.12972512E+00      0.28263002E-03     -0.12803872E-12     -0.37142526E-13      0.19621094E-02
      0.13009261E+00      0.28242820E-03     -0.12808001E-12     -0.36758895E-13      0.19607083E-02
      0.13046011E+00      0.28216274E-03     -0.12812461E-12     -0.36377683E-13      0.19588654E-02
      0.13082760E+00      0.28183617E-03     -0.12817269E-12     -0.36000283E-13      0.19565982E-02
      0.13119509E+00      0.28145122E-03     -0.12822438E-12     -0.35628107E-13      0.19539258E-02
      0.13156258E+00      0.28101083E-03     -0.12827983E-12     -0.35262575E-13      0.19508685E-02
      0.13193008E+00      0.28051809E-03     -0.12833916E-12     -0.34905113E-13      0.19474477E-02
      0.13229757E+00      0.27997623E-03     -0.12840246E-12     -0.34557140E-13      0.19436859E-02
      0.13266506E+00      0.27938860E-03     -0.12846982E-12     -0.34220063E-13      0.19396064E-02
      0.13303256E+00      0.27875866E-03     -0.12854130E-12     -0.33895271E-13      0.19352332E-02
      0.13340005E+00      0.27808993E-03     -0.12861694E-12     -0.33584122E-13      0.19305906E-02
      0.13376754E+00      0.27738598E-03     -0.12869677E-12     -0.33287942E-13      0.19257036E-02
      0.13413504E+00      0.27665040E-03     -0.12878078E-12     -0.33008014E-13      0.19205969E-02
      0.13450253E+00      0.27588678E-03     -0.12886895E-12     -0.32745573E-13      0.19152957E-02
      0.13487002E+00      0.27509871E-03     -0.12896124E-12     -0.32501799E-13      0.19098246E-02
      0.13523752E+00      0.27428968E-03     -0.12905756E-12     -0.32277810E-13      0.19042081E-02
      0.13560501E+00      0.27346316E-03     -0.12915784E-12     -0.32074658E-13      0.18984701E-02
      0.13597250E+00      0.27262250E-03     -0.12926194E-12     -0.31893322E-13      0.18926340E-02
      0.13634000E+00      0.27177093E-03     -0.12936973E-12     -0.31734702E-13      0.18867221E-02
      0.13670749E+00      0.27091154E-03     -0.12948104E-12     -0.31599620E-13      0.18807559E-02
      0.13707498E+00      0.27004728E-03     -0.12959567E-12     -0.31488806E-13      0.18747560E-02
      0.13744248E+00      0.26918091E-03     -0.12971342E-12     -0.31402905E-13      0.18687413E-02
      0.13780997E+00      0.26831499E-03     -0.12983405E-12     -0.31342465E-13      0.18627298E-02
      0.13817746E+00      0.26745186E-03     -0.12995729E-12     -0.31307940E-13      0.18567377E-02
      0.13854496E+00      0.26659367E-03     -0.13008287E-12     -0.31299684E-13      0.18507798E-02
      0.13891245E+00      0.26574228E-03     -0.13021048E-12     -0.31317953E-13      0.18448692E-02
      0.13927994E+00      0.26489932E-03     -0.13033979E-12     -0.31362901E-13      0.18390171E-02
      0.13964744E+00      0.26406616E-03     -0.13047047E-12     -0.31434577E-13      0.18332331E-02
      0.14001493E+00      0.26324390E-03     -0.13060216E-12     -0.31532932E-13      0.18275246E-02
      0.14038242E+00      0.26243333E-03     -0.13073447E-12     -0.31657814E-13      0.18218974E-02
      0.14074992E+00      0.26163500E-03     -0.13086701E-12     -0.31808969E-13      0.18163551E-02
      0.14111741E+00      0.26084914E-03     -0.13099938E-12     -0.31986043E-13      0.18108994E-02
      0.14148490E+00      0.26007570E-03     -0.13113116E-12     -0.32188585E-13      0.18055300E-02
      0.14185240E+00      0.25931436E-03     -0.13126190E-12     -0.32416050E-13      0.18002446E-02
      0.14221989E+00      0.25856451E-03     -0.13139117E-12     -0.32667799E-13      0.17950388E-02
      0.14258738E+00      0.25782523E-03     -0.13151853E-12     -0.32943104E-13      0.17899065E-02
      0.14295488E+00      0.25709539E-03     -0.13164350E-12     -0.33241150E-13      0.17848397E-02
      0.14332237E+00      0.25637354E-03     -0.13176564E-12     -0.33561043E-13      0.17798284E-02
      0.14368986E+00      0.25565801E-03     -0.13188448E-12     -0.33901810E-13      0.17748610E-02
      0.14405736E+00      0.25494690E-03     -0.13199954E-12     -0.34262408E-13      0.17699242E-02
      0.14442485E+00      0.25423806E-03     -0.13211038E-12     -0.34641725E-13      0.17650032E-02
      0.14479234E+00      0.25352917E-03     -0.13221652E-12     -0.35038590E-13      0.17600819E-02
      0.14515984E+00      0.25281769E-03     -0.13231750E-12     -0.35451775E-13      0.17551425E-02
      0.14552733E+00      0.25210093E-03     -0.13241288E-12     -0.35880002E-13      0.17501666E-02
      0.14589482E+00      0.25137606E-03     -0.13250221E-12     -0.36321952E-13      0.17451343E-02
      0.14626232E+00      0.25064011E-03     -0.13258506E-12     -0.36776267E-13      0.17400250E-02
      0.14662981E+00      0.24989002E-03     -0.13266101E-12     -0.37241562E-13      0.17348177E-02
      0.14699730E+00      0.24912266E-03     -0.13272963E-12     -0.37716427E-13      0.17294904E-02
      0.14736479E+00      0.24833485E-03     -0.13279055E-12     -0.38199436E-13      0.17240212E-02
      0.14773229E+00      0.24752340E-03     -0.13284339E-12     -0.38689152E-13      0.17183878E-02
      0.14809978E+00      0.24668510E-03     -0.13288777E-12     -0.39184138E-13      0.17125681E-02
      0.14846727E+00      0.24581681E-03     -0.13292337E-12     -0.39682962E-13      0.17065401E-02
      0.14883477E+00      0.24491543E-03     -0.13294987E-12     -0.40184200E-13      0.17002825E-02
      0.14920226E+00      0.24397796E-03     -0.13296696E-12     -0.40686449E-13      0.16937742E-02
      0.14956975E+00      0.24300152E-03     -0.13297437E-12     -0.41188329E-13      0.16869955E-02
      0.14993725E+00      0.24198339E-03     -0.13297186E-12     -0.41688493E-13      0.16799273E-02
      0.15030474E+00      0.24092101E-03     -0.13295921E-12     -0.42185632E-13      0.16725519E-02
      0.15067223E+00      0.23981205E-03     -0.13293621E-12     -0.42678478E-13      0.16648531E-02
      0.15103973E+00      0.23865438E-03     -0.13290270E-12     -0.43165815E-13      0.16568163E-02
      0.15140722E+00      0.23744617E-03     -0.13285854E-12     -0.43646484E-13      0.16484285E-02
      0.15177471E+00      0.23618584E-03     -0.13280363E-12     -0.44119384E-13      0.16396788E-02
      0.15214221E+00      0.23487212E-03     -0.13273787E-12     -0.44583481E-13      0.16305585E-02
      0.15250970E+00      0.23350408E-03     -0.13266121E-12     -0.45037813E-13      0.16210612E-02
      0.15287719E+00      0.23208115E-03     -0.13257365E-12     -0.45481490E-13      0.16111827E-02
      0.15324469E+00      0.23060310E-03     -0.13247518E-12     -0.45913706E-13      0.16009216E-02
      0.15361218E+00      0.22907011E-03     -0.13236584E-12     -0.46333732E-13      0.15902791E-02
      0.15397967E+00      0.22748274E-03     -0.13224571E-12     -0.46740931E-13      0.15792591E-02
      0.15434717E+00      0.22584199E-03     -0.13211489E-12     -0.47134749E-13      0.15678685E-02
      0.15471466E+00      0.22414926E-03     -0.13197351E-12     -0.47514728E-13      0.15561170E-02
      0.15508215E+00      0.22240639E-03     -0.13182173E-12     -0.47880500E-13      0.15440174E-02
      0.15544965E+00      0.22061567E-03     -0.13165973E-12     -0.48231794E-13      0.15315856E-02
      0.15581714E+00      0.21877981E-03     -0.13148774E-12     -0.48568432E-13      0.15188405E-02
      0.15618463E+00      0.21690197E-03     -0.13130600E-12     -0.48890336E-13      0.15058039E-02
      0.15655213E+00      0.21498576E-03     -0.13111478E-12     -0.49197520E-13      0.14925010E-02
      0.15691962E+00      0.21303521E-03     -0.13091437E-12     -0.49490099E-13      0.14789596E-02
      0.15728711E+00      0.21105478E-03     -0.13070511E-12     -0.49768281E-13      0.14652109E-02
      0.15765461E+00      0.20904936E-03     -0.13048734E-12     -0.50032367E-13      0.14512886E-02
      0.15802210E+00      0.20702422E-03     -0.13026142E-12     -0.50282753E-13      0.14372294E-02
      0.15838959E+00      0.20498504E-03     -0.13002775E-12     -0.50519926E-13      0.14230727E-02
      0.15875709E+00      0.20293785E-03     -0.12978673E-12     -0.50744459E-13      0.14088605E-02
      0.15912458E+00      0.20088904E-03     -0.12953879E-12     -0.50957013E-13      0.13946369E-02
      0.15949207E+00      0.19884531E-03     -0.12928437E-12     -0.51158331E-13      0.13804487E-02
      0.15985957E+00      0.19681368E-03     -0.12902394E-12     -0.51349232E-13      0.13663445E-02
      0.16022706E+00      0.19480142E-03     -0.12875797E-12     -0.51530615E-13      0.13523747E-02
      0.16059455E+00      0.19281604E-03     -0.12848694E-12     -0.51703445E-13      0.13385916E-02
      0.16096205E+00      0.19086525E-03     -0.12821135E-12     -0.51868756E-13      0.13250486E-02
      0.16132954E+00      0.18895694E-03     -0.12793171E-12     -0.52027643E-13      0.13118005E-02
      0.16169703E+00      0.18709913E-03     -0.12764852E-12     -0.52181256E-13      0.12989030E-02
      0.16206453E+00      0.18529993E-03     -0.12736230E-12     -0.52330800E-13      0.12864123E-02
      0.16243202E+00      0.18356749E-03     -0.12707358E-12     -0.52477522E-13      0.12743851E-02
      0.16279951E+00      0.18190999E-03     -0.12678287E-12     -0.52622710E-13      0.12628782E-02
      0.16316700E+00      0.18033556E-03     -0.12649071E-12     -0.52767689E-13      0.12519481E-02
      0.16353450E+00      0.17885228E-03     -0.12619760E-12     -0.52913810E-13      0.12416507E-02
      0.16390199E+00      0.17746809E-03     -0.12590408E-12     -0.53062447E-13      0.12320411E-02
      0.16426948E+00      0.17619076E-03     -0.12561065E-12     -0.53214992E-13      0.12231735E-02
      0.16463698E+00      0.17502787E-03     -0.12531783E-12     -0.53372847E-13      0.12151003E-02
      0.16500447E+00      0.17398672E-03     -0.12502611E-12     -0.53537417E-13      0.12078724E-02
      0.16537196E+00      0.17307435E-03     -0.12473599E-12     -0.53710107E-13      0.12015383E-02
      0.16573946E+00      0.17229741E-03     -0.12444795E-12     -0.53892314E-13      0.11961446E-02
      0.16610695E+00      0.17166221E-03     -0.12416246E-12     -0.54085423E-13      0.11917348E-02
      0.16647444E+00      0.17117459E-03     -0.12387998E-12     -0.54290797E-13      0.11883496E-02
      0.16684194E+00      0.17083994E-03     -0.12360095E-12     -0.54509777E-13      0.11860264E-02
      0.16720943E+00      0.17066315E-03     -0.12332579E-12     -0.54743670E-13      0.11847990E-02
      0.16757692E+00      0.17064855E-03     -0.12305493E-12     -0.54993750E-13      0.11846976E-02
      0.16794442E+00      0.17079989E-03     -0.12278875E-12     -0.55261250E-13      0.11857483E-02
      0.16831191E+00      0.17112031E-03     -0.12252763E-12     -0.55547354E-13      0.11879728E-02
      0.16867940E+00      0.17161230E-03     -0.12227192E-12     -0.55853199E-13      0.11913884E-02
      0.16904690E+00      0.17227769E-03     -0.12202198E-12     -0.56179864E-13      0.11960077E-02
      0.16941439E+00      0.17311759E-03     -0.12177810E-12     -0.56528371E-13      0.12018385E-02
      0.16978188E+00      0.17413241E-03     -0.12154060E-12     -0.56899675E-13      0.12088837E-02
      0.17014938E+00      0.17532180E-03     -0.12130975E-12     -0.57294670E-13      0.12171409E-02
      0.17051687E+00      0.17668467E-03     -0.12108580E-12     -0.57714173E-13      0.12266024E-02
      0.17088436E+00      0.17821918E-03     -0.12086899E-12     -0.58158934E-13      0.12372554E-02
      0.17125186E+00      0.17992268E-03     -0.12065954E-12     -0.58629623E-13      0.12490817E-02
      0.17161935E+00      0.18179176E-03     -0.12045762E-12     -0.59126834E-13      0.12620575E-02
      0.17198684E+00      0.18382226E-03     -0.12026342E-12     -0.59651080E-13      0.12761538E-02
      0.17235434E+00      0.18600919E-03     -0.12007708E-12     -0.60202795E-13      0.12913362E-02
      0.17272183E+00      0.18834685E-03     -0.11989872E-12     -0.60782327E-13      0.13075650E-02
      0.17308932E+00      0.19082875E-03     -0.11972846E-12     -0.61389941E-13      0.13247952E-02
      0.17345682E+00      0.19344768E-03     -0.11956638E-12     -0.62025821E-13      0.13429767E-02
      0.17382431E+00      0.19619571E-03     -0.11941254E-12     -0.62690064E-13      0.13620544E-02
      0.17419180E+00      0.19906422E-03     -0.11926700E-12     -0.63382682E-13      0.13819685E-02
      0.17455930E+00      0.20204392E-03     -0.11912979E-12     -0.64103606E-13      0.14026545E-02
      0.17492679E+00      0.20512490E-03     -0.11900090E-12     -0.64852684E-13      0.14240437E-02
      0.17529428E+00      0.20829663E-03     -0.11888034E-12     -0.65629681E-13      0.14460629E-02
      0.17566178E+00      0.21154806E-03     -0.11876808E-12     -0.66434284E-13      0.14686354E-02
      0.17602927E+00      0.21486761E-03     -0.11866409E-12     -0.67266100E-13      0.14916807E-02
      0.17639676E+00      0.21824323E-03     -0.11856831E-12     -0.68124661E-13      0.15151154E-02
      0.17676426E+00      0.22166246E-03     -0.11848067E-12     -0.69009425E-13      0.15388528E-02
      0.17713175E+00      0.22511248E-03     -0.11840109E-12     -0.69919780E-13      0.15628040E-02
      0.17749924E+00      0.22858017E-03     -0.11832948E-12     -0.70855044E-13      0.15868778E-02
      0.17786673E+00      0.23205216E-03     -0.11826573E-12     -0.71814472E-13      0.16109815E-02
      0.17823423E+00      0.23551488E-03     -0.11820975E-12     -0.72797257E-13      0.16350208E-02
      0.17860172E+00      0.23895464E-03     -0.11816139E-12     -0.73802531E-13      0.16589008E-02
      0.17896921E+00      0.24235772E-03     -0.11812053E-12     -0.74829376E-13      0.16825260E-02
      0.17933671E+00      0.24571036E-03     -0.11808704E-12     -0.75876818E-13      0.17058012E-02
      0.17970420E+00      0.24899891E-03     -0.11806077E-12     -0.76943842E-13      0.17286313E-02
      0.18007169E+00      0.25220984E-03     -0.11804158E-12     -0.78029385E-13      0.17509227E-02
      0.18043919E+00      0.25532984E-03     -0.11802931E-12     -0.79132348E-13      0.17725827E-02
      0.18080668E+00      0.25834585E-03     -0.11802381E-12     -0.80251598E-13      0.17935208E-02
      0.18117417E+00      0.26124519E-03     -0.11802493E-12     -0.81385971E-13      0.18136490E-02
      0.18154167E+00      0.26401558E-03     -0.11803250E-12     -0.82534275E-13      0.18328819E-02
      0.18190916E+00      0.26664519E-03     -0.11804638E-12     -0.83695300E-13      0.18511375E-02
      0.18227665E+00      0.26912276E-03     -0.11806640E-12     -0.84867816E-13      0.18683377E-02
      0.18264415E+00      0.27143764E-03     -0.11809241E-12     -0.86050581E-13      0.18844082E-02
      0.18301164E+00      0.27357980E-03     -0.11812426E-12     -0.87242342E-13      0.18992799E-02
      0.18337913E+00      0.27553999E-03     -0.11816179E-12     -0.88441843E-13      0.19128881E-02
      0.18374663E+00      0.27730969E-03     -0.11820487E-12     -0.89647825E-13      0.19251740E-02
      0.18411412E+00      0.27888124E-03     -0.11825334E-12     -0.90859033E-13      0.19360841E-02
      0.18448161E+00      0.28024783E-03     -0.11830708E-12     -0.92074217E-13      0.19455715E-02
      0.18484911E+00      0.28140361E-03     -0.11836595E-12     -0.93292139E-13      0.19535952E-02
      0.18521660E+00      0.28234365E-03     -0.11842982E-12     -0.94511571E-13      0.19601214E-02
      0.18558409E+00      0.28306407E-03     -0.11849857E-12     -0.95731304E-13      0.19651227E-02
      0.18595159E+00      0.28356198E-03     -0.11857209E-12     -0.96950148E-13      0.19685794E-02
      0.18631908E+00      0.28383557E-03     -0.11865028E-12     -0.98166933E-13      0.19704787E-02
      0.18668657E+00      0.28388410E-03     -0.11873302E-12     -0.99380517E-13      0.19708156E-02
      0.18705407E+00      0.28370794E-03     -0.11882022E-12     -0.10058978E-12      0.19695927E-02
      0.18742156E+00      0.28330856E-03     -0.11891181E-12     -0.10179364E-12      0.19668200E-02
      0.18778905E+00      0.28268855E-03     -0.11900769E-12     -0.10299104E-12      0.19625157E-02
      0.18815655E+00      0.28185160E-03     -0.11910779E-12     -0.10418096E-12      0.19567054E-02
      0.18852404E+00      0.28080253E-03     -0.11921204E-12     -0.10536240E-12      0.19494224E-02
      0.18889153E+00      0.27954724E-03     -0.11932039E-12     -0.10653441E-12      0.19407078E-02
      0.18925903E+00      0.27809273E-03     -0.11943278E-12     -0.10769608E-12      0.19306100E-02
      0.18962652E+00      0.27644702E-03     -0.11954915E-12     -0.10884652E-12      0.19191850E-02
      0.18999401E+00      0.27461919E-03     -0.11966948E-12     -0.10998489E-12      0.19064956E-02
      0.19036151E+00      0.27261929E-03     -0.11979371E-12     -0.11111039E-12      0.18926117E-02
      0.19072900E+00      0.27045835E-03     -0.11992182E-12     -0.11222224E-12      0.18776097E-02
      0.19109649E+00      0.26814827E-03     -0.12005377E-12     -0.11331971E-12      0.18615724E-02
      0.19146399E+00      0.26570183E-03     -0.12018955E-12     -0.11440212E-12      0.18445884E-02
      0.19183148E+00      0.26313260E-03     -0.12032914E-12     -0.11546879E-12      0.18267520E-02
      0.19219897E+00      0.26045486E-03     -0.12047251E-12     -0.11651910E-12      0.18081623E-02
      0.19256647E+00      0.25768361E-03     -0.12061965E-12     -0.11755247E-12      0.17889234E-02
      0.19293396E+00      0.25483442E-03     -0.12077056E-12     -0.11856833E-12      0.17691433E-02
      0.19330145E+00      0.25192337E-03     -0.12092522E-12     -0.11956615E-12      0.17489339E-02
      0.19366894E+00      0.24896701E-03     -0.12108362E-12     -0.12054544E-12      0.17284099E-02
      0.19403644E+00      0.24598225E-03     -0.12124575E-12     -0.12150571E-12      0.17076887E-02
      0.19440393E+00      0.24298627E-03     -0.12141160E-12     -0.12244652E-12      0.16868896E-02
      0.19477142E+00      0.23999645E-03     -0.12158118E-12     -0.12336745E-12      0.16661333E-02
      0.19513892E+00      0.23703027E-03     -0.12175446E-12     -0.12426809E-12      0.16455412E-02
      0.19550641E+00      0.23410523E-03     -0.12193143E-12     -0.12514804E-12      0.16252345E-02
      0.19587390E+00      0.23123872E-03     -0.12211208E-12     -0.12600695E-12      0.16053343E-02
      0.19624140E+00      0.22844799E-03     -0.12229640E-12     -0.12684444E-12      0.15859602E-02
      0.19660889E+00      0.22575000E-03     -0.12248437E-12     -0.12766017E-12      0.15672298E-02
      0.19697638E+00      0.22316135E-03     -0.12267596E-12     -0.12845380E-12      0.15492586E-02
      0.19734388E+00      0.22069819E-03     -0.12287115E-12     -0.12922499E-12      0.15321585E-02
      0.19771137E+00      0.21837612E-03     -0.12306992E-12     -0.12997341E-12      0.15160379E-02
      0.19807886E+00      0.21621010E-03     -0.12327222E-12     -0.13069873E-12      0.15010008E-02
      0.19844636E+00      0.21421439E-03     -0.12347801E-12     -0.13140060E-12      0.14871459E-02
      0.19881385E+00      0.21240240E-03     -0.12368727E-12     -0.13207869E-12      0.14745665E-02
      0.19918134E+00      0.21078668E-03     -0.12389993E-12     -0.13273265E-12      0.14633496E-02
      0.19954884E+00      0.20937879E-03     -0.12411595E-12     -0.13336212E-12      0.14535756E-02
      0.19991633E+00      0.20818926E-03     -0.12433527E-12     -0.13396673E-12      0.14453175E-02
      0.20028382E+00      0.20722751E-03     -0.12455781E-12     -0.13454609E-12      0.14386407E-02
      0.20065132E+00      0.20650178E-03     -0.12478353E-12     -0.13509980E-12      0.14336024E-02
      0.20101881E+00      0.20601905E-03     -0.12501233E-12     -0.13562744E-12      0.14302512E-02
      0.20138630E+00      0.20578505E-03     -0.12524415E-12     -0.13612857E-12      0.14286266E-02
      0.20175380E+00      0.20580414E-03     -0.12547890E-12     -0.13660272E-12      0.14287592E-02
      0.20212129E+00      0.20607933E-03     -0.12571648E-12     -0.13704942E-12      0.14306696E-02
      0.20248878E+00      0.20661220E-03     -0.12595681E-12     -0.13746814E-12      0.14343690E-02
      0.20285628E+00      0.20740291E-03     -0.12619979E-12     -0.13785837E-12      0.14398584E-02
      0.20322377E+00      0.20845015E-03     -0.12644531E-12     -0.13821952E-12      0.14471286E-02
      0.20359126E+00      0.20975115E-03     -0.12669327E-12     -0.13855102E-12      0.14561606E-02
      0.20395876E+00      0.21130168E-03     -0.12694356E-12     -0.13885224E-12      0.14669249E-02
      0.20432625E+00      0.21309603E-03     -0.12719606E-12     -0.13912254E-12      0.14793819E-02
      0.20469374E+00      0.21512705E-03     -0.12745067E-12     -0.13936125E-12      0.14934818E-02
      0.20506124E+00      0.21738614E-03     -0.12770726E-12     -0.13956766E-12      0.15091652E-02
      0.20542873E+00      0.21986332E-03     -0.12796571E-12     -0.13974105E-12      0.15263626E-02
      0.20579622E+00      0.22254723E-03     -0.12822590E-12     -0.13988066E-12      0.15449952E-02
      0.20616372E+00      0.22542518E-03     -0.12848772E-12     -0.13998571E-12      0.15649748E-02
      0.20653121E+00      0.22848323E-03     -0.12875103E-12     -0.14005540E-12      0.15862048E-02
      0.20689870E+00      0.23170621E-03     -0.12901572E-12     -0.14008888E-12      0.16085798E-02
      0.20726620E+00      0.23507782E-03     -0.12928167E-12     -0.14008530E-12      0.16319866E-02
      0.20763369E+00      0.23858069E-03     -0.12954875E-12     -0.14004380E-12      0.16563046E-02
      0.20800118E+00      0.24219645E-03     -0.12981685E-12     -0.13996347E-12      0.16814065E-02
      0.20836868E+00      0.24590586E-03     -0.13008585E-12     -0.13984341E-12      0.17071584E-02
      0.20873617E+00      0.24968885E-03     -0.13035565E-12     -0.13968268E-12      0.17334211E-02
      0.20910366E+00      0.25352466E-03     -0.13062612E-12     -0.13948035E-12      0.17600505E-02
      0.20947115E+00      0.25739192E-03     -0.13089717E-12     -0.13923547E-12      0.17868983E-02
      0.20983865E+00      0.26126877E-03     -0.13116869E-12     -0.13894707E-12      0.18138127E-02
      0.21020614E+00      0.26513300E-03     -0.13144058E-12     -0.13861420E-12      0.18406394E-02
      0.21057363E+00      0.26896212E-03     -0.13171276E-12     -0.13823588E-12      0.18672224E-02
      0.21094113E+00      0.27273352E-03     -0.13198514E-12     -0.13781116E-12      0.18934047E-02
      0.21130862E+00      0.27642455E-03     -0.13225763E-12     -0.13733907E-12      0.19190290E-02
      0.21167611E+00      0.28001271E-03     -0.13253017E-12     -0.13681866E-12      0.19439392E-02
      0.21204361E+00      0.28347573E-03     -0.13280268E-12     -0.13624899E-12      0.19679806E-02
      0.21241110E+00      0.28679169E-03     -0.13307510E-12     -0.13562912E-12      0.19910011E-02
      0.21277859E+00      0.28993919E-03     -0.13334738E-12     -0.13495814E-12      0.20128520E-02
      0.21314609E+00      0.29289744E-03     -0.13361947E-12     -0.13423516E-12      0.20333892E-02
      0.21351358E+00      0.29564640E-03     -0.13389132E-12     -0.13345932E-12      0.20524734E-02
      0.21388107E+00      0.29816691E-03     -0.13416291E-12     -0.13262977E-12      0.20699716E-02
      0.21424857E+00      0.30044079E-03     -0.13443420E-12     -0.13174570E-12      0.20857575E-02
      0.21461606E+00      0.30245096E-03     -0.13470518E-12     -0.13080634E-12      0.20997128E-02
      0.21498355E+00      0.30418157E-03     -0.13497583E-12     -0.12981095E-12      0.21117273E-02
      0.21535105E+00      0.30561810E-03     -0.13524613E-12     -0.12875883E-12      0.21217001E-02
      0.21571854E+00      0.30674743E-03     -0.13551610E-12     -0.12764934E-12      0.21295403E-02
      0.21608603E+00      0.30755801E-03     -0.13578573E-12     -0.12648186E-12      0.21351676E-02
      0.21645353E+00      0.30803985E-03     -0.13605504E-12     -0.12525585E-12      0.21385127E-02
      0.21682102E+00      0.30818468E-03     -0.13632404E-12     -0.12397081E-12      0.21395182E-02
      0.21718851E+00      0.30798598E-03     -0.13659274E-12     -0.12262629E-12      0.21381387E-02
      0.21755601E+00      0.30743908E-03     -0.13686117E-12     -0.12122191E-12      0.21343420E-02
      0.21792350E+00      0.30654116E-03     -0.13712937E-12     -0.11975735E-12      0.21281083E-02
      0.21829099E+00      0.30529135E-03     -0.13739735E-12     -0.11823237E-12      0.21194317E-02
      0.21865849E+00      0.30369074E-03     -0.13766515E-12     -0.11664676E-12      0.21083198E-02
      0.21902598E+00      0.30174242E-03     -0.13793281E-12     -0.11500042E-12      0.20947939E-02
      0.21939347E+00      0.29945145E-03     -0.13820036E-12     -0.11329330E-12      0.20788892E-02
      0.21976097E+00      0.29682494E-03     -0.13846784E-12     -0.11152543E-12      0.20606551E-02
      0.22012846E+00      0.29387197E-03     -0.13873528E-12     -0.10969691E-12      0.20401547E-02
      0.22049595E+00      0.29060363E-03     -0.13900272E-12     -0.10780793E-12      0.20174648E-02
      0.22086345E+00      0.28703294E-03     -0.13927019E-12     -0.10585875E-12      0.19926759E-02
      0.22123094E+00      0.28317485E-03     -0.13953771E-12     -0.10384972E-12      0.19658918E-02
      0.22159843E+00      0.27904617E-03     -0.13980531E-12     -0.10178125E-12      0.19372292E-02
      0.22196593E+00      0.27466551E-03     -0.14007302E-12     -0.99653850E-13      0.19068172E-02
      0.22233342E+00      0.27005319E-03     -0.14034084E-12     -0.97468116E-13      0.18747970E-02
      0.22270091E+00      0.26523121E-03     -0.14060879E-12     -0.95224718E-13      0.18413212E-02
      0.22306841E+00      0.26022307E-03     -0.14087688E-12     -0.92924411E-13      0.18065531E-02
      0.22343590E+00      0.25505374E-03     -0.14114508E-12     -0.90568036E-13      0.17706659E-02
      0.22380339E+00      0.24974952E-03     -0.14141339E-12     -0.88156519E-13      0.17338423E-02
      0.22417088E+00      0.24433790E-03     -0.14168179E-12     -0.85690867E-13      0.16962731E-02
      0.22453838E+00      0.23884746E-03     -0.14195024E-12     -0.83172172E-13      0.16581566E-02
      0.22490587E+00      0.23330769E-03     -0.14221869E-12     -0.80601607E-13      0.16196978E-02
      0.22527336E+00      0.22774887E-03     -0.14248710E-12     -0.77980429E-13      0.15811067E-02
      0.22564086E+00      0.22220193E-03     -0.14275538E-12     -0.75309973E-13      0.15425980E-02
      0.22600835E+00      0.21669824E-03     -0.14302346E-12     -0.72591655E-13      0.15043896E-02
      0.22637584E+00      0.21126949E-03     -0.14329125E-12     -0.69826971E-13      0.14667014E-02
      0.22674334E+00      0.20594749E-03     -0.14355863E-12     -0.67017490E-13      0.14297544E-02
      0.22711083E+00      0.20076402E-03     -0.14382549E-12     -0.64164857E-13      0.13937691E-02
      0.22747832E+00      0.19575064E-03     -0.14409168E-12     -0.61270793E-13      0.13589645E-02
      0.22784582E+00      0.19093850E-03     -0.14435705E-12     -0.58337087E-13      0.13255571E-02
      0.22821331E+00      0.18635818E-03     -0.14462145E-12     -0.55365599E-13      0.12937590E-02
      0.22858080E+00      0.18203952E-03     -0.14488468E-12     -0.52358253E-13      0.12637775E-02
      0.22894830E+00      0.17801140E-03     -0.14514654E-12     -0.49317042E-13      0.12358130E-02
      0.22931579E+00      0.17430162E-03     -0.14540683E-12     -0.46244016E-13      0.12100585E-02
      0.22968328E+00      0.17093668E-03     -0.14566532E-12     -0.43141289E-13      0.11866979E-02
      0.23005078E+00      0.16794162E-03     -0.14592176E-12     -0.40011028E-13      0.11659053E-02
      0.23041827E+00      0.16533988E-03     -0.14617590E-12     -0.36855455E-13      0.11478431E-02
      0.23078576E+00      0.16315313E-03     -0.14642747E-12     -0.33676845E-13      0.11326620E-02
      0.23115326E+00      0.16140111E-03     -0.14667617E-12     -0.30477518E-13      0.11204989E-02
      0.23152075E+00      0.16010150E-03     -0.14692172E-12     -0.27259840E-13      0.11114766E-02
      0.23188824E+00      0.15926977E-03     -0.14716379E-12     -0.24026219E-13      0.11057025E-02
      0.23225574E+00      0.15891908E-03     -0.14740207E-12     -0.20779102E-13      0.11032679E-02
      0.23262323E+00      0.15906014E-03     -0.14763621E-12     -0.17520971E-13      0.11042472E-02
      0.23299072E+00      0.15970115E-03     -0.14786588E-12     -0.14254340E-13      0.11086972E-02
      0.23335822E+00      0.16084763E-03     -0.14809070E-12     -0.10981751E-13      0.11166565E-02
      0.23372571E+00      0.16250246E-03     -0.14831033E-12     -0.77057739E-14      0.11281449E-02
      0.23409320E+00      0.16466569E-03     -0.14852438E-12     -0.44289982E-14      0.11431627E-02
      0.23446070E+00      0.16733461E-03     -0.14873247E-12     -0.11540332E-14      0.11616912E-02
      0.23482819E+00      0.17050360E-03     -0.14893423E-12      0.21164967E-14      0.11836914E-02
      0.23519568E+00      0.17416422E-03     -0.14912925E-12      0.53799553E-14      0.12091046E-02
      0.23556318E+00      0.17830511E-03     -0.14931714E-12      0.86336979E-14      0.12378520E-02
      0.23593067E+00      0.18291209E-03     -0.14949752E-12      0.11875075E-13      0.12698351E-02
      0.23629816E+00      0.18796811E-03     -0.14966998E-12      0.15101436E-13      0.13049356E-02
      0.23666566E+00      0.19345333E-03     -0.14983413E-12      0.18310130E-13      0.13430159E-02
      0.23703315E+00      0.19934520E-03     -0.14998958E-12      0.21498515E-13      0.13839191E-02
      0.23740064E+00      0.20561848E-03     -0.15013593E-12      0.24663954E-13      0.14274703E-02
      0.23776814E+00      0.21224539E-03     -0.15027281E-12      0.27803825E-13      0.14734765E-02
      0.23813563E+00      0.21919569E-03     -0.15039985E-12      0.30915520E-13      0.15217277E-02
      0.23850312E+00      0.22643678E-03     -0.15051666E-12      0.33996450E-13      0.15719977E-02
      0.23887062E+00      0.23393389E-03     -0.15062290E-12      0.37044047E-13      0.16240451E-02
      0.23923811E+00      0.24165020E-03     -0.15071822E-12      0.40055770E-13      0.16776142E-02
      0.23960560E+00      0.24954699E-03     -0.15080228E-12      0.43029106E-13      0.17324363E-02
      0.23997309E+00      0.25758388E-03     -0.15087477E-12      0.45961573E-13      0.17882309E-02
      0.24034059E+00      0.26571894E-03     -0.15093538E-12      0.48850724E-13      0.18447072E-02
      0.24070808E+00      0.27390897E-03     -0.15098383E-12      0.51694153E-13      0.19015650E-02
      0.24107557E+00      0.28210967E-03     -0.15101985E-12      0.54489490E-13      0.19584970E-02
      0.24144307E+00      0.29027589E-03     -0.15104320E-12      0.57234414E-13      0.20151895E-02
      0.24181056E+00      0.29836184E-03     -0.15105365E-12      0.59926648E-13      0.20713248E-02
      0.24217805E+00      0.30632134E-03     -0.15105100E-12      0.62563967E-13      0.21265823E-02
      0.24254555E+00      0.31410810E-03     -0.15103507E-12      0.65144199E-13      0.21806404E-02
      0.24291304E+00      0.32167590E-03     -0.15100572E-12      0.67665228E-13      0.22331786E-02
      0.24328053E+00      0.32897894E-03     -0.15096281E-12      0.70124996E-13      0.22838787E-02
      0.24364803E+00      0.33597203E-03     -0.15090624E-12      0.72521508E-13      0.23324270E-02
      0.24401552E+00      0.34261087E-03     -0.15083596E-12      0.74852832E-13      0.23785160E-02
      0.24438301E+00      0.34885233E-03     -0.15075191E-12      0.77117105E-13      0.24218462E-02
      0.24475051E+00      0.35465470E-03     -0.15065409E-12      0.79312532E-13      0.24621281E-02
      0.24511800E+00      0.35997792E-03     -0.15054251E-12      0.81437392E-13      0.24990837E-02
      0.24548549E+00      0.36478390E-03     -0.15041723E-12      0.83490037E-13      0.25324483E-02
      0.24585299E+00      0.36903668E-03     -0.15027834E-12      0.85468899E-13      0.25619725E-02
      0.24622048E+00      0.37270274E-03     -0.15012594E-12      0.87372488E-13      0.25874235E-02
      0.24658797E+00      0.37575121E-03     -0.14996019E-12      0.89199397E-13      0.26085870E-02
      0.24695547E+00      0.37815408E-03     -0.14978126E-12      0.90948302E-13      0.26252685E-02
      0.24732296E+00      0.37988642E-03     -0.14958938E-12      0.92617968E-13      0.26372949E-02
      0.24769045E+00      0.38092655E-03     -0.14938478E-12      0.94207248E-13      0.26445159E-02
      0.24805795E+00      0.38125630E-03     -0.14916775E-12      0.95715084E-13      0.26468051E-02
      0.24842544E+00      0.38086107E-03     -0.14893860E-12      0.97140515E-13      0.26440612E-02
      0.24879293E+00      0.37973006E-03     -0.14869767E-12      0.98482672E-13      0.26362094E-02
      0.24916043E+00      0.37785638E-03     -0.14844533E-12      0.99740783E-13      0.26232017E-02
      0.24952792E+00      0.37523716E-03     -0.14818199E-12      0.10091417E-12      0.26050182E-02
      0.24989541E+00      0.37187363E-03     -0.14790809E-12      0.10200228E-12      0.25816675E-02
      0.25026291E+00      0.36777123E-03     -0.14762410E-12      0.10300461E-12      0.25531873E-02
      0.25063040E+00      0.36293963E-03     -0.14733050E-12      0.10392082E-12      0.25196448E-02
      0.25099789E+00      0.35739277E-03     -0.14702781E-12      0.10475063E-12      0.24811367E-02
      0.25136539E+00      0.35114888E-03     -0.14671660E-12      0.10549389E-12      0.24377896E-02
      0.25173288E+00      0.34423045E-03     -0.14639742E-12      0.10615055E-12      0.23897596E-02
      0.25210037E+00      0.33666417E-03     -0.14607087E-12      0.10672066E-12      0.23372320E-02
      0.25246787E+00      0.32848092E-03     -0.14573758E-12      0.10720439E-12      0.22804213E-02
      0.25283536E+00      0.31971564E-03     -0.14539818E-12      0.10760201E-12      0.22195698E-02
      0.25320285E+00      0.31040723E-03     -0.14505334E-12      0.10791391E-12      0.21549478E-02
      0.25357035E+00      0.30059841E-03     -0.14470374E-12      0.10814058E-12      0.20868518E-02
      0.25393784E+00      0.29033558E-03     -0.14435006E-12      0.10828263E-12      0.20156039E-02
      0.25430533E+00      0.27966861E-03     -0.14399302E-12      0.10834078E-12      0.19415504E-02
      0.25467283E+00      0.26865067E-03     -0.14363334E-12      0.10831585E-12      0.18650602E-02
      0.25504032E+00      0.25733795E-03     -0.14327175E-12      0.10820877E-12      0.17865237E-02
      0.25540781E+00      0.24578949E-03     -0.14290899E-12      0.10802060E-12      0.17063505E-02
      0.25577530E+00      0.23406685E-03     -0.14254583E-12      0.10775250E-12      0.16249681E-02
      0.25614280E+00      0.22223382E-03     -0.14218300E-12      0.10740572E-12      0.15428194E-02
      0.25651029E+00      0.21035618E-03     -0.14182127E-12      0.10698163E-12      0.14603609E-02
      0.25687778E+00      0.19850130E-03     -0.14146141E-12      0.10648173E-12      0.13780605E-02
      0.25724528E+00      0.18673786E-03     -0.14110416E-12      0.10590758E-12      0.12963949E-02
      0.25761277E+00      0.17513547E-03     -0.14075030E-12      0.10526089E-12      0.12158473E-02
      0.25798026E+00      0.16376433E-03     -0.14040057E-12      0.10454343E-12      0.11369052E-02
      0.25834776E+00      0.15269482E-03     -0.14005571E-12      0.10375709E-12      0.10600570E-02
      0.25871525E+00      0.14199716E-03     -0.13971648E-12      0.10290386E-12      0.98579038E-03
      0.25908274E+00      0.13174099E-03     -0.13938360E-12      0.10198582E-12      0.91458876E-03
      0.25945024E+00      0.12199501E-03     -0.13905778E-12      0.10100515E-12      0.84692902E-03
      0.25981773E+00      0.11282656E-03     -0.13873974E-12      0.99964092E-13      0.78327860E-03
      0.26018522E+00      0.10430120E-03     -0.13843015E-12      0.98865009E-13      0.72409280E-03
      0.26055272E+00      0.96482374E-04     -0.13812970E-12      0.97710327E-13      0.66981198E-03
      0.26092021E+00      0.89430982E-04     -0.13783904E-12      0.96502558E-13      0.62085893E-03
      0.26128770E+00      0.83204995E-04     -0.13755880E-12      0.95244286E-13      0.57763610E-03
      0.26165520E+00      0.77859086E-04     -0.13728959E-12      0.93938169E-13      0.54052307E-03
      0.26202269E+00      0.73444259E-04     -0.13703200E-12      0.92586933E-13      0.50987391E-03
      0.26239018E+00      0.70007498E-04     -0.13678661E-12      0.91193367E-13      0.48601479E-03
      0.26275768E+00      0.67591423E-04     -0.13655394E-12      0.89760317E-13      0.46924162E-03
      0.26312517E+00      0.66233969E-04     -0.13633450E-12      0.88290685E-13      0.45981773E-03
      0.26349266E+00      0.65968080E-04     -0.13612880E-12      0.86787421E-13      0.45797184E-03
      0.26386016E+00      0.66821428E-04     -0.13593727E-12      0.85253521E-13      0.46389606E-03
      0.26422765E+00      0.68816149E-04     -0.13576035E-12      0.83692018E-13      0.47774406E-03
      0.26459514E+00      0.71968610E-04     -0.13559843E-12      0.82105978E-13      0.49962947E-03
      0.26496264E+00      0.76289198E-04     -0.13545189E-12      0.80498497E-13      0.52962439E-03
      0.26533013E+00      0.81782137E-04     -0.13532104E-12      0.78872692E-13      0.56775816E-03
      0.26569762E+00      0.88445340E-04     -0.13520620E-12      0.77231697E-13      0.61401628E-03
      0.26606512E+00      0.96270285E-04     -0.13510764E-12      0.75578656E-13      0.66833959E-03
      0.26643261E+00      0.10524193E-03     -0.13502559E-12      0.73916718E-13      0.73062366E-03
      0.26680010E+00      0.11533865E-03     -0.13496026E-12      0.72249031E-13      0.80071840E-03
      0.26716760E+00      0.12653224E-03     -0.13491181E-12      0.70578734E-13      0.87842793E-03
      0.26753509E+00      0.13878790E-03     -0.13488039E-12      0.68908954E-13      0.96351071E-03
      0.26790258E+00      0.15206431E-03     -0.13486611E-12      0.67242798E-13      0.10556798E-02
      0.26827008E+00      0.16631370E-03     -0.13486904E-12      0.65583345E-13      0.11546037E-02
      0.26863757E+00      0.18148199E-03     -0.13488922E-12      0.63933644E-13      0.12599070E-02
      0.26900506E+00      0.19750896E-03     -0.13492667E-12      0.62296702E-13      0.13711714E-02
      0.26937256E+00      0.21432842E-03     -0.13498137E-12      0.60675484E-13      0.14879375E-02
      0.26974005E+00      0.23186846E-03     -0.13505326E-12      0.59072903E-13      0.16097062E-02
      0.27010754E+00      0.25005173E-03     -0.13514228E-12      0.57491815E-13      0.17359404E-02
      0.27047503E+00      0.26879576E-03     -0.13524831E-12      0.55935011E-13      0.18660674E-02
      0.27084253E+00      0.28801324E-03     -0.13537123E-12      0.54405217E-13      0.19994815E-02
      0.27121002E+00      0.30761248E-03     -0.13551087E-12      0.52905079E-13      0.21355457E-02
      0.27157751E+00      0.32749775E-03     -0.13566705E-12      0.51437167E-13      0.22735958E-02
      0.27194501E+00      0.34756976E-03     -0.13583956E-12      0.50003962E-13      0.24129422E-02
      0.27231250E+00      0.36772609E-03     -0.13602818E-12      0.48607854E-13      0.25528740E-02
      0.27267999E+00      0.38786173E-03     -0.13623264E-12      0.47251138E-13      0.26926622E-02
      0.27304749E+00      0.40786956E-03     -0.13645268E-12      0.45936006E-13      0.28315630E-02
      0.27341498E+00      0.42764091E-03     -0.13668800E-12      0.44664544E-13      0.29688221E-02
      0.27378247E+00      0.44706611E-03     -0.13693829E-12      0.43438728E-13      0.31036781E-02
      0.27414997E+00      0.46603508E-03     -0.13720323E-12      0.42260418E-13      0.32353669E-02
      0.27451746E+00      0.48443794E-03     -0.13748248E-12      0.41131355E-13      0.33631255E-02
      0.27488495E+00      0.50216557E-03     -0.13777568E-12      0.40053159E-13      0.34861965E-02
      0.27525245E+00      0.51911030E-03     -0.13808248E-12      0.39027324E-13      0.36038323E-02
      0.27561994E+00      0.53516645E-03     -0.13840249E-12      0.38055212E-13      0.37152993E-02
      0.27598743E+00      0.55023101E-03     -0.13873533E-12      0.37138056E-13      0.38198824E-02
      0.27635493E+00      0.56420425E-03     -0.13908061E-12      0.36276954E-13      0.39168892E-02
      0.27672242E+00      0.57699036E-03     -0.13943794E-12      0.35472868E-13      0.40056545E-02
      0.27708991E+00      0.58849801E-03     -0.13980691E-12      0.34726622E-13      0.40855443E-02
      0.27745741E+00      0.59864101E-03     -0.14018713E-12      0.34038900E-13      0.41559604E-02
      0.27782490E+00      0.60733889E-03     -0.14057818E-12      0.33410247E-13      0.42163439E-02
      0.27819239E+00      0.61451745E-03     -0.14097967E-12      0.32841064E-13      0.42661798E-02
      0.27855989E+00      0.62010931E-03     -0.14139119E-12      0.32331615E-13      0.43050003E-02
      0.27892738E+00      0.62405448E-03     -0.14181235E-12      0.31882021E-13      0.43323889E-02
      0.27929487E+00      0.62630079E-03     -0.14224275E-12      0.31492260E-13      0.43479835E-02
      0.27966237E+00      0.62680443E-03     -0.14268200E-12      0.31162175E-13      0.43514799E-02
      0.28002986E+00      0.62553032E-03     -0.14312971E-12      0.30891468E-13      0.43426347E-02
      0.28039735E+00      0.62245256E-03     -0.14358552E-12      0.30679704E-13      0.43212678E-02
      0.28076485E+00      0.61755474E-03     -0.14404907E-12      0.30526316E-13      0.42872656E-02
      0.28113234E+00      0.61083028E-03     -0.14451998E-12      0.30430602E-13      0.42405822E-02
      0.28149983E+00      0.60228270E-03     -0.14499793E-12      0.30391732E-13      0.41812422E-02
      0.28186733E+00      0.59192581E-03     -0.14548257E-12      0.30408750E-13      0.41093413E-02
      0.28223482E+00      0.57978390E-03     -0.14597360E-12      0.30480578E-13      0.40250482E-02
      0.28260231E+00      0.56589186E-03     -0.14647070E-12      0.30606018E-13      0.39286051E-02
      0.28296981E+00      0.55029521E-03     -0.14697358E-12      0.30783759E-13      0.38203281E-02
      0.28333730E+00      0.53305014E-03     -0.14748197E-12      0.31012379E-13      0.37006072E-02
      0.28370479E+00      0.51422343E-03     -0.14799561E-12      0.31290352E-13      0.35699061E-02
      0.28407229E+00      0.49389236E-03     -0.14851425E-12      0.31616051E-13      0.34287612E-02
      0.28443978E+00      0.47214452E-03     -0.14903766E-12      0.31987756E-13      0.32777806E-02
      0.28480727E+00      0.44907758E-03     -0.14956563E-12      0.32403657E-13      0.31176424E-02
      0.28517477E+00      0.42479901E-03     -0.15009798E-12      0.32861863E-13      0.29490928E-02
      0.28554226E+00      0.39942575E-03     -0.15063451E-12      0.33360406E-13      0.27729433E-02
      0.28590975E+00      0.37308373E-03     -0.15117507E-12      0.33897246E-13      0.25900684E-02
      0.28627724E+00      0.34590747E-03     -0.15171952E-12      0.34470282E-13      0.24014020E-02
      0.28664474E+00      0.31803954E-03     -0.15226772E-12      0.35077356E-13      0.22079338E-02
      0.28701223E+00      0.28962996E-03     -0.15281958E-12      0.35716260E-13      0.20107053E-02
      0.28737972E+00      0.26083556E-03     -0.15337501E-12      0.36384743E-13      0.18108052E-02
      0.28774722E+00      0.23181931E-03     -0.15393392E-12      0.37080518E-13      0.16093649E-02
      0.28811471E+00      0.20274958E-03     -0.15449626E-12      0.37801273E-13      0.14075535E-02
      0.28848220E+00      0.17379935E-03     -0.15506198E-12      0.38544672E-13      0.12065715E-02
      0.28884970E+00      0.14514537E-03     -0.15563107E-12      0.39308366E-13      0.10076463E-02
      0.28921719E+00      0.11696730E-03     -0.15620350E-12      0.40090001E-13      0.81202497E-03
      0.28958468E+00      0.89446803E-04     -0.15677930E-12      0.40887224E-13      0.62096876E-03
      0.28995218E+00      0.62766608E-04     -0.15735846E-12      0.41697690E-13      0.43574618E-03
      0.29031967E+00      0.37109527E-04     -0.15794103E-12      0.42519071E-13      0.25762639E-03
      0.29068716E+00      0.12657472E-04     -0.15852704E-12      0.43349061E-13      0.87872281E-04
      0.29105466E+00     -0.10409564E-04     -0.15911657E-12      0.44185385E-13     -0.72266575E-04
      0.29142215E+00     -0.31914534E-04     -0.15970967E-12      0.45025804E-13     -0.22156106E-03
      0.29178964E+00     -0.51684378E-04     -0.16030642E-12      0.45868125E-13     -0.35880974E-03
      0.29215714E+00     -0.69551064E-04     -0.16090692E-12      0.46710204E-13     -0.48284608E-03
      0.29252463E+00     -0.85352634E-04     -0.16151126E-12      0.47549954E-13     -0.59254571E-03
      0.29289212E+00     -0.98934240E-04     -0.16211955E-12      0.48385353E-13     -0.68683363E-03
      0.29325962E+00     -0.11014917E-03     -0.16273191E-12      0.49214446E-13     -0.76469129E-03
      0.29362711E+00     -0.11885984E-03     -0.16334846E-12      0.50035354E-13     -0.82516362E-03
      0.29399460E+00     -0.12493881E-03     -0.16396933E-12      0.50846279E-13     -0.86736581E-03
      0.29436210E+00     -0.12826971E-03     -0.16459464E-12      0.51645507E-13     -0.89049001E-03
      0.29472959E+00     -0.12874817E-03     -0.16522454E-12      0.52431417E-13     -0.89381164E-03
      0.29509708E+00     -0.12628270E-03     -0.16585917E-12      0.53202480E-13     -0.87669552E-03
      0.29546458E+00     -0.12079551E-03     -0.16649867E-12      0.53957267E-13     -0.83860166E-03
      0.29583207E+00     -0.11222331E-03     -0.16714319E-12      0.54694454E-13     -0.77909066E-03
      0.29619956E+00     -0.10051802E-03     -0.16779286E-12      0.55412821E-13     -0.69782872E-03
      0.29656706E+00     -0.85647424E-04     -0.16844784E-12      0.56111258E-13     -0.59459224E-03
      0.29693455E+00     -0.67595789E-04     -0.16910828E-12      0.56788768E-13     -0.46927192E-03
      0.29730204E+00     -0.46364350E-04     -0.16977430E-12      0.57444467E-13     -0.32187638E-03
      0.29766954E+00     -0.21971773E-04     -0.17044606E-12      0.58077588E-13     -0.15253519E-03
      0.29803703E+00      0.55454912E-05     -0.17112369E-12      0.58687483E-13      0.38498601E-04
      0.29840452E+00      0.36132931E-04     -0.17180733E-12      0.59273620E-13      0.25084655E-03
      0.29877202E+00      0.69717791E-04     -0.17249710E-12      0.59835589E-13      0.48400356E-03
      0.29913951E+00      0.10620898E-03     -0.17319313E-12      0.60373099E-13      0.73733722E-03
      0.29950700E+00      0.14549706E-03     -0.17389553E-12      0.60885979E-13      0.10100879E-02
      0.29987450E+00      0.18745439E-03     -0.17460441E-12      0.61374175E-13      0.13013693E-02
      0.30024199E+00      0.23193527E-03     -0.17531988E-12      0.61837753E-13      0.16101700E-02
      0.30060948E+00      0.27877629E-03     -0.17604204E-12      0.62276895E-13      0.19353556E-02
      0.30097698E+00      0.32779672E-03     -0.17677096E-12      0.62691897E-13      0.22756713E-02
      0.30134447E+00      0.37879901E-03     -0.17750673E-12      0.63083169E-13      0.26297458E-02
      0.30171196E+00      0.43156944E-03     -0.17824942E-12      0.63451230E-13      0.29960953E-02
      0.30207945E+00      0.48587880E-03     -0.17899907E-12      0.63796705E-13      0.33731285E-02
      0.30244695E+00      0.54148323E-03     -0.17975575E-12      0.64120325E-13      0.37591525E-02
      0.30281444E+00      0.59812513E-03     -0.18051949E-12      0.64422919E-13      0.41523790E-02
      0.30318193E+00      0.65553420E-03     -0.18129032E-12      0.64705413E-13      0.45509313E-02
      0.30354943E+00      0.71342852E-03     -0.18206824E-12      0.64968825E-13      0.49528526E-02
      0.30391692E+00      0.77151582E-03     -0.18285326E-12      0.65214259E-13      0.53561135E-02
      0.30428441E+00      0.82949471E-03     -0.18364538E-12      0.65442902E-13      0.57586217E-02
      0.30465191E+00      0.88705610E-03     -0.18444457E-12      0.65656019E-13      0.61582316E-02
      0.30501940E+00      0.94388467E-03     -0.18525080E-12      0.65854946E-13      0.65527540E-02
      0.30538689E+00      0.99966039E-03     -0.18606401E-12      0.66041084E-13      0.69399672E-02
      0.30575439E+00      0.10540601E-02     -0.18688416E-12      0.66215895E-13      0.73176279E-02
      0.30612188E+00      0.11067594E-02     -0.18771117E-12      0.66380897E-13      0.76834829E-02
      0.30648937E+00      0.11574338E-02     -0.18854494E-12      0.66537653E-13      0.80352813E-02
      0.30685687E+00      0.12057613E-02     -0.18938540E-12      0.66687771E-13      0.83707863E-02
      0.30722436E+00      0.12514235E-02     -0.19023241E-12      0.66832892E-13      0.86877882E-02
      0.30759185E+00      0.12941078E-02     -0.19108586E-12      0.66974688E-13      0.89841169E-02
      0.30795935E+00      0.13335094E-02     -0.19194561E-12      0.67114850E-13      0.92576553E-02
      0.30832684E+00      0.13693326E-02     -0.19281150E-12      0.67255089E-13      0.95063520E-02
      0.30869433E+00      0.14012935E-02     -0.19368338E-12      0.67397123E-13      0.97282344E-02
      0.30906183E+00      0.14291210E-02     -0.19456105E-12      0.67542671E-13      0.99214219E-02
      0.30942932E+00      0.14525593E-02     -0.19544433E-12      0.67693451E-13      0.10084139E-01
      0.30979681E+00      0.14713698E-02     -0.19633302E-12      0.67851169E-13      0.10214727E-01
      0.31016431E+00      0.14853324E-02     -0.19722690E-12      0.68017513E-13      0.10311660E-01
      0.31053180E+00      0.14942474E-02     -0.19812573E-12      0.68194148E-13      0.10373551E-01
      0.31089929E+00      0.14979377E-02     -0.19902928E-12      0.68382711E-13      0.10399170E-01
      0.31126679E+00      0.14962497E-02     -0.19993728E-12      0.68584800E-13      0.10387452E-01
      0.31163428E+00      0.14890556E-02     -0.20084947E-12      0.68801975E-13      0.10337508E-01
      0.31200177E+00      0.14762542E-02     -0.20176557E-12      0.69035745E-13      0.10248636E-01
      0.31236927E+00      0.14577727E-02     -0.20268527E-12      0.69287567E-13      0.10120332E-01
      0.31273676E+00      0.14335680E-02     -0.20360829E-12      0.69558842E-13      0.99522945E-02
      0.31310425E+00      0.14036274E-02     -0.20453430E-12      0.69850904E-13      0.97444375E-02
      0.31347175E+00      0.13679703E-02     -0.20546297E-12      0.70165020E-13      0.94968944E-02
      0.31383924E+00      0.13266486E-02     -0.20639396E-12      0.70502384E-13      0.92100253E-02
      0.31420673E+00      0.12797474E-02     -0.20732693E-12      0.70864113E-13      0.88844222E-02
      0.31457423E+00      0.12273861E-02     -0.20826150E-12      0.71251243E-13      0.85209130E-02
      0.31494172E+00      0.11697183E-02     -0.20919731E-12      0.71664723E-13      0.81205647E-02
      0.31530921E+00      0.11069325E-02     -0.21013397E-12      0.72105418E-13      0.76846851E-02
      0.31567671E+00      0.10392518E-02     -0.21107110E-12      0.72574096E-13      0.72148236E-02
      0.31604420E+00      0.96693407E-03     -0.21200828E-12      0.73071436E-13      0.67127704E-02
      0.31641169E+00      0.89027168E-03     -0.21294510E-12      0.73598018E-13      0.61805552E-02
      0.31677918E+00      0.80959096E-03     -0.21388115E-12      0.74154323E-13      0.56204434E-02
      0.31714668E+00      0.72525158E-03     -0.21481600E-12      0.74740736E-13      0.50349321E-02
      0.31751417E+00      0.63764574E-03     -0.21574919E-12      0.75357535E-13      0.44267439E-02
      0.31788166E+00      0.54719708E-03     -0.21668029E-12      0.76004900E-13      0.37988199E-02
      0.31824916E+00      0.45435948E-03     -0.21760884E-12      0.76682907E-13      0.31543111E-02
      0.31861665E+00      0.35961563E-03     -0.21853438E-12      0.77391529E-13      0.24965685E-02
      0.31898414E+00      0.26347538E-03     -0.21945644E-12      0.78130637E-13      0.18291317E-02
      0.31935164E+00      0.16647391E-03     -0.22037454E-12      0.78899998E-13      0.11557160E-02
      0.31971913E+00      0.69169754E-04     -0.22128820E-12      0.79699279E-13      0.48019890E-03
      0.32008662E+00     -0.27857447E-04     -0.22219692E-12      0.80528046E-13     -0.19339545E-03
      0.32045412E+00     -0.12400930E-03     -0.22310023E-12      0.81385768E-13     -0.86091287E-03
      0.32082161E+00     -0.21867125E-03     -0.22399761E-12      0.82271815E-13     -0.15180869E-02
      0.32118910E+00     -0.31121528E-03     -0.22488856E-12      0.83185464E-13     -0.21605576E-02
      0.32155660E+00     -0.40100282E-03     -0.22577257E-12      0.84125900E-13     -0.27838918E-02
      0.32192409E+00     -0.48738778E-03     -0.22664914E-12      0.85092217E-13     -0.33836043E-02
      0.32229158E+00     -0.56971977E-03     -0.22751775E-12      0.86083425E-13     -0.39551797E-02
      0.32265908E+00     -0.64734734E-03     -0.22837787E-12      0.87098450E-13     -0.44940955E-02
      0.32302657E+00     -0.71962149E-03     -0.22922901E-12      0.88136139E-13     -0.49958462E-02
      0.32339406E+00     -0.78589917E-03     -0.23007062E-12      0.89195263E-13     -0.54559673E-02
      0.32376156E+00     -0.84554688E-03     -0.23090220E-12      0.90274522E-13     -0.58700611E-02
      0.32412905E+00     -0.89794445E-03     -0.23172322E-12      0.91372549E-13     -0.62338221E-02
      0.32449654E+00     -0.94248870E-03     -0.23253316E-12      0.92487915E-13     -0.65430627E-02
      0.32486404E+00     -0.97859733E-03     -0.23333150E-12      0.93619132E-13     -0.67937405E-02
      0.32523153E+00     -0.10057127E-02     -0.23411773E-12      0.94764658E-13     -0.69819842E-02
      0.32559902E+00     -0.10233057E-02     -0.23489132E-12      0.95922905E-13     -0.71041203E-02
      0.32596652E+00     -0.10308794E-02     -0.23565177E-12      0.97092240E-13     -0.71566999E-02
      0.32633401E+00     -0.10279733E-02     -0.23639856E-12      0.98270991E-13     -0.71365248E-02
      0.32670150E+00     -0.10141666E-02     -0.23713120E-12      0.99457454E-13     -0.70406738E-02
      0.32706900E+00     -0.98908190E-03     -0.23784919E-12      0.10064990E-12     -0.68665278E-02
      0.32743649E+00     -0.95238915E-03     -0.23855202E-12      0.10184657E-12     -0.66117949E-02
      0.32780398E+00     -0.90380880E-03     -0.23923922E-12      0.10304569E-12     -0.62745343E-02
      0.32817148E+00     -0.84311522E-03     -0.23991030E-12      0.10424549E-12     -0.58531797E-02
      0.32853897E+00     -0.77013990E-03     -0.24056480E-12      0.10544416E-12     -0.53465614E-02
      0.32890646E+00     -0.68477446E-03     -0.24120224E-12      0.10663993E-12     -0.47539267E-02
      0.32927396E+00     -0.58697342E-03     -0.24182219E-12      0.10783099E-12     -0.40749602E-02
      0.32964145E+00     -0.47675686E-03     -0.24242419E-12      0.10901558E-12     -0.33098010E-02
      0.33000894E+00     -0.35421273E-03     -0.24300781E-12      0.11019193E-12     -0.24590598E-02
      0.33037644E+00     -0.21949895E-03     -0.24357263E-12      0.11135828E-12     -0.15238330E-02
      0.33074393E+00     -0.72845286E-04     -0.24411824E-12      0.11251293E-12     -0.50571564E-03
      0.33111142E+00      0.85445170E-04     -0.24464425E-12      0.11365416E-12      0.59318813E-03
      0.33147892E+00      0.25499475E-03     -0.24515028E-12      0.11478033E-12      0.17702564E-02
      0.33184641E+00      0.43535032E-03     -0.24563596E-12      0.11588981E-12      0.30223434E-02
      0.33221390E+00      0.62598277E-03     -0.24610094E-12      0.11698102E-12      0.43457757E-02
      0.33258139E+00      0.82628677E-03     -0.24654489E-12      0.11805242E-12      0.57363511E-02
      0.33294889E+00      0.10355810E-02     -0.24696747E-12      0.11910252E-12      0.71893398E-02
      0.33331638E+00      0.12531088E-02     -0.24736840E-12      0.12012989E-12      0.86994884E-02
      0.33368387E+00      0.14780390E-02     -0.24774739E-12      0.12113315E-12      0.10261027E-01
      0.33405137E+00      0.17094674E-02     -0.24810417E-12      0.12211098E-12      0.11867678E-01
      0.33441886E+00      0.19464187E-02     -0.24843850E-12      0.12306213E-12      0.13512671E-01
      0.33478635E+00      0.21878485E-02     -0.24875015E-12      0.12398540E-12      0.15188755E-01
      0.33515385E+00      0.24326462E-02     -0.24903890E-12      0.12487968E-12      0.16888220E-01
      0.33552134E+00      0.26796378E-02     -0.24930459E-12      0.12574391E-12      0.18602916E-01
      0.33588883E+00      0.29275900E-02     -0.24954703E-12      0.12657711E-12      0.20324281E-01
      0.33625633E+00      0.31752137E-02     -0.24976609E-12      0.12737838E-12      0.22043365E-01
      0.33662382E+00      0.34211685E-02     -0.24996164E-12      0.12814689E-12      0.23750863E-01
      0.33699131E+00      0.36640679E-02     -0.25013358E-12      0.12888187E-12      0.25437149E-01
      0.33735881E+00      0.39024841E-02     -0.25028184E-12      0.12958267E-12      0.27092312E-01
      0.33772630E+00      0.41349542E-02     -0.25040636E-12      0.13024867E-12      0.28706195E-01
      0.33809379E+00      0.43599861E-02     -0.25050712E-12      0.13087937E-12      0.30268440E-01
      0.33846129E+00      0.45760650E-02     -0.25058410E-12      0.13147434E-12      0.31768530E-01
      0.33882878E+00      0.47816605E-02     -0.25063731E-12      0.13203320E-12      0.33195840E-01
      0.33919627E+00      0.49752337E-02     -0.25066681E-12      0.13255570E-12      0.34539689E-01
      0.33956377E+00      0.51552451E-02     -0.25067264E-12      0.13304163E-12      0.35789386E-01
      0.33993126E+00      0.53201625E-02     -0.25065491E-12      0.13349089E-12      0.36934297E-01
      0.34029875E+00      0.54684692E-02     -0.25061372E-12      0.13390343E-12      0.37963890E-01
      0.34066625E+00      0.55986728E-02     -0.25054921E-12      0.13427930E-12      0.38867805E-01
      0.34103374E+00      0.57093139E-02     -0.25046153E-12      0.13461863E-12      0.39635912E-01
      0.34140123E+00      0.57989755E-02     -0.25035087E-12      0.13492160E-12      0.40258372E-01
      0.34176873E+00      0.58662921E-02     -0.25021745E-12      0.13518850E-12      0.40725705E-01
      0.34213622E+00      0.59099592E-02     -0.25006148E-12      0.13541967E-12      0.41028856E-01
      0.34250371E+00      0.59287430E-02     -0.24988322E-12      0.13561554E-12      0.41159260E-01
      0.34287121E+00      0.59214906E-02     -0.24968296E-12      0.13577661E-12      0.41108911E-01
      0.34323870E+00      0.58871390E-02     -0.24946099E-12      0.13590342E-12      0.40870431E-01
      0.34360619E+00      0.58247258E-02     -0.24921764E-12      0.13599662E-12      0.40437139E-01
      0.34397369E+00      0.57333986E-02     -0.24895325E-12      0.13605691E-12      0.39803116E-01
      0.34434118E+00      0.56124253E-02     -0.24866820E-12      0.13608505E-12      0.38963280E-01
      0.34470867E+00      0.54612035E-02     -0.24836286E-12      0.13608186E-12      0.37913448E-01
      0.34507617E+00      0.52792701E-02     -0.24803766E-12      0.13604823E-12      0.36650408E-01
      0.34544366E+00      0.50663115E-02     -0.24769302E-12      0.13598512E-12      0.35171980E-01
      0.34581115E+00      0.48221722E-02     -0.24732940E-12      0.13589352E-12      0.33477086E-01
      0.34617865E+00      0.45468640E-02     -0.24694727E-12      0.13577449E-12      0.31565807E-01
      0.34654614E+00      0.42405751E-02     -0.24654711E-12      0.13562915E-12      0.29439450E-01
      0.34691363E+00      0.39036781E-02     -0.24612945E-12      0.13545866E-12      0.27100602E-01
      0.34728113E+00      0.35367385E-02     -0.24569481E-12      0.13526423E-12      0.24553188E-01
      0.34764862E+00      0.31405220E-02     -0.24524373E-12      0.13504713E-12      0.21802524E-01
      0.34801611E+00      0.27160018E-02     -0.24477677E-12      0.13480867E-12      0.18855367E-01
      0.34838360E+00      0.22643651E-02     -0.24429453E-12      0.13455019E-12      0.15719958E-01
      0.34875110E+00      0.17870196E-02     -0.24379758E-12      0.13427310E-12      0.12406071E-01
      0.34911859E+00      0.12855985E-02     -0.24328654E-12      0.13397882E-12      0.89250426E-02
      0.34948608E+00      0.76196588E-03     -0.24276204E-12      0.13366883E-12      0.52898146E-02
      0.34985358E+00      0.21822046E-03     -0.24222471E-12      0.13334464E-12      0.15149573E-02
      0.35022107E+00     -0.34330055E-03     -0.24167521E-12      0.13300781E-12     -0.23833040E-02
      0.35058856E+00     -0.92001892E-03     -0.24111419E-12      0.13265991E-12     -0.63870702E-02
      0.35095606E+00     -0.15091133E-02     -0.24054233E-12      0.13230255E-12     -0.10476755E-01
      0.35132355E+00     -0.21075182E-02     -0.23996031E-12      0.13193740E-12     -0.14631076E-01
      0.35169104E+00     -0.27119234E-02     -0.23936883E-12      0.13156613E-12     -0.18827053E-01
      0.35205854E+00     -0.33187750E-02     -0.23876859E-12      0.13119045E-12     -0.23040014E-01
      0.35242603E+00     -0.39242763E-02     -0.23816031E-12      0.13081209E-12     -0.27243601E-01
      0.35279352E+00     -0.45243907E-02     -0.23754471E-12      0.13043282E-12     -0.31409790E-01
      0.35316102E+00     -0.51148445E-02     -0.23692251E-12      0.13005444E-12     -0.35508912E-01
      0.35352851E+00     -0.56911318E-02     -0.23629444E-12      0.12967876E-12     -0.39509685E-01
      0.35389600E+00     -0.62485190E-02     -0.23566125E-12      0.12930763E-12     -0.43379248E-01
      0.35426350E+00     -0.67820517E-02     -0.23502368E-12      0.12894291E-12     -0.47083206E-01
      0.35463099E+00     -0.72865616E-02     -0.23438247E-12      0.12858649E-12     -0.50585678E-01
      0.35499848E+00     -0.77566748E-02     -0.23373838E-12      0.12824029E-12     -0.53849356E-01
      0.35536598E+00     -0.81868209E-02     -0.23309216E-12      0.12790624E-12     -0.56835570E-01
      0.35573347E+00     -0.85712434E-02     -0.23244455E-12      0.12758629E-12     -0.59504356E-01
      0.35610096E+00     -0.89040106E-02     -0.23179633E-12      0.12728243E-12     -0.61814534E-01
      0.35646846E+00     -0.91790282E-02     -0.23114823E-12      0.12699663E-12     -0.63723795E-01
      0.35683595E+00     -0.93900519E-02     -0.23050101E-12      0.12673091E-12     -0.65188791E-01
      0.35720344E+00     -0.95307021E-02     -0.22985543E-12      0.12648731E-12     -0.66165230E-01
      0.35757094E+00     -0.95944783E-02     -0.22921223E-12      0.12626787E-12     -0.66607985E-01
      0.35793843E+00     -0.95747755E-02     -0.22857216E-12      0.12607464E-12     -0.66471201E-01
      0.35830592E+00     -0.94649004E-02     -0.22793596E-12      0.12590969E-12     -0.65708413E-01
      0.35867342E+00     -0.92580898E-02     -0.22730437E-12      0.12577513E-12     -0.64272667E-01
      0.35904091E+00     -0.89475281E-02     -0.22667811E-12      0.12567303E-12     -0.62116647E-01
      0.35940840E+00     -0.85263672E-02     -0.22605790E-12      0.12560551E-12     -0.59192811E-01
      0.35977590E+00     -0.79877461E-02     -0.22544447E-12      0.12557469E-12     -0.55453528E-01
      0.36014339E+00     -0.73248112E-02     -0.22483853E-12      0.12558268E-12     -0.50851219E-01
      0.36051088E+00     -0.65307377E-02     -0.22424075E-12      0.12563161E-12     -0.45338503E-01
      0.36087838E+00     -0.55987516E-02     -0.22365185E-12      0.12572361E-12     -0.38868352E-01
      0.36124587E+00     -0.45221512E-02     -0.22307248E-12      0.12586081E-12     -0.31394242E-01
      0.36161336E+00     -0.32943302E-02     -0.22250332E-12      0.12604534E-12     -0.22870311E-01
      0.36198086E+00     -0.19088010E-02     -0.22194502E-12      0.12627931E-12     -0.13251516E-01
      0.36234835E+00     -0.35921721E-03     -0.22139820E-12      0.12656485E-12     -0.24938026E-02
      0.36271584E+00      0.13606020E-02     -0.22086350E-12      0.12690405E-12      0.94457410E-02
      0.36308333E+00      0.32566486E-02     -0.22034152E-12      0.12729901E-12      0.22608712E-01
      0.36345083E+00      0.53347018E-02     -0.21983284E-12      0.12775180E-12      0.37035233E-01
      0.36381832E+00      0.76003041E-02     -0.21933805E-12      0.12826448E-12      0.52763780E-01
      0.36418581E+00      0.10058738E-01     -0.21885769E-12      0.12883908E-12      0.69831025E-01
      0.36455331E+00      0.12715001E-01     -0.21839229E-12      0.12947760E-12      0.88271669E-01
      0.36492080E+00      0.15573785E-01     -0.21794238E-12      0.13018201E-12      0.10811828E+00
      0.36528829E+00      0.18639450E-01     -0.21750843E-12      0.13095425E-12      0.12940112E+00
      0.36565579E+00      0.21916004E-01     -0.21709091E-12      0.13179620E-12      0.15214802E+00
      0.36602328E+00      0.25407079E-01     -0.21669028E-12      0.13270972E-12      0.17638420E+00
      0.36639077E+00      0.29115911E-01     -0.21630695E-12      0.13369661E-12      0.20213211E+00
      0.36675827E+00      0.33045317E-01     -0.21594131E-12      0.13475861E-12      0.22941133E+00
      0.36712576E+00      0.37197677E-01     -0.21559374E-12      0.13589739E-12      0.25823836E+00
      0.36749325E+00      0.41574914E-01     -0.21526457E-12      0.13711459E-12      0.28862656E+00
      0.36786075E+00      0.46178473E-01     -0.21495411E-12      0.13841173E-12      0.32058596E+00
      0.36822824E+00      0.51009309E-01     -0.21466266E-12      0.13979030E-12      0.35412320E+00
      0.36859573E+00      0.56067865E-01     -0.21439046E-12      0.14125168E-12      0.38924133E+00
      0.36896323E+00      0.61354059E-01     -0.21413772E-12      0.14279716E-12      0.42593981E+00
      0.36933072E+00      0.66867271E-01     -0.21390466E-12      0.14442794E-12      0.46421432E+00
      0.36969821E+00      0.72606328E-01     -0.21369141E-12      0.14614514E-12      0.50405671E+00
      0.37006571E+00      0.78569493E-01     -0.21349810E-12      0.14794975E-12      0.54545495E+00
      0.37043320E+00      0.84754459E-01     -0.21332483E-12      0.14984265E-12      0.58839299E+00
      0.37080069E+00      0.91158335E-01     -0.21317165E-12      0.15182462E-12      0.63285077E+00
      0.37116819E+00      0.97777641E-01     -0.21303857E-12      0.15389630E-12      0.67880414E+00
      0.37153568E+00      0.10460830E+00     -0.21292559E-12      0.15605821E-12      0.72622483E+00
      0.37190317E+00      0.11164565E+00     -0.21283264E-12      0.15831073E-12      0.77508040E+00
      0.37227067E+00      0.11888442E+00     -0.21275964E-12      0.16065410E-12      0.82533427E+00
      0.37263816E+00      0.12631874E+00     -0.21270645E-12      0.16308842E-12      0.87694571E+00
      0.37300565E+00      0.13394213E+00     -0.21267292E-12      0.16561364E-12      0.92986981E+00
      0.37337315E+00      0.14174755E+00     -0.21265883E-12      0.16822955E-12      0.98405756E+00
      0.37374064E+00      0.14972734E+00     -0.21266395E-12      0.17093578E-12      0.10394559E+01
      0.37410813E+00      0.15787327E+00     -0.21268800E-12      0.17373179E-12      0.10960076E+01
      0.37447563E+00      0.16617654E+00     -0.21273065E-12      0.17661690E-12      0.11536516E+01
      0.37484312E+00      0.17462779E+00     -0.21279155E-12      0.17959022E-12      0.12123228E+01
      0.37521061E+00      0.18321710E+00     -0.21287030E-12      0.18265072E-12      0.12719526E+01
      0.37557811E+00      0.19193402E+00     -0.21296648E-12      0.18579716E-12      0.13324683E+01
      0.37594560E+00      0.20076761E+00     -0.21307961E-12      0.18902815E-12      0.13937939E+01
      0.37631309E+00      0.20970639E+00     -0.21320919E-12      0.19234209E-12      0.14558499E+01
      0.37668059E+00      0.21873844E+00     -0.21335467E-12      0.19573721E-12      0.15185533E+01
      0.37704808E+00      0.22785138E+00     -0.21351548E-12      0.19921157E-12      0.15818183E+01
      0.37741557E+00      0.23703237E+00     -0.21369101E-12      0.20276302E-12      0.16455557E+01
      0.37778307E+00      0.24626821E+00     -0.21388060E-12      0.20638923E-12      0.17096739E+01
      0.37815056E+00      0.25554529E+00     -0.21408359E-12      0.21008771E-12      0.17740784E+01
      0.37851805E+00      0.26484968E+00     -0.21429926E-12      0.21385575E-12      0.18386725E+01
      0.37888554E+00      0.27416712E+00     -0.21452687E-12      0.21769049E-12      0.19033572E+01
      0.37925304E+00      0.28348308E+00     -0.21476567E-12      0.22158888E-12      0.19680317E+01
      0.37962053E+00      0.29278277E+00     -0.21501485E-12      0.22554770E-12      0.20325931E+01
      0.37998802E+00      0.30205120E+00     -0.21527361E-12      0.22956355E-12      0.20969376E+01
      0.38035552E+00      0.31127320E+00     -0.21554110E-12      0.23363286E-12      0.21609597E+01
      0.38072301E+00      0.32043346E+00     -0.21581645E-12      0.23775193E-12      0.22245532E+01
      0.38109050E+00      0.32951659E+00     -0.21609880E-12      0.24191688E-12      0.22876112E+01
      0.38145800E+00      0.33850712E+00     -0.21638725E-12      0.24612368E-12      0.23500264E+01
      0.38182549E+00      0.34738959E+00     -0.21668089E-12      0.25036819E-12      0.24116914E+01
      0.38219298E+00      0.35614855E+00     -0.21697879E-12      0.25464609E-12      0.24724989E+01
      0.38256048E+00      0.36476863E+00     -0.21728003E-12      0.25895298E-12      0.25323423E+01
      0.38292797E+00      0.37323458E+00     -0.21758367E-12      0.26328434E-12      0.25911157E+01
      0.38329546E+00      0.38153129E+00     -0.21788878E-12      0.26763553E-12      0.26487141E+01
      0.38366296E+00      0.38964387E+00     -0.21819441E-12      0.27200183E-12      0.27050343E+01
      0.38403045E+00      0.39755768E+00     -0.21849962E-12      0.27637843E-12      0.27599746E+01
      0.38439794E+00      0.40525836E+00     -0.21880350E-12      0.28076048E-12      0.28134352E+01
      0.38476544E+00      0.41273189E+00     -0.21910510E-12      0.28514305E-12      0.28653189E+01
      0.38513293E+00      0.41996465E+00     -0.21940353E-12      0.28952117E-12      0.29155310E+01
      0.38550042E+00      0.42694342E+00     -0.21969788E-12      0.29388985E-12      0.29639799E+01
      0.38586792E+00      0.43365547E+00     -0.21998728E-12      0.29824409E-12      0.30105771E+01
      0.38623541E+00      0.44008857E+00     -0.22027087E-12      0.30257889E-12      0.30552378E+01
      0.38660290E+00      0.44623106E+00     -0.22054781E-12      0.30688926E-12      0.30978810E+01
      0.38697040E+00      0.45207187E+00     -0.22081731E-12      0.31117025E-12      0.31384298E+01
      0.38733789E+00      0.45760057E+00     -0.22107859E-12      0.31541696E-12      0.31768118E+01
      0.38770538E+00      0.46280740E+00     -0.22133092E-12      0.31962457E-12      0.32129593E+01
      0.38807288E+00      0.46768332E+00     -0.22157359E-12      0.32378831E-12      0.32468095E+01
      0.38844037E+00      0.47222006E+00     -0.22180593E-12      0.32790354E-12      0.32783050E+01
      0.38880786E+00      0.47641010E+00     -0.22202735E-12      0.33196572E-12      0.33073937E+01
      0.38917536E+00      0.48024677E+00     -0.22223726E-12      0.33597046E-12      0.33340291E+01
      0.38954285E+00      0.48372425E+00     -0.22243515E-12      0.33991350E-12      0.33581709E+01
      0.38991034E+00      0.48683760E+00     -0.22262055E-12      0.34379077E-12      0.33797847E+01
      0.39027784E+00      0.48958276E+00     -0.22279305E-12      0.34759837E-12      0.33988426E+01
      0.39064533E+00      0.49195666E+00     -0.22295230E-12      0.35133260E-12      0.34153230E+01
      0.39101282E+00      0.49395714E+00     -0.22309801E-12      0.35499000E-12      0.34292109E+01
      0.39138032E+00      0.49558304E+00     -0.22322994E-12      0.35856732E-12      0.34404985E+01
      0.39174781E+00      0.49683419E+00     -0.22334794E-12      0.36206158E-12      0.34491844E+01
      0.39211530E+00      0.49771144E+00     -0.22345190E-12      0.36547004E-12      0.34552745E+01
      0.39248280E+00      0.49821665E+00     -0.22354179E-12      0.36879027E-12      0.34587818E+01
      0.39285029E+00      0.49835272E+00     -0.22361767E-12      0.37202013E-12      0.34597265E+01
      0.39321778E+00      0.49812361E+00     -0.22367964E-12      0.37515776E-12      0.34581359E+01
      0.39358528E+00      0.49753429E+00     -0.22372788E-12      0.37820166E-12      0.34540447E+01
      0.39395277E+00      0.49659082E+00     -0.22376267E-12      0.38115064E-12      0.34474948E+01
      0.39432026E+00      0.49530027E+00     -0.22378433E-12      0.38400386E-12      0.34385354E+01
      0.39468775E+00      0.49367076E+00     -0.22379328E-12      0.38676084E-12      0.34272228E+01
      0.39505525E+00      0.49171147E+00     -0.22378999E-12      0.38942146E-12      0.34136208E+01
      0.39542274E+00      0.48943257E+00     -0.22377504E-12      0.39198597E-12      0.33977999E+01
      0.39579023E+00      0.48684524E+00     -0.22374904E-12      0.39445500E-12      0.33798378E+01
      0.39615773E+00      0.48396168E+00     -0.22371272E-12      0.39682958E-12      0.33598192E+01
      0.39652522E+00      0.48079504E+00     -0.22366685E-12      0.39911111E-12      0.33378353E+01
      0.39689271E+00      0.47735942E+00     -0.22361229E-12      0.40130140E-12      0.33139841E+01
      0.39726021E+00      0.47366984E+00     -0.22354995E-12      0.40340265E-12      0.32883699E+01
      0.39762770E+00      0.46974223E+00     -0.22348084E-12      0.40541745E-12      0.32611032E+01
      0.39799519E+00      0.46559337E+00     -0.22340600E-12      0.40734879E-12      0.32323004E+01
      0.39836269E+00      0.46124087E+00     -0.22332656E-12      0.40920008E-12      0.32020839E+01
      0.39873018E+00      0.45670311E+00     -0.22324371E-12      0.41097508E-12      0.31705813E+01
      0.39909767E+00      0.45199924E+00     -0.22315868E-12      0.41267796E-12      0.31379256E+01
      0.39946517E+00      0.44714911E+00     -0.22307277E-12      0.41431327E-12      0.31042544E+01
      0.39983266E+00      0.44217322E+00     -0.22298734E-12      0.41588593E-12      0.30697102E+01
      0.40020015E+00      0.43709270E+00     -0.22290376E-12      0.41740122E-12      0.30344395E+01
      0.40056765E+00      0.43192920E+00     -0.22282350E-12      0.41886478E-12      0.29985928E+01
      0.40093514E+00      0.42670492E+00     -0.22274802E-12      0.42028257E-12      0.29623242E+01
      0.40130263E+00      0.42144249E+00     -0.22267884E-12      0.42166091E-12      0.29257907E+01
      0.40167013E+00      0.41616493E+00     -0.22261751E-12      0.42300639E-12      0.28891521E+01
      0.40203762E+00      0.41089560E+00     -0.22256559E-12      0.42432594E-12      0.28525708E+01
      0.40240511E+00      0.40565815E+00     -0.22252469E-12      0.42562672E-12      0.28162106E+01
      0.40277261E+00      0.40047641E+00     -0.22249641E-12      0.42691619E-12      0.27802373E+01
      0.40314010E+00      0.39537439E+00     -0.22248236E-12      0.42820201E-12      0.27448175E+01
      0.40350759E+00      0.39037617E+00     -0.22248416E-12      0.42949208E-12      0.27101182E+01
      0.40387509E+00      0.38550585E+00     -0.22250345E-12      0.43079448E-12      0.26763068E+01
      0.40424258E+00      0.38078748E+00     -0.22254183E-12      0.43211745E-12      0.26435504E+01
      0.40461007E+00      0.37624500E+00     -0.22260091E-12      0.43346939E-12      0.26120150E+01
      0.40497757E+00      0.37190216E+00     -0.22268226E-12      0.43485879E-12      0.25818656E+01
      0.40534506E+00      0.36778247E+00     -0.22278744E-12      0.43629426E-12      0.25532654E+01
      0.40571255E+00      0.36390911E+00     -0.22291800E-12      0.43778443E-12      0.25263753E+01
      0.40608005E+00      0.36030489E+00     -0.22307540E-12      0.43933800E-12      0.25013536E+01
      0.40644754E+00      0.35699214E+00     -0.22326112E-12      0.44096364E-12      0.24783554E+01
      0.40681503E+00      0.35399269E+00     -0.22347654E-12      0.44267000E-12      0.24575322E+01
      0.40718253E+00      0.35132777E+00     -0.22372302E-12      0.44446568E-12      0.24390315E+01
      0.40755002E+00      0.34901798E+00     -0.22400184E-12      0.44635917E-12      0.24229962E+01
      0.40791751E+00      0.34708318E+00     -0.22431424E-12      0.44835885E-12      0.24095642E+01
      0.40828501E+00      0.34554245E+00     -0.22466137E-12      0.45047296E-12      0.23988679E+01
      0.40865250E+00      0.34441405E+00     -0.22504431E-12      0.45270953E-12      0.23910342E+01
      0.40901999E+00      0.34371532E+00     -0.22546407E-12      0.45507638E-12      0.23861834E+01
      0.40938748E+00      0.34346266E+00     -0.22592155E-12      0.45758110E-12      0.23844294E+01
      0.40975498E+00      0.34367143E+00     -0.22641759E-12      0.46023098E-12      0.23858787E+01
      0.41012247E+00      0.34435596E+00     -0.22695293E-12      0.46303304E-12      0.23906309E+01
      0.41048996E+00      0.34552943E+00     -0.22752821E-12      0.46599392E-12      0.23987775E+01
      0.41085746E+00      0.34720387E+00     -0.22814397E-12      0.46911993E-12      0.24104020E+01
      0.41122495E+00      0.34939010E+00     -0.22880064E-12      0.47241698E-12      0.24255795E+01
      0.41159244E+00      0.35209768E+00     -0.22949857E-12      0.47589056E-12      0.24443765E+01
      0.41195994E+00      0.35533488E+00     -0.23023797E-12      0.47954572E-12      0.24668502E+01
      0.41232743E+00      0.35910866E+00     -0.23101897E-12      0.48338706E-12      0.24930490E+01
      0.41269492E+00      0.36342459E+00     -0.23184158E-12      0.48741866E-12      0.25230116E+01
      0.41306242E+00      0.36828687E+00     -0.23270568E-12      0.49164412E-12      0.25567671E+01
      0.41342991E+00      0.37369828E+00     -0.23361106E-12      0.49606652E-12      0.25943349E+01
      0.41379740E+00      0.37966017E+00     -0.23455738E-12      0.50068837E-12      0.26357242E+01
      0.41416490E+00      0.38617242E+00     -0.23554422E-12      0.50551164E-12      0.26809344E+01
      0.41453239E+00      0.39323345E+00     -0.23657101E-12      0.51053774E-12      0.27299544E+01
      0.41489988E+00      0.40084022E+00     -0.23763710E-12      0.51576748E-12      0.27827630E+01
      0.41526738E+00      0.40898818E+00     -0.23874172E-12      0.52120109E-12      0.28393288E+01
      0.41563487E+00      0.41767131E+00     -0.23988398E-12      0.52683821E-12      0.28996099E+01
      0.41600236E+00      0.42688210E+00     -0.24106293E-12      0.53267786E-12      0.29635542E+01
      0.41636986E+00      0.43661158E+00     -0.24227747E-12      0.53871850E-12      0.30310994E+01
      0.41673735E+00      0.44684930E+00     -0.24352644E-12      0.54495797E-12      0.31021730E+01
      0.41710484E+00      0.45758336E+00     -0.24480859E-12      0.55139351E-12      0.31766923E+01
      0.41747234E+00      0.46880044E+00     -0.24612256E-12      0.55802178E-12      0.32545650E+01
      0.41783983E+00      0.48048582E+00     -0.24746692E-12      0.56483889E-12      0.33356886E+01
      0.41820732E+00      0.49262338E+00     -0.24884018E-12      0.57184036E-12      0.34199515E+01
      0.41857482E+00      0.50519566E+00     -0.25024077E-12      0.57902116E-12      0.35072324E+01
      0.41894231E+00      0.51818391E+00     -0.25166706E-12      0.58637576E-12      0.35974010E+01
      0.41930980E+00      0.53156808E+00     -0.25311736E-12      0.59389809E-12      0.36903183E+01
      0.41967730E+00      0.54532692E+00     -0.25458993E-12      0.60158163E-12      0.37858366E+01
      0.42004479E+00      0.55943797E+00     -0.25608301E-12      0.60941937E-12      0.38838002E+01
      0.42041228E+00      0.57387768E+00     -0.25759480E-12      0.61740390E-12      0.39840453E+01
      0.42077978E+00      0.58862139E+00     -0.25912346E-12      0.62552740E-12      0.40864009E+01
      0.42114727E+00      0.60364345E+00     -0.26066716E-12      0.63378170E-12      0.41906889E+01
      0.42151476E+00      0.61891724E+00     -0.26222405E-12      0.64215830E-12      0.42967245E+01
      0.42188226E+00      0.63441526E+00     -0.26379230E-12      0.65064842E-12      0.44043168E+01
      0.42224975E+00      0.65010919E+00     -0.26537006E-12      0.65924304E-12      0.45132692E+01
      0.42261724E+00      0.66596995E+00     -0.26695555E-12      0.66793294E-12      0.46233797E+01
      0.42298474E+00      0.68196779E+00     -0.26854698E-12      0.67670876E-12      0.47344420E+01
      0.42335223E+00      0.69807237E+00     -0.27014263E-12      0.68556103E-12      0.48462451E+01
      0.42371972E+00      0.71425279E+00     -0.27174082E-12      0.69448023E-12      0.49585749E+01
      0.42408722E+00      0.73047773E+00     -0.27333994E-12      0.70345685E-12      0.50712137E+01
      0.42445471E+00      0.74671552E+00     -0.27493843E-12      0.71248143E-12      0.51839417E+01
      0.42482220E+00      0.76293417E+00     -0.27653484E-12      0.72154461E-12      0.52965369E+01
      0.42518969E+00      0.77910153E+00     -0.27812779E-12      0.73063722E-12      0.54087759E+01
      0.42555719E+00      0.79518533E+00     -0.27971602E-12      0.73975029E-12      0.55204349E+01
      0.42592468E+00      0.81115326E+00     -0.28129834E-12      0.74887513E-12      0.56312894E+01
      0.42629217E+00      0.82697309E+00     -0.28287373E-12      0.75800342E-12      0.57411158E+01
      0.42665967E+00      0.84261274E+00     -0.28444126E-12      0.76712720E-12      0.58496914E+01
      0.42702716E+00      0.85804037E+00     -0.28600013E-12      0.77623898E-12      0.59567950E+01
      0.42739465E+00      0.87322445E+00     -0.28754971E-12      0.78533180E-12      0.60622078E+01
      0.42776215E+00      0.88813388E+00     -0.28908951E-12      0.79439926E-12      0.61657139E+01
      0.42812964E+00      0.90273806E+00     -0.29061917E-12      0.80343558E-12      0.62671008E+01
      0.42849713E+00      0.91700696E+00     -0.29213853E-12      0.81243568E-12      0.63661602E+01
      0.42886463E+00      0.93091124E+00     -0.29364758E-12      0.82139522E-12      0.64626882E+01
      0.42923212E+00      0.94442230E+00     -0.29514648E-12      0.83031064E-12      0.65564864E+01
      0.42959961E+00      0.95751238E+00     -0.29663558E-12      0.83917926E-12      0.66473620E+01
      0.42996711E+00      0.97015463E+00     -0.29811540E-12      0.84799927E-12      0.67351286E+01
      0.43033460E+00      0.98232322E+00     -0.29958665E-12      0.85676981E-12      0.68196069E+01
      0.43070209E+00      0.99399334E+00     -0.30105023E-12      0.86549101E-12      0.69006247E+01
      0.43106959E+00      0.10051414E+01     -0.30250723E-12      0.87416404E-12      0.69780179E+01
      0.43143708E+00      0.10157449E+01     -0.30395893E-12      0.88279114E-12      0.70516308E+01
      0.43180457E+00      0.10257827E+01     -0.30540680E-12      0.89137565E-12      0.71213166E+01
      0.43217207E+00      0.10352350E+01     -0.30685250E-12      0.89992206E-12      0.71869379E+01
      0.43253956E+00      0.10440835E+01     -0.30829789E-12      0.90843602E-12      0.72483667E+01
      0.43290705E+00      0.10523111E+01     -0.30974499E-12      0.91692439E-12      0.73054857E+01
      0.43327455E+00      0.10599025E+01     -0.31119604E-12      0.92539523E-12      0.73581877E+01
      0.43364204E+00      0.10668438E+01     -0.31265343E-12      0.93385785E-12      0.74063764E+01
      0.43400953E+00      0.10731228E+01     -0.31411975E-12      0.94232279E-12      0.74499670E+01
      0.43437703E+00      0.10787288E+01     -0.31559773E-12      0.95080183E-12      0.74888858E+01
      0.43474452E+00      0.10836530E+01     -0.31709030E-12      0.95930803E-12      0.75230710E+01
      0.43511201E+00      0.10878881E+01     -0.31860052E-12      0.96785569E-12      0.75524728E+01
      0.43547951E+00      0.10914288E+01     -0.32013159E-12      0.97646033E-12      0.75770535E+01
      0.43584700E+00      0.10942714E+01     -0.32168689E-12      0.98513872E-12      0.75967877E+01
      0.43621449E+00      0.10964140E+01     -0.32326988E-12      0.99390883E-12      0.76116625E+01
      0.43658199E+00      0.10978567E+01     -0.32488418E-12      0.10027898E-11      0.76216775E+01
      0.43694948E+00      0.10986010E+01     -0.32653349E-12      0.10118020E-11      0.76268450E+01
      0.43731697E+00      0.10986507E+01     -0.32822162E-12      0.10209667E-11      0.76271899E+01
      0.43768447E+00      0.10980111E+01     -0.32995244E-12      0.10303065E-11      0.76227497E+01
      0.43805196E+00      0.10966895E+01     -0.33172992E-12      0.10398450E-11      0.76135746E+01
      0.43841945E+00      0.10946948E+01     -0.33355807E-12      0.10496065E-11      0.75997272E+01
      0.43878695E+00      0.10920380E+01     -0.33544092E-12      0.10596164E-11      0.75812828E+01
      0.43915444E+00      0.10887316E+01     -0.33738257E-12      0.10699011E-11      0.75583285E+01
      0.43952193E+00      0.10847899E+01     -0.33938707E-12      0.10804875E-11      0.75309641E+01
      0.43988943E+00      0.10802291E+01     -0.34145851E-12      0.10914034E-11      0.74993010E+01
      0.44025692E+00      0.10750667E+01     -0.34360094E-12      0.11026770E-11      0.74634623E+01
      0.44062441E+00      0.10693223E+01     -0.34581835E-12      0.11143372E-11      0.74235825E+01
      0.44099190E+00      0.10630167E+01     -0.34811469E-12      0.11264133E-11      0.73798073E+01
      0.44135940E+00      0.10561726E+01     -0.35049383E-12      0.11389350E-11      0.73322931E+01
      0.44172689E+00      0.10488139E+01     -0.35295953E-12      0.11519319E-11      0.72812068E+01
      0.44209438E+00      0.10409662E+01     -0.35551545E-12      0.11654343E-11      0.72267252E+01
      0.44246188E+00      0.10326562E+01     -0.35816510E-12      0.11794719E-11      0.71690350E+01
      0.44282937E+00      0.10239123E+01     -0.36091187E-12      0.11940748E-11      0.71083316E+01
      0.44319686E+00      0.10147638E+01     -0.36375894E-12      0.12092726E-11      0.70448197E+01
      0.44356436E+00      0.10052413E+01     -0.36670933E-12      0.12250946E-11      0.69787117E+01
      0.44393185E+00      0.99537663E+00     -0.36976584E-12      0.12415697E-11      0.69102279E+01
      0.44429934E+00      0.98520253E+00     -0.37293106E-12      0.12587262E-11      0.68395960E+01
      0.44466684E+00      0.97475271E+00     -0.37620733E-12      0.12765916E-11      0.67670499E+01
      0.44503433E+00      0.96406177E+00     -0.37959671E-12      0.12951925E-11      0.66928299E+01
      0.44540182E+00      0.95316509E+00     -0.38310102E-12      0.13145546E-11      0.66171817E+01
      0.44576932E+00      0.94209875E+00     -0.38672177E-12      0.13347025E-11      0.65403556E+01
      0.44613681E+00      0.93089946E+00     -0.39046016E-12      0.13556594E-11      0.64626064E+01
      0.44650430E+00      0.91960443E+00     -0.39431706E-12      0.13774473E-11      0.63841927E+01
      0.44687180E+00      0.90825130E+00     -0.39829302E-12      0.14000864E-11      0.63053756E+01
      0.44723929E+00      0.89687808E+00     -0.40238824E-12      0.14235954E-11      0.62264190E+01
      0.44760678E+00      0.88552299E+00     -0.40660252E-12      0.14479911E-11      0.61475882E+01
      0.44797428E+00      0.87422441E+00     -0.41093532E-12      0.14732885E-11      0.60691499E+01
      0.44834177E+00      0.86302081E+00     -0.41538570E-12      0.14995002E-11      0.59913708E+01
      0.44870926E+00      0.85195057E+00     -0.41995232E-12      0.15266371E-11      0.59145176E+01
      0.44907676E+00      0.84105199E+00     -0.42463344E-12      0.15547072E-11      0.58388561E+01
      0.44944425E+00      0.83036312E+00     -0.42942689E-12      0.15837164E-11      0.57646505E+01
      0.44981174E+00      0.81992171E+00     -0.43433008E-12      0.16136680E-11      0.56921628E+01
      0.45017924E+00      0.80976508E+00     -0.43934001E-12      0.16445626E-11      0.56216523E+01
      0.45054673E+00      0.79993009E+00     -0.44445323E-12      0.16763979E-11      0.55533745E+01
      0.45091422E+00      0.79045298E+00     -0.44966586E-12      0.17091688E-11      0.54875814E+01
      0.45128172E+00      0.78136935E+00     -0.45497357E-12      0.17428671E-11      0.54245198E+01
      0.45164921E+00      0.77271402E+00     -0.46037161E-12      0.17774817E-11      0.53644317E+01
      0.45201670E+00      0.76452098E+00     -0.46585478E-12      0.18129983E-11      0.53075530E+01
      0.45238420E+00      0.75682331E+00     -0.47141743E-12      0.18493992E-11      0.52541133E+01
      0.45275169E+00      0.74965309E+00     -0.47705351E-12      0.18866635E-11      0.52043353E+01
      0.45311918E+00      0.74304133E+00     -0.48275652E-12      0.19247669E-11      0.51584343E+01
      0.45348668E+00      0.73701791E+00     -0.48851952E-12      0.19636818E-11      0.51166178E+01
      0.45385417E+00      0.73161149E+00     -0.49433519E-12      0.20033770E-11      0.50790847E+01
      0.45422166E+00      0.72684948E+00     -0.50019576E-12      0.20438178E-11      0.50460252E+01
      0.45458916E+00      0.72275794E+00     -0.50609311E-12      0.20849661E-11      0.50176204E+01
      0.45495665E+00      0.71936154E+00     -0.51201870E-12      0.21267802E-11      0.49940415E+01
      0.45532414E+00      0.71668355E+00     -0.51796363E-12      0.21692149E-11      0.49754500E+01
      0.45569163E+00      0.71474570E+00     -0.52391863E-12      0.22122214E-11      0.49619969E+01
      0.45605913E+00      0.71356824E+00     -0.52987409E-12      0.22557475E-11      0.49538225E+01
      0.45642662E+00      0.71316981E+00     -0.53582008E-12      0.22997375E-11      0.49510565E+01
      0.45679411E+00      0.71356748E+00     -0.54174635E-12      0.23441323E-11      0.49538172E+01
      0.45716161E+00      0.71477665E+00     -0.54764238E-12      0.23888692E-11      0.49622117E+01
      0.45752910E+00      0.71681109E+00     -0.55349734E-12      0.24338825E-11      0.49763355E+01
      0.45789659E+00      0.71968288E+00     -0.55930018E-12      0.24791031E-11      0.49962724E+01
      0.45826409E+00      0.72340240E+00     -0.56503962E-12      0.25244587E-11      0.50220945E+01
      0.45863158E+00      0.72797832E+00     -0.57070416E-12      0.25698740E-11      0.50538620E+01
      0.45899907E+00      0.73341760E+00     -0.57628215E-12      0.26152708E-11      0.50916232E+01
      0.45936657E+00      0.73972547E+00     -0.58176174E-12      0.26605680E-11      0.51354145E+01
      0.45973406E+00      0.74690547E+00     -0.58713100E-12      0.27056819E-11      0.51852604E+01
      0.46010155E+00      0.75495941E+00     -0.59237785E-12      0.27505260E-11      0.52411735E+01
      0.46046905E+00      0.76388742E+00     -0.59749018E-12      0.27950117E-11      0.53031546E+01
      0.46083654E+00      0.77368795E+00     -0.60245579E-12      0.28390479E-11      0.53711931E+01
      0.46120403E+00      0.78435778E+00     -0.60726249E-12      0.28825417E-11      0.54452665E+01
      0.46157153E+00      0.79589207E+00     -0.61189809E-12      0.29253981E-11      0.55253413E+01
      0.46193902E+00      0.80828438E+00     -0.61635044E-12      0.29675204E-11      0.56113727E+01
      0.46230651E+00      0.82152669E+00     -0.62060745E-12      0.30088106E-11      0.57033052E+01
      0.46267401E+00      0.83560948E+00     -0.62465714E-12      0.30491692E-11      0.58010725E+01
      0.46304150E+00      0.85052171E+00     -0.62848766E-12      0.30884957E-11      0.59045980E+01
      0.46340899E+00      0.86625091E+00     -0.63208729E-12      0.31266890E-11      0.60137952E+01
      0.46377649E+00      0.88278321E+00     -0.63544453E-12      0.31636470E-11      0.61285678E+01
      0.46414398E+00      0.90010343E+00     -0.63854807E-12      0.31992674E-11      0.62488104E+01
      0.46451147E+00      0.91819507E+00     -0.64138688E-12      0.32334480E-11      0.63744085E+01
      0.46487897E+00      0.93704043E+00     -0.64395016E-12      0.32660863E-11      0.65052391E+01
      0.46524646E+00      0.95662062E+00     -0.64622745E-12      0.32970806E-11      0.66411711E+01
      0.46561395E+00      0.97691568E+00     -0.64820861E-12      0.33263295E-11      0.67820660E+01
      0.46598145E+00      0.99790458E+00     -0.64988385E-12      0.33537327E-11      0.69277778E+01
      0.46634894E+00      0.10195654E+01     -0.65124379E-12      0.33791912E-11      0.70781540E+01
      0.46671643E+00      0.10418752E+01     -0.65227943E-12      0.34026070E-11      0.72330359E+01
      0.46708393E+00      0.10648103E+01     -0.65298224E-12      0.34238842E-11      0.73922590E+01
      0.46745142E+00      0.10883463E+01     -0.65334412E-12      0.34429287E-11      0.75556536E+01
      0.46781891E+00      0.11124581E+01     -0.65335750E-12      0.34596488E-11      0.77230454E+01
      0.46818641E+00      0.11371199E+01     -0.65301528E-12      0.34739549E-11      0.78942559E+01
      0.46855390E+00      0.11623056E+01     -0.65231091E-12      0.34857608E-11      0.80691028E+01
      0.46892139E+00      0.11879883E+01     -0.65123837E-12      0.34949826E-11      0.82474009E+01
      0.46928889E+00      0.12141412E+01     -0.64979225E-12      0.35015404E-11      0.84289625E+01
      0.46965638E+00      0.12407367E+01     -0.64796768E-12      0.35053572E-11      0.86135975E+01
      0.47002387E+00      0.12677475E+01     -0.64576043E-12      0.35063602E-11      0.88011146E+01
      0.47039137E+00      0.12951456E+01     -0.64316688E-12      0.35044805E-11      0.89913215E+01
      0.47075886E+00      0.13229034E+01     -0.64018404E-12      0.34996535E-11      0.91840251E+01
      0.47112635E+00      0.13509930E+01     -0.63680957E-12      0.34918189E-11      0.93790326E+01
      0.47149384E+00      0.13793869E+01     -0.63304177E-12      0.34809212E-11      0.95761516E+01
      0.47186134E+00      0.14080573E+01     -0.62887963E-12      0.34669100E-11      0.97751909E+01
      0.47222883E+00      0.14369769E+01     -0.62432281E-12      0.34497397E-11      0.99759605E+01
      0.47259632E+00      0.14661187E+01     -0.61937164E-12      0.34293702E-11      0.10178272E+02
      0.47296382E+00      0.14954560E+01     -0.61402714E-12      0.34057668E-11      0.10381941E+02
      0.47333131E+00      0.15249623E+01     -0.60829101E-12      0.33789003E-11      0.10586784E+02
      0.47369880E+00      0.15546119E+01     -0.60216566E-12      0.33487475E-11      0.10792621E+02
      0.47406630E+00      0.15843795E+01     -0.59565416E-12      0.33152909E-11      0.10999277E+02
      0.47443379E+00      0.16142401E+01     -0.58876030E-12      0.32785192E-11      0.11206579E+02
      0.47480128E+00      0.16441697E+01     -0.58148852E-12      0.32384272E-11      0.11414360E+02
      0.47516878E+00      0.16741448E+01     -0.57384397E-12      0.31950159E-11      0.11622457E+02
      0.47553627E+00      0.17041425E+01     -0.56583245E-12      0.31482925E-11      0.11830711E+02
      0.47590376E+00      0.17341410E+01     -0.55746043E-12      0.30982710E-11      0.12038970E+02
      0.47627126E+00      0.17641188E+01     -0.54873503E-12      0.30449713E-11      0.12247086E+02
      0.47663875E+00      0.17940556E+01     -0.53966404E-12      0.29884200E-11      0.12454917E+02
      0.47700624E+00      0.18239317E+01     -0.53025583E-12      0.29286502E-11      0.12662327E+02
      0.47737374E+00      0.18537285E+01     -0.52051943E-12      0.28657015E-11      0.12869186E+02
      0.47774123E+00      0.18834281E+01     -0.51046446E-12      0.27996197E-11      0.13075370E+02
      0.47810872E+00      0.19130135E+01     -0.50010110E-12      0.27304571E-11      0.13280761E+02
      0.47847622E+00      0.19424687E+01     -0.48944013E-12      0.26582726E-11      0.13485249E+02
      0.47884371E+00      0.19717785E+01     -0.47849284E-12      0.25831309E-11      0.13688727E+02
      0.47921120E+00      0.20009288E+01     -0.46727108E-12      0.25051033E-11      0.13891098E+02
      0.47957870E+00      0.20299063E+01     -0.45578717E-12      0.24242669E-11      0.14092269E+02
      0.47994619E+00      0.20586987E+01     -0.44405394E-12      0.23407049E-11      0.14292155E+02
      0.48031368E+00      0.20872943E+01     -0.43208465E-12      0.22545062E-11      0.14490675E+02
      0.48068118E+00      0.21156828E+01     -0.41989300E-12      0.21657654E-11      0.14687757E+02
      0.48104867E+00      0.21438543E+01     -0.40749309E-12      0.20745825E-11      0.14883333E+02
      0.48141616E+00      0.21718001E+01     -0.39489942E-12      0.19810629E-11      0.15077342E+02
      0.48178366E+00      0.21995121E+01     -0.38212682E-12      0.18853169E-11      0.15269728E+02
      0.48215115E+00      0.22269832E+01     -0.36919043E-12      0.17874597E-11      0.15460441E+02
      0.48251864E+00      0.22542068E+01     -0.35610571E-12      0.16876112E-11      0.15649436E+02
      0.48288614E+00      0.22811774E+01     -0.34288837E-12      0.15858957E-11      0.15836674E+02
      0.48325363E+00      0.23078899E+01     -0.32955436E-12      0.14824413E-11      0.16022121E+02
      0.48362112E+00      0.23343399E+01     -0.31611983E-12      0.13773803E-11      0.16205746E+02
      0.48398862E+00      0.23605238E+01     -0.30260110E-12      0.12708482E-11      0.16387523E+02
      0.48435611E+00      0.23864383E+01     -0.28901464E-12      0.11629840E-11      0.16567430E+02
      0.48472360E+00      0.24120809E+01     -0.27537703E-12      0.10539294E-11      0.16745449E+02
      0.48509110E+00      0.24374494E+01     -0.26170492E-12      0.94382899E-12      0.16921566E+02
      0.48545859E+00      0.24625421E+01     -0.24801502E-12      0.83282933E-12      0.17095767E+02
      0.48582608E+00      0.24873575E+01     -0.23432406E-12      0.72107912E-12      0.17268044E+02
      0.48619358E+00      0.25118946E+01     -0.22064875E-12      0.60872859E-12      0.17438388E+02
      0.48656107E+00      0.25361526E+01     -0.20700577E-12      0.49592924E-12      0.17606795E+02
      0.48692856E+00      0.25601309E+01     -0.19341172E-12      0.38283347E-12      0.17773260E+02
      0.48729605E+00      0.25838289E+01     -0.17988308E-12      0.26959424E-12      0.17937780E+02
      0.48766355E+00      0.26072463E+01     -0.16643622E-12      0.15636467E-12      0.18100351E+02
      0.48803104E+00      0.26303827E+01     -0.15308733E-12      0.43297740E-13      0.18260971E+02
      0.48839853E+00      0.26532377E+01     -0.13985244E-12     -0.69454140E-13      0.18419638E+02
      0.48876603E+00      0.26758106E+01     -0.12674733E-12     -0.18173944E-12      0.18576347E+02
      0.48913352E+00      0.26981009E+01     -0.11378754E-12     -0.29340788E-12      0.18731093E+02
      0.48950101E+00      0.27201076E+01     -0.10098835E-12     -0.40431081E-12      0.18883871E+02
      0.48986851E+00      0.27418296E+01     -0.88364726E-13     -0.51430154E-12      0.19034672E+02
      0.49023600E+00      0.27632653E+01     -0.75931322E-13     -0.62323570E-12      0.19183485E+02
      0.49060349E+00      0.27844129E+01     -0.63702439E-13     -0.73097157E-12      0.19330299E+02
      0.49097099E+00      0.28052701E+01     -0.51692006E-13     -0.83737044E-12      0.19475096E+02
      0.49133848E+00      0.28258341E+01     -0.39913560E-13     -0.94229692E-12      0.19617858E+02
      0.49170597E+00      0.28461015E+01     -0.28380221E-13     -0.10456193E-11      0.19758561E+02
      0.49207347E+00      0.28660684E+01     -0.17104675E-13     -0.11472097E-11      0.19897178E+02
      0.49244096E+00      0.28857304E+01     -0.60991513E-14     -0.12469447E-11      0.20033678E+02
      0.49280845E+00      0.29050823E+01      0.46245949E-14     -0.13447052E-11      0.20168025E+02
      0.49317595E+00      0.29241182E+01      0.15055299E-13     -0.14403772E-11      0.20300178E+02
      0.49354344E+00      0.29428315E+01      0.25182203E-13     -0.15338515E-11      0.20430092E+02
      0.49391093E+00      0.29612149E+01      0.34995074E-13     -0.16250244E-11      0.20557716E+02
      0.49427843E+00      0.29792603E+01      0.44484213E-13     -0.17137978E-11      0.20682993E+02
      0.49464592E+00      0.29969587E+01      0.53640472E-13     -0.18000791E-11      0.20805861E+02
      0.49501341E+00      0.30143005E+01      0.62455264E-13     -0.18837821E-11      0.20926253E+02
      0.49538091E+00      0.30312749E+01      0.70920573E-13     -0.19648264E-11      0.21044095E+02
      0.49574840E+00      0.30478708E+01      0.79028965E-13     -0.20431382E-11      0.21159309E+02
      0.49611589E+00      0.30640756E+01      0.86773596E-13     -0.21186502E-11      0.21271808E+02
      0.49648339E+00      0.30798764E+01      0.94148218E-13     -0.21913014E-11      0.21381503E+02
      0.49685088E+00      0.30952592E+01      0.10114719E-12     -0.22610378E-11      0.21488295E+02
      0.49721837E+00      0.31102092E+01      0.10776546E-12     -0.23278123E-11      0.21592082E+02
      0.49758587E+00      0.31247107E+01      0.11399861E-12     -0.23915844E-11      0.21692756E+02
      0.49795336E+00      0.31387472E+01      0.11984284E-12     -0.24523209E-11      0.21790203E+02
      0.49832085E+00      0.31523017E+01      0.12529492E-12     -0.25099952E-11      0.21884302E+02
      0.49868835E+00      0.31653560E+01      0.13035230E-12     -0.25645881E-11      0.21974929E+02
      0.49905584E+00      0.31778914E+01      0.13501299E-12     -0.26160871E-11      0.22061954E+02
      0.49942333E+00      0.31898885E+01      0.13927564E-12     -0.26644868E-11      0.22145242E+02
      0.49979083E+00      0.32013273E+01      0.14313951E-12     -0.27097887E-11      0.22224654E+02
      0.50015832E+00      0.32121869E+01      0.14660446E-12     -0.27520011E-11      0.22300045E+02
      0.50052581E+00      0.32224462E+01      0.14967094E-12     -0.27911392E-11      0.22371269E+02
      0.50089331E+00      0.32320834E+01      0.15234002E-12     -0.28272248E-11      0.22438173E+02
      0.50126080E+00      0.32410761E+01      0.15461334E-12     -0.28602863E-11      0.22500603E+02
      0.50162829E+00      0.32494017E+01      0.15649313E-12     -0.28903583E-11      0.22558402E+02
      0.50199578E+00      0.32570372E+01      0.15798218E-12     -0.29174820E-11      0.22611411E+02
      0.50236328E+00      0.32639594E+01      0.15908387E-12     -0.29417043E-11      0.22659467E+02
      0.50273077E+00      0.32701448E+01      0.15980210E-12     -0.29630784E-11      0.22702408E+02
      0.50309826E+00      0.32755698E+01      0.16014133E-12     -0.29816627E-11      0.22740069E+02
      0.50346576E+00      0.32802107E+01      0.16010654E-12     -0.29975215E-11      0.22772288E+02
      0.50383325E+00      0.32840438E+01      0.15970324E-12     -0.30107240E-11      0.22798899E+02
      0.50420074E+00      0.32870457E+01      0.15893744E-12     -0.30213445E-11      0.22819739E+02
      0.50456824E+00      0.32891930E+01      0.15781561E-12     -0.30294620E-11      0.22834646E+02
      0.50493573E+00      0.32904626E+01      0.15634475E-12     -0.30351599E-11      0.22843460E+02
      0.50530322E+00      0.32908318E+01      0.15453226E-12     -0.30385256E-11      0.22846024E+02
      0.50567072E+00      0.32902784E+01      0.15238603E-12     -0.30396506E-11      0.22842182E+02
      0.50603821E+00      0.32887807E+01      0.14991434E-12     -0.30386297E-11      0.22831784E+02
      0.50640570E+00      0.32863174E+01      0.14712590E-12     -0.30355611E-11      0.22814683E+02
      0.50677320E+00      0.32828683E+01      0.14402981E-12     -0.30305457E-11      0.22790738E+02
      0.50714069E+00      0.32784137E+01      0.14063553E-12     -0.30236870E-11      0.22759813E+02
      0.50750818E+00      0.32729351E+01      0.13695289E-12     -0.30150909E-11      0.22721779E+02
      0.50787568E+00      0.32664146E+01      0.13299204E-12     -0.30048651E-11      0.22676511E+02
      0.50824317E+00      0.32588357E+01      0.12876344E-12     -0.29931188E-11      0.22623896E+02
      0.50861066E+00      0.32501830E+01      0.12427787E-12     -0.29799624E-11      0.22563826E+02
      0.50897816E+00      0.32404421E+01      0.11954636E-12     -0.29655072E-11      0.22496202E+02
      0.50934565E+00      0.32296004E+01      0.11458021E-12     -0.29498652E-11      0.22420935E+02
      0.50971314E+00      0.32176463E+01      0.10939094E-12     -0.29331484E-11      0.22337946E+02
      0.51008064E+00      0.32045700E+01      0.10399027E-12     -0.29154687E-11      0.22247166E+02
      0.51044813E+00      0.31903629E+01      0.98390147E-13     -0.28969375E-11      0.22148536E+02
      0.51081562E+00      0.31750186E+01      0.92602647E-13     -0.28776656E-11      0.22042011E+02
      0.51118312E+00      0.31585320E+01      0.86640008E-13     -0.28577624E-11      0.21927555E+02
      0.51155061E+00      0.31408999E+01      0.80514586E-13     -0.28373360E-11      0.21805148E+02
      0.51191810E+00      0.31221211E+01      0.74238839E-13     -0.28164930E-11      0.21674779E+02
      0.51228560E+00      0.31021961E+01      0.67825298E-13     -0.27953376E-11      0.21536453E+02
      0.51265309E+00      0.30811277E+01      0.61286553E-13     -0.27739718E-11      0.21390189E+02
      0.51302058E+00      0.30589203E+01      0.54635222E-13     -0.27524952E-11      0.21236018E+02
      0.51338808E+00      0.30355808E+01      0.47883932E-13     -0.27310044E-11      0.21073988E+02
      0.51375557E+00      0.30111180E+01      0.41045296E-13     -0.27095929E-11      0.20904159E+02
      0.51412306E+00      0.29855429E+01      0.34131888E-13     -0.26883509E-11      0.20726609E+02
      0.51449056E+00      0.29588687E+01      0.27156223E-13     -0.26673650E-11      0.20541428E+02
      0.51485805E+00      0.29311110E+01      0.20130731E-13     -0.26467183E-11      0.20348724E+02
      0.51522554E+00      0.29022872E+01      0.13067738E-13     -0.26264895E-11      0.20148621E+02
      0.51559304E+00      0.28724175E+01      0.59794403E-14     -0.26067536E-11      0.19941255E+02
      0.51596053E+00      0.28415240E+01     -0.11221183E-14     -0.25875812E-11      0.19726782E+02
      0.51632802E+00      0.28096311E+01     -0.82250660E-14     -0.25690382E-11      0.19505372E+02
      0.51669552E+00      0.27767658E+01     -0.15317727E-13     -0.25511865E-11      0.19277210E+02
      0.51706301E+00      0.27429569E+01     -0.22388641E-13     -0.25340828E-11      0.19042498E+02
      0.51743050E+00      0.27082357E+01     -0.29426590E-13     -0.25177793E-11      0.18801452E+02
      0.51779799E+00      0.26726358E+01     -0.36420612E-13     -0.25023236E-11      0.18554306E+02
      0.51816549E+00      0.26361928E+01     -0.43360026E-13     -0.24877580E-11      0.18301307E+02
      0.51853298E+00      0.25989445E+01     -0.50234453E-13     -0.24741202E-11      0.18042717E+02
      0.51890047E+00      0.25609310E+01     -0.57033832E-13     -0.24614428E-11      0.17778815E+02
      0.51926797E+00      0.25221943E+01     -0.63748444E-13     -0.24497538E-11      0.17509892E+02
      0.51963546E+00      0.24827785E+01     -0.70368925E-13     -0.24390759E-11      0.17236255E+02
      0.52000295E+00      0.24427295E+01     -0.76886290E-13     -0.24294271E-11      0.16958221E+02
      0.52037045E+00      0.24020953E+01     -0.83291947E-13     -0.24208206E-11      0.16676126E+02
      0.52073794E+00      0.23609256E+01     -0.89577712E-13     -0.24132649E-11      0.16390313E+02
      0.52110543E+00      0.23192720E+01     -0.95735830E-13     -0.24067638E-11      0.16101140E+02
      0.52147293E+00      0.22771876E+01     -0.10175899E-12     -0.24013165E-11      0.15808976E+02
      0.52184042E+00      0.22347272E+01     -0.10764032E-12     -0.23969177E-11      0.15514202E+02
      0.52220791E+00      0.21919469E+01     -0.11337345E-12     -0.23935579E-11      0.15217207E+02
      0.52257541E+00      0.21489043E+01     -0.11895245E-12     -0.23912235E-11      0.14918392E+02
      0.52294290E+00      0.21056583E+01     -0.12437192E-12     -0.23898966E-11      0.14618164E+02
      0.52331039E+00      0.20622690E+01     -0.12962695E-12     -0.23895558E-11      0.14316941E+02
      0.52367789E+00      0.20187974E+01     -0.13471314E-12     -0.23901757E-11      0.14015147E+02
      0.52404538E+00      0.19753055E+01     -0.13962662E-12     -0.23917278E-11      0.13713213E+02
      0.52441287E+00      0.19318563E+01     -0.14436403E-12     -0.23941799E-11      0.13411574E+02
      0.52478037E+00      0.18885132E+01     -0.14892258E-12     -0.23974971E-11      0.13110672E+02
      0.52514786E+00      0.18453404E+01     -0.15329998E-12     -0.24016414E-11      0.12810953E+02
      0.52551535E+00      0.18024024E+01     -0.15749451E-12     -0.24065725E-11      0.12512863E+02
      0.52588285E+00      0.17597639E+01     -0.16150500E-12     -0.24122474E-11      0.12216853E+02
      0.52625034E+00      0.17174901E+01     -0.16533081E-12     -0.24186210E-11      0.11923374E+02
      0.52661783E+00      0.16756458E+01     -0.16897185E-12     -0.24256465E-11      0.11632878E+02
      0.52698533E+00      0.16342961E+01     -0.17242858E-12     -0.24332753E-11      0.11345815E+02
      0.52735282E+00      0.15935055E+01     -0.17570200E-12     -0.24414574E-11      0.11062633E+02
      0.52772031E+00      0.15533383E+01     -0.17879366E-12     -0.24501415E-11      0.10783779E+02
      0.52808781E+00      0.15138582E+01     -0.18170561E-12     -0.24592757E-11      0.10509695E+02
      0.52845530E+00      0.14751282E+01     -0.18444046E-12     -0.24688070E-11      0.10240819E+02
      0.52882279E+00      0.14372104E+01     -0.18700131E-12     -0.24786823E-11      0.99775818E+01
      0.52919029E+00      0.14001662E+01     -0.18939178E-12     -0.24888482E-11      0.97204088E+01
      0.52955778E+00      0.13640557E+01     -0.19161596E-12     -0.24992512E-11      0.94697175E+01
      0.52992527E+00      0.13289376E+01     -0.19367845E-12     -0.25098384E-11      0.92259164E+01
      0.53029277E+00      0.12948695E+01     -0.19558429E-12     -0.25205571E-11      0.89894048E+01
      0.53066026E+00      0.12619074E+01     -0.19733897E-12     -0.25313553E-11      0.87605712E+01
      0.53102775E+00      0.12301056E+01     -0.19894843E-12     -0.25421822E-11      0.85397926E+01
      0.53139525E+00      0.11995166E+01     -0.20041898E-12     -0.25529879E-11      0.83274339E+01
      0.53176274E+00      0.11701911E+01     -0.20175737E-12     -0.25637238E-11      0.81238467E+01
      0.53213023E+00      0.11421776E+01     -0.20297068E-12     -0.25743430E-11      0.79293683E+01
      0.53249773E+00      0.11155227E+01     -0.20406635E-12     -0.25848000E-11      0.77443213E+01
      0.53286522E+00      0.10902706E+01     -0.20505212E-12     -0.25950513E-11      0.75690125E+01
      0.53323271E+00      0.10664630E+01     -0.20593606E-12     -0.26050553E-11      0.74037325E+01
      0.53360020E+00      0.10441393E+01     -0.20672647E-12     -0.26147726E-11      0.72487543E+01
      0.53396770E+00      0.10233363E+01     -0.20743191E-12     -0.26241660E-11      0.71043333E+01
      0.53433519E+00      0.10040882E+01     -0.20806113E-12     -0.26332005E-11      0.69707064E+01
      0.53470268E+00      0.98642620E+00     -0.20862307E-12     -0.26418437E-11      0.68480911E+01
      0.53507018E+00      0.97037890E+00     -0.20912681E-12     -0.26500657E-11      0.67366856E+01
      0.53543767E+00      0.95597189E+00     -0.20958155E-12     -0.26578390E-11      0.66366674E+01
      0.53580516E+00      0.94322778E+00     -0.20999657E-12     -0.26651389E-11      0.65481936E+01
      0.53617266E+00      0.93216613E+00     -0.21038118E-12     -0.26719433E-11      0.64714001E+01
      0.53654015E+00      0.92280343E+00     -0.21074473E-12     -0.26782329E-11      0.64064012E+01
      0.53690764E+00      0.91515298E+00     -0.21109652E-12     -0.26839908E-11      0.63532893E+01
      0.53727514E+00      0.90922491E+00     -0.21144582E-12     -0.26892031E-11      0.63121347E+01
      0.53764263E+00      0.90502610E+00     -0.21180178E-12     -0.26938585E-11      0.62829852E+01
      0.53801012E+00      0.90256021E+00     -0.21217343E-12     -0.26979481E-11      0.62658662E+01
      0.53837762E+00      0.90182760E+00     -0.21256965E-12     -0.27014659E-11      0.62607801E+01
      0.53874511E+00      0.90282534E+00     -0.21299909E-12     -0.27044081E-11      0.62677068E+01
      0.53911260E+00      0.90554724E+00     -0.21347020E-12     -0.27067736E-11      0.62866031E+01
      0.53948010E+00      0.90998380E+00     -0.21399113E-12     -0.27085636E-11      0.63174032E+01
      0.53984759E+00      0.91612226E+00     -0.21456973E-12     -0.27097815E-11      0.63600183E+01
      0.54021508E+00      0.92394659E+00     -0.21521351E-12     -0.27104328E-11      0.64143373E+01
      0.54058258E+00      0.93343753E+00     -0.21592963E-12     -0.27105250E-11      0.64802266E+01
      0.54095007E+00      0.94457265E+00     -0.21672480E-12     -0.27100678E-11      0.65575302E+01
      0.54131756E+00      0.95732635E+00     -0.21760532E-12     -0.27090722E-11      0.66460705E+01
      0.54168506E+00      0.97166992E+00     -0.21857703E-12     -0.27075511E-11      0.67456482E+01
      0.54205255E+00      0.98757160E+00     -0.21964525E-12     -0.27055187E-11      0.68560428E+01
      0.54242004E+00      0.10049967E+01     -0.22081478E-12     -0.27029907E-11      0.69770132E+01
      0.54278754E+00      0.10239074E+01     -0.22208987E-12     -0.26999836E-11      0.71082980E+01
      0.54315503E+00      0.10442634E+01     -0.22347420E-12     -0.26965152E-11      0.72496160E+01
      0.54352252E+00      0.10660214E+01     -0.22497085E-12     -0.26926036E-11      0.74006670E+01
      0.54389002E+00      0.10891355E+01     -0.22658226E-12     -0.26882680E-11      0.75611323E+01
      0.54425751E+00      0.11135571E+01     -0.22831025E-12     -0.26835277E-11      0.77306753E+01
      0.54462500E+00      0.11392354E+01     -0.23015598E-12     -0.26784021E-11      0.79089421E+01
      0.54499250E+00      0.11661170E+01     -0.23211992E-12     -0.26729111E-11      0.80955629E+01
      0.54535999E+00      0.11941463E+01     -0.23420189E-12     -0.26670741E-11      0.82901517E+01
      0.54572748E+00      0.12232657E+01     -0.23640097E-12     -0.26609102E-11      0.84923082E+01
      0.54609498E+00      0.12534155E+01     -0.23871558E-12     -0.26544381E-11      0.87016178E+01
      0.54646247E+00      0.12845341E+01     -0.24114341E-12     -0.26476758E-11      0.89176531E+01
      0.54682996E+00      0.13165582E+01     -0.24368145E-12     -0.26406406E-11      0.91399744E+01
      0.54719746E+00      0.13494227E+01     -0.24632597E-12     -0.26333486E-11      0.93681308E+01
      0.54756495E+00      0.13830614E+01     -0.24907255E-12     -0.26258148E-11      0.96016612E+01
      0.54793244E+00      0.14174063E+01     -0.25191606E-12     -0.26180532E-11      0.98400952E+01
      0.54829993E+00      0.14523887E+01     -0.25485069E-12     -0.26100760E-11      0.10082954E+02
      0.54866743E+00      0.14879384E+01     -0.25786993E-12     -0.26018941E-11      0.10329752E+02
      0.54903492E+00      0.15239846E+01     -0.26096665E-12     -0.25935166E-11      0.10579996E+02
      0.54940241E+00      0.15604557E+01     -0.26413303E-12     -0.25849510E-11      0.10833190E+02
      0.54976991E+00      0.15972793E+01     -0.26736064E-12     -0.25762028E-11      0.11088832E+02
      0.55013740E+00      0.16343827E+01     -0.27064048E-12     -0.25672757E-11      0.11346416E+02
      0.55050489E+00      0.16716931E+01     -0.27396294E-12     -0.25581713E-11      0.11605436E+02
      0.55087239E+00      0.17091372E+01     -0.27731789E-12     -0.25488892E-11      0.11865385E+02
      0.55123988E+00      0.17466418E+01     -0.28069468E-12     -0.25394271E-11      0.12125755E+02
      0.55160737E+00      0.17841341E+01     -0.28408220E-12     -0.25297802E-11      0.12386039E+02
      0.55197487E+00      0.18215413E+01     -0.28746888E-12     -0.25199419E-11      0.12645732E+02
      0.55234236E+00      0.18587913E+01     -0.29084279E-12     -0.25099036E-11      0.12904333E+02
      0.55270985E+00      0.18958123E+01     -0.29419163E-12     -0.24996542E-11      0.13161345E+02
      0.55307735E+00      0.19325336E+01     -0.29750280E-12     -0.24891811E-11      0.13416276E+02
      0.55344484E+00      0.19688851E+01     -0.30076346E-12     -0.24784692E-11      0.13668640E+02
      0.55381233E+00      0.20047979E+01     -0.30396054E-12     -0.24675019E-11      0.13917958E+02
      0.55417983E+00      0.20402041E+01     -0.30708085E-12     -0.24562606E-11      0.14163760E+02
      0.55454732E+00      0.20750372E+01     -0.31011109E-12     -0.24447250E-11      0.14405582E+02
      0.55491481E+00      0.21092322E+01     -0.31303793E-12     -0.24328732E-11      0.14642975E+02
      0.55528231E+00      0.21427254E+01     -0.31584806E-12     -0.24206818E-11      0.14875496E+02
      0.55564980E+00      0.21754549E+01     -0.31852826E-12     -0.24081263E-11      0.15102715E+02
      0.55601729E+00      0.22073607E+01     -0.32106544E-12     -0.23951806E-11      0.15324215E+02
      0.55638479E+00      0.22383844E+01     -0.32344673E-12     -0.23818181E-11      0.15539592E+02
      0.55675228E+00      0.22684699E+01     -0.32565953E-12     -0.23680111E-11      0.15748455E+02
      0.55711977E+00      0.22975629E+01     -0.32769159E-12     -0.23537314E-11      0.15950428E+02
      0.55748727E+00      0.23256114E+01     -0.32953103E-12     -0.23389503E-11      0.16145150E+02
      0.55785476E+00      0.23525658E+01     -0.33116646E-12     -0.23236390E-11      0.16332276E+02
      0.55822225E+00      0.23783787E+01     -0.33258703E-12     -0.23077689E-11      0.16511477E+02
      0.55858975E+00      0.24030050E+01     -0.33378247E-12     -0.22913116E-11      0.16682441E+02
      0.55895724E+00      0.24264024E+01     -0.33474318E-12     -0.22742390E-11      0.16844874E+02
      0.55932473E+00      0.24485310E+01     -0.33546028E-12     -0.22565241E-11      0.16998498E+02
      0.55969223E+00      0.24693535E+01     -0.33592569E-12     -0.22381409E-11      0.17143054E+02
      0.56005972E+00      0.24888352E+01     -0.33613219E-12     -0.22190646E-11      0.17278302E+02
      0.56042721E+00      0.25069443E+01     -0.33607345E-12     -0.21992722E-11      0.17404021E+02
      0.56079471E+00      0.25236516E+01     -0.33574412E-12     -0.21787422E-11      0.17520009E+02
      0.56116220E+00      0.25389307E+01     -0.33513989E-12     -0.21574555E-11      0.17626082E+02
      0.56152969E+00      0.25527580E+01     -0.33425753E-12     -0.21353954E-11      0.17722076E+02
      0.56189719E+00      0.25651129E+01     -0.33309493E-12     -0.21125476E-11      0.17807847E+02
      0.56226468E+00      0.25759773E+01     -0.33165118E-12     -0.20889009E-11      0.17883271E+02
      0.56263217E+00      0.25853361E+01     -0.32992660E-12     -0.20644474E-11      0.17948243E+02
      0.56299967E+00      0.25931770E+01     -0.32792278E-12     -0.20391822E-11      0.18002677E+02
      0.56336716E+00      0.25994907E+01     -0.32564261E-12     -0.20131045E-11      0.18046509E+02
      0.56373465E+00      0.26042705E+01     -0.32309038E-12     -0.19862171E-11      0.18079692E+02
      0.56410214E+00      0.26075125E+01     -0.32027170E-12     -0.19585272E-11      0.18102199E+02
      0.56446964E+00      0.26092156E+01     -0.31719364E-12     -0.19300461E-11      0.18114022E+02
      0.56483713E+00      0.26093815E+01     -0.31386469E-12     -0.19007898E-11      0.18115174E+02
      0.56520462E+00      0.26080145E+01     -0.31029479E-12     -0.18707789E-11      0.18105684E+02
      0.56557212E+00      0.26051216E+01     -0.30649535E-12     -0.18400392E-11      0.18085600E+02
      0.56593961E+00      0.26007123E+01     -0.30247927E-12     -0.18086011E-11      0.18054990E+02
      0.56630710E+00      0.25947988E+01     -0.29826094E-12     -0.17765008E-11      0.18013936E+02
      0.56667460E+00      0.25873957E+01     -0.29385622E-12     -0.17437793E-11      0.17962542E+02
      0.56704209E+00      0.25785201E+01     -0.28928246E-12     -0.17104835E-11      0.17900924E+02
      0.56740958E+00      0.25681913E+01     -0.28455848E-12     -0.16766654E-11      0.17829218E+02
      0.56777708E+00      0.25564310E+01     -0.27970455E-12     -0.16423830E-11      0.17747574E+02
      0.56814457E+00      0.25432631E+01     -0.27474239E-12     -0.16076997E-11      0.17656159E+02
      0.56851206E+00      0.25287137E+01     -0.26969512E-12     -0.15726846E-11      0.17555152E+02
      0.56887956E+00      0.25128108E+01     -0.26458721E-12     -0.15374125E-11      0.17444749E+02
      0.56924705E+00      0.24955844E+01     -0.25944450E-12     -0.15019638E-11      0.17325158E+02
      0.56961454E+00      0.24770666E+01     -0.25429410E-12     -0.14664246E-11      0.17196601E+02
      0.56998204E+00      0.24572909E+01     -0.24916439E-12     -0.14308863E-11      0.17059312E+02
      0.57034953E+00      0.24362929E+01     -0.24408492E-12     -0.13954459E-11      0.16913537E+02
      0.57071702E+00      0.24141095E+01     -0.23908637E-12     -0.13602056E-11      0.16759532E+02
      0.57108452E+00      0.23907793E+01     -0.23420049E-12     -0.13252728E-11      0.16597566E+02
      0.57145201E+00      0.23663421E+01     -0.22946002E-12     -0.12907598E-11      0.16427916E+02
      0.57181950E+00      0.23408392E+01     -0.22489862E-12     -0.12567836E-11      0.16250866E+02
      0.57218700E+00      0.23143131E+01     -0.22055078E-12     -0.12234661E-11      0.16066714E+02
      0.57255449E+00      0.22868074E+01     -0.21645176E-12     -0.11909330E-11      0.15875760E+02
      0.57292198E+00      0.22583665E+01     -0.21263747E-12     -0.11593143E-11      0.15678314E+02
      0.57328948E+00      0.22290359E+01     -0.20914437E-12     -0.11287439E-11      0.15474692E+02
      0.57365697E+00      0.21988621E+01     -0.20600942E-12     -0.10993587E-11      0.15265215E+02
      0.57402446E+00      0.21678919E+01     -0.20326990E-12     -0.10712989E-11      0.15050210E+02
      0.57439196E+00      0.21361731E+01     -0.20096340E-12     -0.10447075E-11      0.14830008E+02
      0.57475945E+00      0.21037537E+01     -0.19912761E-12     -0.10197296E-11      0.14604942E+02
      0.57512694E+00      0.20706824E+01     -0.19780027E-12     -0.99651230E-12      0.14375350E+02
      0.57549444E+00      0.20370080E+01     -0.19701905E-12     -0.97520430E-12      0.14141571E+02
      0.57586193E+00      0.20027796E+01     -0.19682140E-12     -0.95595524E-12      0.13903947E+02
      0.57622942E+00      0.19680467E+01     -0.19724444E-12     -0.93891539E-12      0.13662819E+02
      0.57659692E+00      0.19328584E+01     -0.19832486E-12     -0.92423514E-12      0.13418531E+02
      0.57696441E+00      0.18972641E+01     -0.20009876E-12     -0.91206451E-12      0.13171424E+02
      0.57733190E+00      0.18613131E+01     -0.20260156E-12     -0.90255270E-12      0.12921840E+02
      0.57769940E+00      0.18250543E+01     -0.20586784E-12     -0.89584749E-12      0.12670120E+02
      0.57806689E+00      0.17885365E+01     -0.20993123E-12     -0.89209483E-12      0.12416601E+02
      0.57843438E+00      0.17518081E+01     -0.21482429E-12     -0.89143821E-12      0.12161621E+02
      0.57880188E+00      0.17149169E+01     -0.22057835E-12     -0.89401821E-12      0.11905510E+02
      0.57916937E+00      0.16779107E+01     -0.22722342E-12     -0.89997191E-12      0.11648601E+02
      0.57953686E+00      0.16408361E+01     -0.23478807E-12     -0.90943240E-12      0.11391218E+02
      0.57990435E+00      0.16037397E+01     -0.24329925E-12     -0.92252819E-12      0.11133682E+02
      0.58027185E+00      0.15666670E+01     -0.25278223E-12     -0.93938271E-12      0.10876311E+02
      0.58063934E+00      0.15296629E+01     -0.26326047E-12     -0.96011377E-12      0.10619417E+02
      0.58100683E+00      0.14927715E+01     -0.27475546E-12     -0.98483301E-12      0.10363305E+02
      0.58137433E+00      0.14560362E+01     -0.28728668E-12     -0.10136454E-11      0.10108276E+02
      0.58174182E+00      0.14194993E+01     -0.30087141E-12     -0.10466488E-11      0.98546253E+01
      0.58210931E+00      0.13832023E+01     -0.31552469E-12     -0.10839332E-11      0.96026398E+01
      0.58247681E+00      0.13471858E+01     -0.33125920E-12     -0.11255805E-11      0.93526012E+01
      0.58284430E+00      0.13114892E+01     -0.34808515E-12     -0.11716641E-11      0.91047839E+01
      0.58321179E+00      0.12761510E+01     -0.36601021E-12     -0.12222481E-11      0.88594551E+01
      0.58357929E+00      0.12412088E+01     -0.38503940E-12     -0.12773871E-11      0.86168746E+01
      0.58394678E+00      0.12066988E+01     -0.40517504E-12     -0.13371257E-11      0.83772948E+01
      0.58431427E+00      0.11726562E+01     -0.42641667E-12     -0.14014982E-11      0.81409605E+01
      0.58468177E+00      0.11391153E+01     -0.44876098E-12     -0.14705282E-11      0.79081084E+01
      0.58504926E+00      0.11061089E+01     -0.47220175E-12     -0.15442281E-11      0.76789676E+01
      0.58541675E+00      0.10736690E+01     -0.49672979E-12     -0.16225989E-11      0.74537590E+01
      0.58578425E+00      0.10418261E+01     -0.52233293E-12     -0.17056299E-11      0.72326955E+01
      0.58615174E+00      0.10106098E+01     -0.54899595E-12     -0.17932986E-11      0.70159817E+01
      0.58651923E+00      0.98004838E+00     -0.57670056E-12     -0.18855701E-11      0.68038142E+01
      0.58688673E+00      0.95016895E+00     -0.60542541E-12     -0.19823972E-11      0.65963815E+01
      0.58725422E+00      0.92099747E+00     -0.63514603E-12     -0.20837201E-11      0.63938637E+01
      0.58762171E+00      0.89255874E+00     -0.66583485E-12     -0.21894662E-11      0.61964327E+01
      0.58798921E+00      0.86487634E+00     -0.69746123E-12     -0.22995504E-11      0.60042525E+01
      0.58835670E+00      0.83797272E+00     -0.72999145E-12     -0.24138744E-11      0.58174789E+01
      0.58872419E+00      0.81186917E+00     -0.76338872E-12     -0.25323272E-11      0.56362595E+01
      0.58909169E+00      0.78658580E+00     -0.79761325E-12     -0.26547850E-11      0.54607342E+01
      0.58945918E+00      0.76214162E+00     -0.83262227E-12     -0.27811110E-11      0.52910347E+01
      0.58982667E+00      0.73855450E+00     -0.86837008E-12     -0.29111558E-11      0.51272853E+01
      0.59019417E+00      0.71584119E+00     -0.90480812E-12     -0.30447575E-11      0.49696021E+01
      0.59056166E+00      0.69401736E+00     -0.94188503E-12     -0.31817415E-11      0.48180939E+01
      0.59092915E+00      0.67309758E+00     -0.97954675E-12     -0.33219212E-11      0.46728621E+01
      0.59129665E+00      0.65309538E+00     -0.10177366E-11     -0.34650980E-11      0.45340003E+01
      0.59166414E+00      0.63402324E+00     -0.10563952E-11     -0.36110617E-11      0.44015953E+01
      0.59203163E+00      0.61589259E+00     -0.10954611E-11     -0.37595904E-11      0.42757264E+01
      0.59239913E+00      0.59871387E+00     -0.11348701E-11     -0.39104517E-11      0.41564661E+01
      0.59276662E+00      0.58249651E+00     -0.11745561E-11     -0.40634021E-11      0.40438800E+01
      0.59313411E+00      0.56724900E+00     -0.12144509E-11     -0.42181883E-11      0.39380268E+01
      0.59350161E+00      0.55297885E+00     -0.12544843E-11     -0.43745473E-11      0.38389588E+01
      0.59386910E+00      0.53969262E+00     -0.12945841E-11     -0.45322065E-11      0.37467215E+01
      0.59423659E+00      0.52739598E+00     -0.13346769E-11     -0.46908852E-11      0.36613542E+01
      0.59460408E+00      0.51609369E+00     -0.13746875E-11     -0.48502943E-11      0.35828900E+01
      0.59497158E+00      0.50578962E+00     -0.14145394E-11     -0.50101372E-11      0.35113558E+01
      0.59533907E+00      0.49648678E+00     -0.14541551E-11     -0.51701105E-11      0.34467725E+01
      0.59570656E+00      0.48818733E+00     -0.14934559E-11     -0.53299048E-11      0.33891551E+01
      0.59607406E+00      0.48089260E+00     -0.15323624E-11     -0.54892049E-11      0.33385126E+01
      0.59644155E+00      0.47460309E+00     -0.15707946E-11     -0.56476909E-11      0.32948488E+01
      0.59680904E+00      0.46931849E+00     -0.16086720E-11     -0.58050389E-11      0.32581614E+01
      0.59717654E+00      0.46503772E+00     -0.16459139E-11     -0.59609216E-11      0.32284429E+01
      0.59754403E+00      0.46175892E+00     -0.16824396E-11     -0.61150093E-11      0.32056804E+01
      0.59791152E+00      0.45947943E+00     -0.17181683E-11     -0.62669702E-11      0.31898555E+01
      0.59827902E+00      0.45819587E+00     -0.17530198E-11     -0.64164719E-11      0.31809445E+01
      0.59864651E+00      0.45790409E+00     -0.17869143E-11     -0.65631816E-11      0.31789189E+01
      0.59901400E+00      0.45859922E+00     -0.18197728E-11     -0.67067673E-11      0.31837448E+01
      0.59938150E+00      0.46027565E+00     -0.18515170E-11     -0.68468985E-11      0.31953831E+01
      0.59974899E+00      0.46292706E+00     -0.18820701E-11     -0.69832468E-11      0.32137900E+01
      0.60011648E+00      0.46654638E+00     -0.19113564E-11     -0.71154872E-11      0.32389165E+01
      0.60048398E+00      0.47112587E+00     -0.19393017E-11     -0.72432986E-11      0.32707089E+01
      0.60085147E+00      0.47665708E+00     -0.19658335E-11     -0.73663647E-11      0.33091083E+01
      0.60121896E+00      0.48313082E+00     -0.19908814E-11     -0.74843750E-11      0.33540511E+01
      0.60158646E+00      0.49053725E+00     -0.20143769E-11     -0.75970252E-11      0.34054689E+01
      0.60195395E+00      0.49886580E+00     -0.20362539E-11     -0.77040186E-11      0.34632885E+01
      0.60232144E+00      0.50810523E+00     -0.20564487E-11     -0.78050662E-11      0.35274316E+01
      0.60268894E+00      0.51824360E+00     -0.20749002E-11     -0.78998883E-11      0.35978154E+01
      0.60305643E+00      0.52926828E+00     -0.20915501E-11     -0.79882144E-11      0.36743523E+01
      0.60342392E+00      0.54116593E+00     -0.21063431E-11     -0.80697847E-11      0.37569497E+01
      0.60379142E+00      0.55392256E+00     -0.21192272E-11     -0.81443502E-11      0.38455104E+01
      0.60415891E+00      0.56752347E+00     -0.21301533E-11     -0.82116740E-11      0.39399323E+01
      0.60452640E+00      0.58195326E+00     -0.21390760E-11     -0.82715315E-11      0.40401086E+01
      0.60489390E+00      0.59719587E+00     -0.21459534E-11     -0.83237112E-11      0.41459277E+01
      0.60526139E+00      0.61323453E+00     -0.21507472E-11     -0.83680153E-11      0.42572733E+01
      0.60562888E+00      0.63005180E+00     -0.21534229E-11     -0.84042604E-11      0.43740242E+01
      0.60599638E+00      0.64762954E+00     -0.21539501E-11     -0.84322780E-11      0.44960546E+01
      0.60636387E+00      0.66594893E+00     -0.21523021E-11     -0.84519148E-11      0.46232338E+01
      0.60673136E+00      0.68499049E+00     -0.21484566E-11     -0.84630334E-11      0.47554265E+01
      0.60709886E+00      0.70473402E+00     -0.21423952E-11     -0.84655129E-11      0.48924925E+01
      0.60746635E+00      0.72515868E+00     -0.21341040E-11     -0.84592487E-11      0.50342871E+01
      0.60783384E+00      0.74624294E+00     -0.21235732E-11     -0.84441535E-11      0.51806609E+01
      0.60820134E+00      0.76796460E+00     -0.21107974E-11     -0.84201574E-11      0.53314598E+01
      0.60856883E+00      0.79030082E+00     -0.20957757E-11     -0.83872078E-11      0.54865250E+01
      0.60893632E+00      0.81322809E+00     -0.20785115E-11     -0.83452702E-11      0.56456935E+01
      0.60930382E+00      0.83672224E+00     -0.20590127E-11     -0.82943280E-11      0.58087976E+01
      0.60967131E+00      0.86075850E+00     -0.20372916E-11     -0.82343828E-11      0.59756651E+01
      0.61003880E+00      0.88531144E+00     -0.20133649E-11     -0.81654543E-11      0.61461196E+01
      0.61040629E+00      0.91035504E+00     -0.19872539E-11     -0.80875805E-11      0.63199804E+01
      0.61077379E+00      0.93586267E+00     -0.19589839E-11     -0.80008177E-11      0.64970627E+01
      0.61114128E+00      0.96180712E+00     -0.19285849E-11     -0.79052404E-11      0.66771774E+01
      0.61150877E+00      0.98816060E+00     -0.18960910E-11     -0.78009410E-11      0.68601319E+01
      0.61187627E+00      0.10148948E+01     -0.18615406E-11     -0.76880300E-11      0.70457293E+01
      0.61224376E+00      0.10419808E+01     -0.18249761E-11     -0.75666356E-11      0.72337694E+01
      0.61261125E+00      0.10693893E+01     -0.17864443E-11     -0.74369033E-11      0.74240482E+01
      0.61297875E+00      0.10970905E+01     -0.17459956E-11     -0.72989959E-11      0.76163586E+01
      0.61334624E+00      0.11250539E+01     -0.17036843E-11     -0.71530931E-11      0.78104900E+01
      0.61371373E+00      0.11532490E+01     -0.16595688E-11     -0.69993910E-11      0.80062290E+01
      0.61408123E+00      0.11816444E+01     -0.16137106E-11     -0.68381015E-11      0.82033594E+01
      0.61444872E+00      0.12102088E+01     -0.15661750E-11     -0.66694524E-11      0.84016623E+01
      0.61481621E+00      0.12389101E+01     -0.15170306E-11     -0.64936863E-11      0.86009165E+01
      0.61518371E+00      0.12677163E+01     -0.14663492E-11     -0.63110605E-11      0.88008986E+01
      0.61555120E+00      0.12965949E+01     -0.14142055E-11     -0.61218459E-11      0.90013832E+01
      0.61591869E+00      0.13255132E+01     -0.13606771E-11     -0.59263270E-11      0.92021435E+01
      0.61628619E+00      0.13544384E+01     -0.13058443E-11     -0.57248007E-11      0.94029511E+01
      0.61665368E+00      0.13833373E+01     -0.12497899E-11     -0.55175760E-11      0.96035766E+01
      0.61702117E+00      0.14121767E+01     -0.11925991E-11     -0.53049731E-11      0.98037897E+01
      0.61738867E+00      0.14409236E+01     -0.11343589E-11     -0.50873224E-11      0.10003360E+02
      0.61775616E+00      0.14695445E+01     -0.10751585E-11     -0.48649645E-11      0.10202055E+02
      0.61812365E+00      0.14980062E+01     -0.10150887E-11     -0.46382483E-11      0.10399646E+02
      0.61849115E+00      0.15262755E+01     -0.95424177E-12     -0.44075313E-11      0.10595901E+02
      0.61885864E+00      0.15543193E+01     -0.89271130E-12     -0.41731779E-11      0.10790590E+02
      0.61922613E+00      0.15821047E+01     -0.83059193E-12     -0.39355590E-11      0.10983485E+02
      0.61959363E+00      0.16095988E+01     -0.76797914E-12     -0.36950510E-11      0.11174358E+02
      0.61996112E+00      0.16367692E+01     -0.70496903E-12     -0.34520348E-11      0.11362984E+02
      0.62032861E+00      0.16635837E+01     -0.64165811E-12     -0.32068953E-11      0.11549139E+02
      0.62069611E+00      0.16900104E+01     -0.57814309E-12     -0.29600199E-11      0.11732601E+02
      0.62106360E+00      0.17160179E+01     -0.51452064E-12     -0.27117982E-11      0.11913154E+02
      0.62143109E+00      0.17415751E+01     -0.45088714E-12     -0.24626205E-11      0.12090580E+02
      0.62179859E+00      0.17666515E+01     -0.38733855E-12     -0.22128775E-11      0.12264669E+02
      0.62216608E+00      0.17912173E+01     -0.32397009E-12     -0.19629590E-11      0.12435212E+02
      0.62253357E+00      0.18152429E+01     -0.26087610E-12     -0.17132531E-11      0.12602006E+02
      0.62290107E+00      0.18386997E+01     -0.19814980E-12     -0.14641453E-11      0.12764851E+02
      0.62326856E+00      0.18615597E+01     -0.13588308E-12     -0.12160175E-11      0.12923552E+02
      0.62363605E+00      0.18837955E+01     -0.74166301E-13     -0.96924761E-12      0.13077921E+02
      0.62400355E+00      0.19053808E+01     -0.13088107E-13     -0.72420803E-12      0.13227773E+02
      0.62437104E+00      0.19262898E+01      0.47264778E-13     -0.48126532E-12      0.13372930E+02
      0.62473853E+00      0.19464978E+01      0.10680774E-12     -0.24077915E-12      0.13513220E+02
      0.62510603E+00      0.19659810E+01      0.16545843E-12     -0.31016047E-14      0.13648478E+02
      0.62547352E+00      0.19847163E+01      0.22313699E-12      0.23142363E-12      0.13778545E+02
      0.62584101E+00      0.20026821E+01      0.27976615E-12      0.46246198E-12      0.13903269E+02
      0.62620850E+00      0.20198573E+01      0.33527145E-12      0.68968871E-12      0.14022506E+02
      0.62657600E+00      0.20362224E+01      0.38958135E-12      0.91278960E-12      0.14136117E+02
      0.62694349E+00      0.20517586E+01      0.44262738E-12      0.11314616E-11      0.14243975E+02
      0.62731098E+00      0.20664485E+01      0.49434427E-12      0.13454134E-11      0.14345957E+02
      0.62767848E+00      0.20802758E+01      0.54467011E-12      0.15543660E-11      0.14441950E+02
      0.62804597E+00      0.20932253E+01      0.59354640E-12      0.17580535E-11      0.14531850E+02
      0.62841346E+00      0.21052832E+01      0.64091819E-12      0.19562232E-11      0.14615560E+02
      0.62878096E+00      0.21164368E+01      0.68673419E-12      0.21486363E-11      0.14692992E+02
      0.62914845E+00      0.21266749E+01      0.73094682E-12      0.23350685E-11      0.14764068E+02
      0.62951594E+00      0.21359874E+01      0.77351230E-12      0.25153098E-11      0.14828718E+02
      0.62988344E+00      0.21443655E+01      0.81439072E-12      0.26891656E-11      0.14886882E+02
      0.63025093E+00      0.21518018E+01      0.85354607E-12      0.28564565E-11      0.14938507E+02
      0.63061842E+00      0.21582903E+01      0.89094630E-12      0.30170185E-11      0.14983553E+02
      0.63098592E+00      0.21638262E+01      0.92656334E-12      0.31707038E-11      0.15021984E+02
      0.63135341E+00      0.21684061E+01      0.96037314E-12      0.33173800E-11      0.15053779E+02
      0.63172090E+00      0.21720278E+01      0.99235564E-12      0.34569315E-11      0.15078923E+02
      0.63208840E+00      0.21746908E+01      0.10224948E-11      0.35892582E-11      0.15097410E+02
      0.63245589E+00      0.21763955E+01      0.10507787E-11      0.37142767E-11      0.15109245E+02
      0.63282338E+00      0.21771440E+01      0.10771991E-11      0.38319195E-11      0.15114441E+02
      0.63319088E+00      0.21769395E+01      0.11017520E-11      0.39421356E-11      0.15113021E+02
      0.63355837E+00      0.21757865E+01      0.11244372E-11      0.40448897E-11      0.15105016E+02
      0.63392586E+00      0.21736908E+01      0.11452583E-11      0.41401629E-11      0.15090468E+02
      0.63429336E+00      0.21706597E+01      0.11642228E-11      0.42279515E-11      0.15069424E+02
      0.63466085E+00      0.21667013E+01      0.11813418E-11      0.43082679E-11      0.15041944E+02
      0.63502834E+00      0.21618253E+01      0.11966301E-11      0.43811396E-11      0.15008094E+02
      0.63539584E+00      0.21560425E+01      0.12101061E-11      0.44466090E-11      0.14967948E+02
      0.63576333E+00      0.21493648E+01      0.12217914E-11      0.45047335E-11      0.14921588E+02
      0.63613082E+00      0.21418051E+01      0.12317114E-11      0.45555845E-11      0.14869107E+02
      0.63649832E+00      0.21333777E+01      0.12398942E-11      0.45992476E-11      0.14810601E+02
      0.63686581E+00      0.21240978E+01      0.12463714E-11      0.46358218E-11      0.14746177E+02
      0.63723330E+00      0.21139815E+01      0.12511773E-11      0.46654191E-11      0.14675946E+02
      0.63760080E+00      0.21030461E+01      0.12543494E-11      0.46881644E-11      0.14600029E+02
      0.63796829E+00      0.20913097E+01      0.12559275E-11      0.47041941E-11      0.14518551E+02
      0.63833578E+00      0.20787913E+01      0.12559542E-11      0.47136567E-11      0.14431644E+02
      0.63870328E+00      0.20655107E+01      0.12544745E-11      0.47167112E-11      0.14339446E+02
      0.63907077E+00      0.20514887E+01      0.12515355E-11      0.47135272E-11      0.14242101E+02
      0.63943826E+00      0.20367466E+01      0.12471866E-11      0.47042839E-11      0.14139756E+02
      0.63980576E+00      0.20213064E+01      0.12414791E-11      0.46891699E-11      0.14032566E+02
      0.64017325E+00      0.20051910E+01      0.12344658E-11      0.46683820E-11      0.13920687E+02
      0.64054074E+00      0.19884236E+01      0.12262014E-11      0.46421250E-11      0.13804282E+02
      0.64090823E+00      0.19710280E+01      0.12167420E-11      0.46106109E-11      0.13683517E+02
      0.64127573E+00      0.19530287E+01      0.12061448E-11      0.45740581E-11      0.13558560E+02
      0.64164322E+00      0.19344504E+01      0.11944682E-11      0.45326909E-11      0.13429583E+02
      0.64201071E+00      0.19153181E+01      0.11817714E-11      0.44867387E-11      0.13296761E+02
      0.64237821E+00      0.18956574E+01      0.11681146E-11      0.44364353E-11      0.13160269E+02
      0.64274570E+00      0.18754939E+01      0.11535582E-11      0.43820184E-11      0.13020288E+02
      0.64311319E+00      0.18548536E+01      0.11381633E-11      0.43237286E-11      0.12876996E+02
      0.64348069E+00      0.18337624E+01      0.11219911E-11      0.42618090E-11      0.12730575E+02
      0.64384818E+00      0.18122467E+01      0.11051028E-11      0.41965045E-11      0.12581205E+02
      0.64421567E+00      0.17903325E+01      0.10875597E-11      0.41280607E-11      0.12429070E+02
      0.64458317E+00      0.17680461E+01      0.10694227E-11      0.40567238E-11      0.12274350E+02
      0.64495066E+00      0.17454136E+01      0.10507523E-11      0.39827398E-11      0.12117228E+02
      0.64531815E+00      0.17224610E+01      0.10316085E-11      0.39063534E-11      0.11957884E+02
      0.64568565E+00      0.16992143E+01      0.10120503E-11      0.38278082E-11      0.11796498E+02
      0.64605314E+00      0.16756990E+01      0.99213631E-12      0.37473452E-11      0.11633247E+02
      0.64642063E+00      0.16519406E+01      0.97192373E-12      0.36652030E-11      0.11468308E+02
      0.64678813E+00      0.16279642E+01      0.95146879E-12      0.35816166E-11      0.11301856E+02
      0.64715562E+00      0.16037946E+01      0.93082647E-12      0.34968172E-11      0.11134063E+02
      0.64752311E+00      0.15794561E+01      0.91005030E-12      0.34110316E-11      0.10965097E+02
      0.64789061E+00      0.15549727E+01      0.88919237E-12      0.33244818E-11      0.10795126E+02
      0.64825810E+00      0.15303680E+01      0.86830310E-12      0.32373841E-11      0.10624312E+02
      0.64862559E+00      0.15056649E+01      0.84743125E-12      0.31499490E-11      0.10452815E+02
      0.64899309E+00      0.14808860E+01      0.82662373E-12      0.30623810E-11      0.10280792E+02
      0.64936058E+00      0.14560531E+01      0.80592558E-12      0.29748775E-11      0.10108394E+02
      0.64972807E+00      0.14311876E+01      0.78537987E-12      0.28876291E-11      0.99357694E+01
      0.65009557E+00      0.14063103E+01      0.76502759E-12      0.28008188E-11      0.97630629E+01
      0.65046306E+00      0.13814412E+01      0.74490765E-12      0.27146220E-11      0.95904135E+01
      0.65083055E+00      0.13565998E+01      0.72505677E-12      0.26292058E-11      0.94179562E+01
      0.65119805E+00      0.13318048E+01      0.70550944E-12      0.25447294E-11      0.92458212E+01
      0.65156554E+00      0.13070742E+01      0.68629792E-12      0.24613433E-11      0.90741340E+01
      0.65193303E+00      0.12824256E+01      0.66745213E-12      0.23791891E-11      0.89030151E+01
      0.65230053E+00      0.12578754E+01      0.64899969E-12      0.22983998E-11      0.87325799E+01
      0.65266802E+00      0.12334397E+01      0.63096588E-12      0.22190993E-11      0.85629390E+01
      0.65303551E+00      0.12091335E+01      0.61337360E-12      0.21414023E-11      0.83941977E+01
      0.65340301E+00      0.11849714E+01      0.59624340E-12      0.20654145E-11      0.82264562E+01
      0.65377050E+00      0.11609669E+01      0.57959350E-12      0.19912321E-11      0.80598096E+01
      0.65413799E+00      0.11371332E+01      0.56343972E-12      0.19189424E-11      0.78943479E+01
      0.65450549E+00      0.11134823E+01      0.54779561E-12      0.18486231E-11      0.77301558E+01
      0.65487298E+00      0.10900258E+01      0.53267236E-12      0.17803430E-11      0.75673131E+01
      0.65524047E+00      0.10667744E+01      0.51807893E-12      0.17141616E-11      0.74058945E+01
      0.65560797E+00      0.10437382E+01      0.50402202E-12      0.16501295E-11      0.72459695E+01
      0.65597546E+00      0.10209264E+01      0.49050614E-12      0.15882883E-11      0.70876030E+01
      0.65634295E+00      0.99834785E+00      0.47753366E-12      0.15286709E-11      0.69308551E+01
      0.65671044E+00      0.97601033E+00      0.46510486E-12      0.14713017E-11      0.67757808E+01
      0.65707794E+00      0.95392120E+00      0.45321800E-12      0.14161965E-11      0.66224309E+01
      0.65744543E+00      0.93208711E+00      0.44186937E-12      0.13633633E-11      0.64708515E+01
      0.65781292E+00      0.91051409E+00      0.43105337E-12      0.13128018E-11      0.63210846E+01
      0.65818042E+00      0.88920755E+00      0.42076257E-12      0.12645043E-11      0.61731677E+01
      0.65854791E+00      0.86817234E+00      0.41098783E-12      0.12184556E-11      0.60271344E+01
      0.65891540E+00      0.84741275E+00      0.40171834E-12      0.11746334E-11      0.58830146E+01
      0.65928290E+00      0.82693253E+00      0.39294170E-12      0.11330086E-11      0.57408342E+01
      0.65965039E+00      0.80673492E+00      0.38464408E-12      0.10935459E-11      0.56006159E+01
      0.66001788E+00      0.78682269E+00      0.37681021E-12      0.10562035E-11      0.54623787E+01
      0.66038538E+00      0.76719814E+00      0.36942355E-12      0.10209340E-11      0.53261387E+01
      0.66075287E+00      0.74786315E+00      0.36246638E-12      0.98768464E-12      0.51919089E+01
      0.66112036E+00      0.72881922E+00      0.35591983E-12      0.95639756E-12      0.50596998E+01
      0.66148786E+00      0.71006746E+00      0.34976409E-12      0.92701021E-12      0.49295190E+01
      0.66185535E+00      0.69160864E+00      0.34397840E-12      0.89945578E-12      0.48013718E+01
      0.66222284E+00      0.67344322E+00      0.33854123E-12      0.87366355E-12      0.46752616E+01
      0.66259034E+00      0.65557138E+00      0.33343033E-12      0.84955928E-12      0.45511895E+01
      0.66295783E+00      0.63799304E+00      0.32862288E-12      0.82706558E-12      0.44291549E+01
      0.66332532E+00      0.62070790E+00      0.32409554E-12      0.80610237E-12      0.43091559E+01
      0.66369282E+00      0.60371546E+00      0.31982458E-12      0.78658718E-12      0.41911888E+01
      0.66406031E+00      0.58701505E+00      0.31578597E-12      0.76843561E-12      0.40752491E+01
      0.66442780E+00      0.57060584E+00      0.31195548E-12      0.75156165E-12      0.39613311E+01
      0.66479530E+00      0.55448690E+00      0.30830876E-12      0.73587811E-12      0.38494282E+01
      0.66516279E+00      0.53865721E+00      0.30482149E-12      0.72129696E-12      0.37395333E+01
      0.66553028E+00      0.52311566E+00      0.30146937E-12      0.70772973E-12      0.36316389E+01
      0.66589778E+00      0.50786113E+00      0.29822831E-12      0.69508782E-12      0.35257369E+01
      0.66626527E+00      0.49289244E+00      0.29507447E-12      0.68328286E-12      0.34218195E+01
      0.66663276E+00      0.47820845E+00      0.29198433E-12      0.67222709E-12      0.33198784E+01
      0.66700026E+00      0.46380800E+00      0.28893480E-12      0.66183362E-12      0.32199058E+01
      0.66736775E+00      0.44969000E+00      0.28590328E-12      0.65201678E-12      0.31218940E+01
      0.66773524E+00      0.43585340E+00      0.28286775E-12      0.64269244E-12      0.30258359E+01
      0.66810274E+00      0.42229724E+00      0.27980681E-12      0.63377824E-12      0.29317246E+01
      0.66847023E+00      0.40902064E+00      0.27669978E-12      0.62519390E-12      0.28395541E+01
      0.66883772E+00      0.39602281E+00      0.27352672E-12      0.61686148E-12      0.27493190E+01
      0.66920522E+00      0.38330310E+00      0.27026854E-12      0.60870560E-12      0.26610147E+01
      0.66957271E+00      0.37086098E+00      0.26690702E-12      0.60065367E-12      0.25746374E+01
      0.66994020E+00      0.35869603E+00      0.26342485E-12      0.59263611E-12      0.24901844E+01
      0.67030770E+00      0.34680801E+00      0.25980570E-12      0.58458654E-12      0.24076538E+01
      0.67067519E+00      0.33519679E+00      0.25603426E-12      0.57644194E-12      0.23270450E+01
      0.67104268E+00      0.32386244E+00      0.25209624E-12      0.56814282E-12      0.22483583E+01
      0.67141018E+00      0.31280515E+00      0.24797846E-12      0.55963334E-12      0.21715949E+01
      0.67177767E+00      0.30202527E+00      0.24366882E-12      0.55086146E-12      0.20967575E+01
      0.67214516E+00      0.29152334E+00      0.23915636E-12      0.54177903E-12      0.20238497E+01
      0.67251265E+00      0.28130003E+00      0.23443126E-12      0.53234187E-12      0.19528762E+01
      0.67288015E+00      0.27135616E+00      0.22948487E-12      0.52250984E-12      0.18838426E+01
      0.67324764E+00      0.26169274E+00      0.22430969E-12      0.51224691E-12      0.18167560E+01
      0.67361513E+00      0.25231088E+00      0.21889942E-12      0.50152117E-12      0.17516241E+01
      0.67398263E+00      0.24321186E+00      0.21324892E-12      0.49030485E-12      0.16884558E+01
      0.67435012E+00      0.23439709E+00      0.20735422E-12      0.47857435E-12      0.16272607E+01
      0.67471761E+00      0.22586808E+00      0.20121254E-12      0.46631019E-12      0.15680496E+01
      0.67508511E+00      0.21762647E+00      0.19482223E-12      0.45349698E-12      0.15108337E+01
      0.67545260E+00      0.20967401E+00      0.18818281E-12      0.44012343E-12      0.14556251E+01
      0.67582009E+00      0.20201253E+00      0.18129489E-12      0.42618220E-12      0.14024366E+01
      0.67618759E+00      0.19464392E+00      0.17416022E-12      0.41166991E-12      0.13512813E+01
      0.67655508E+00      0.18757016E+00      0.16678162E-12      0.39658700E-12      0.13021730E+01
      0.67692257E+00      0.18079326E+00      0.15916295E-12      0.38093764E-12      0.12551256E+01
      0.67729007E+00      0.17431528E+00      0.15130911E-12      0.36472964E-12      0.12101533E+01
      0.67765756E+00      0.16813827E+00      0.14322599E-12      0.34797430E-12      0.11672705E+01
      0.67802505E+00      0.16226430E+00      0.13492043E-12      0.33068631E-12      0.11264915E+01
      0.67839255E+00      0.15669541E+00      0.12640018E-12      0.31288355E-12      0.10878304E+01
      0.67876004E+00      0.15143363E+00      0.11767390E-12      0.29458700E-12      0.10513014E+01
      0.67912753E+00      0.14648090E+00      0.10875106E-12      0.27582054E-12      0.10169180E+01
      0.67949503E+00      0.14183912E+00      0.99641937E-13      0.25661080E-12      0.98469328E+00
      0.67986252E+00      0.13751010E+00      0.90357560E-13      0.23698696E-12      0.95463979E+00
      0.68023001E+00      0.13349553E+00      0.80909659E-13      0.21698062E-12      0.92676932E+00
      0.68059751E+00      0.12979697E+00      0.71310626E-13      0.19662557E-12      0.90109276E+00
      0.68096500E+00      0.12641587E+00      0.61573461E-13      0.17595761E-12      0.87762006E+00
      0.68133249E+00      0.12335349E+00      0.51711726E-13      0.15501437E-12      0.85636003E+00
      0.68169999E+00      0.12061093E+00      0.41739498E-13      0.13383512E-12      0.83732027E+00
      0.68206748E+00      0.11818909E+00      0.31671314E-13      0.11246056E-12      0.82050703E+00
      0.68243497E+00      0.11608864E+00      0.21522128E-13      0.90932605E-13      0.80592508E+00
      0.68280247E+00      0.11431007E+00      0.11307254E-13      0.69294244E-13      0.79357762E+00
      0.68316996E+00      0.11285358E+00      0.10423225E-14      0.47589292E-13      0.78346619E+00
      0.68353745E+00      0.11171913E+00     -0.92567711E-14      0.25862223E-13      0.77559050E+00
      0.68390495E+00      0.11090642E+00     -0.19573916E-13      0.41579682E-14      0.76994840E+00
      0.68427244E+00      0.11041485E+00     -0.29892831E-13     -0.17478272E-13      0.76653574E+00
      0.68463993E+00      0.11024352E+00     -0.40197118E-13     -0.39001210E-13      0.76534630E+00
      0.68500743E+00      0.11039122E+00     -0.50470301E-13     -0.60365658E-13      0.76637171E+00
      0.68537492E+00      0.11085643E+00     -0.60695876E-13     -0.81526696E-13      0.76960134E+00
      0.68574241E+00      0.11163728E+00     -0.70857354E-13     -0.10243985E-12      0.77502228E+00
      0.68610991E+00      0.11273158E+00     -0.80938306E-13     -0.12306126E-12      0.78261922E+00
      0.68647740E+00      0.11413676E+00     -0.90922400E-13     -0.14334783E-12      0.79237443E+00
      0.68684489E+00      0.11584991E+00     -0.10079345E-12     -0.16325738E-12      0.80426771E+00
      0.68721238E+00      0.11786776E+00     -0.11053543E-12     -0.18274880E-12      0.81827629E+00
      0.68757988E+00      0.12018667E+00     -0.12013256E-12     -0.20178218E-12      0.83437488E+00
      0.68794737E+00      0.12280260E+00     -0.12956928E-12     -0.22031894E-12      0.85253555E+00
      0.68831486E+00      0.12571117E+00     -0.13883034E-12     -0.23832196E-12      0.87272780E+00
      0.68868236E+00      0.12890760E+00     -0.14790079E-12     -0.25575565E-12      0.89491844E+00
      0.68904985E+00      0.13238673E+00     -0.15676603E-12     -0.27258614E-12      0.91907168E+00
      0.68941734E+00      0.13614302E+00     -0.16541184E-12     -0.28878129E-12      0.94514907E+00
      0.68978484E+00      0.14017056E+00     -0.17382440E-12     -0.30431080E-12      0.97310953E+00
      0.69015233E+00      0.14446304E+00     -0.18199029E-12     -0.31914632E-12      0.10029093E+01
      0.69051982E+00      0.14901380E+00     -0.18989658E-12     -0.33326147E-12      0.10345022E+01
      0.69088732E+00      0.15381580E+00     -0.19753078E-12     -0.34663192E-12      0.10678393E+01
      0.69125481E+00      0.15886164E+00     -0.20488090E-12     -0.35923547E-12      0.11028691E+01
      0.69162230E+00      0.16414355E+00     -0.21193544E-12     -0.37105201E-12      0.11395378E+01
      0.69198980E+00      0.16965341E+00     -0.21868343E-12     -0.38206363E-12      0.11777891E+01
      0.69235729E+00      0.17538277E+00     -0.22511443E-12     -0.39225460E-12      0.12175642E+01
      0.69272478E+00      0.18132284E+00     -0.23121855E-12     -0.40161141E-12      0.12588021E+01
      0.69309228E+00      0.18746450E+00     -0.23698645E-12     -0.41012272E-12      0.13014394E+01
      0.69345977E+00      0.19379832E+00     -0.24240934E-12     -0.41777944E-12      0.13454109E+01
      0.69382726E+00      0.20031456E+00     -0.24747901E-12     -0.42457464E-12      0.13906488E+01
      0.69419476E+00      0.20700322E+00     -0.25218783E-12     -0.43050356E-12      0.14370836E+01
      0.69456225E+00      0.21385399E+00     -0.25652874E-12     -0.43556362E-12      0.14846438E+01
      0.69492974E+00      0.22085631E+00     -0.26049527E-12     -0.43975431E-12      0.15332563E+01
      0.69529724E+00      0.22799939E+00     -0.26408151E-12     -0.44307721E-12      0.15828458E+01
      0.69566473E+00      0.23527218E+00     -0.26728214E-12     -0.44553592E-12      0.16333359E+01
      0.69603222E+00      0.24266345E+00     -0.27009244E-12     -0.44713600E-12      0.16846485E+01
      0.69639972E+00      0.25016172E+00     -0.27250823E-12     -0.44788492E-12      0.17367039E+01
      0.69676721E+00      0.25775539E+00     -0.27452593E-12     -0.44779200E-12      0.17894216E+01
      0.69713470E+00      0.26543264E+00     -0.27614252E-12     -0.44686831E-12      0.18427196E+01
      0.69750220E+00      0.27318154E+00     -0.27735554E-12     -0.44512665E-12      0.18965150E+01
      0.69786969E+00      0.28099001E+00     -0.27816308E-12     -0.44258141E-12      0.19507239E+01
      0.69823718E+00      0.28884588E+00     -0.27856380E-12     -0.43924853E-12      0.20052620E+01
      0.69860468E+00      0.29673689E+00     -0.27855688E-12     -0.43514541E-12      0.20600439E+01
      0.69897217E+00      0.30465068E+00     -0.27814204E-12     -0.43029079E-12      0.21149840E+01
      0.69933966E+00      0.31257488E+00     -0.27731952E-12     -0.42470472E-12      0.21699963E+01
      0.69970716E+00      0.32049705E+00     -0.27609009E-12     -0.41840839E-12      0.22249946E+01
      0.70007465E+00      0.32840477E+00     -0.27445502E-12     -0.41142410E-12      0.22798926E+01
      0.70044214E+00      0.33628563E+00     -0.27241605E-12     -0.40377516E-12      0.23346040E+01
      0.70080964E+00      0.34412721E+00     -0.26997544E-12     -0.39548574E-12      0.23890429E+01
      0.70117713E+00      0.35191719E+00     -0.26713591E-12     -0.38658084E-12      0.24431235E+01
      0.70154462E+00      0.35964329E+00     -0.26390063E-12     -0.37708615E-12      0.24967606E+01
      0.70191212E+00      0.36729334E+00     -0.26027325E-12     -0.36702800E-12      0.25498697E+01
      0.70227961E+00      0.37485526E+00     -0.25625785E-12     -0.35643321E-12      0.26023670E+01
      0.70264710E+00      0.38231712E+00     -0.25185894E-12     -0.34532905E-12      0.26541696E+01
      0.70301459E+00      0.38966713E+00     -0.24708145E-12     -0.33374310E-12      0.27051958E+01
      0.70338209E+00      0.39689370E+00     -0.24193073E-12     -0.32170322E-12      0.27553650E+01
      0.70374958E+00      0.40398539E+00     -0.23641252E-12     -0.30923742E-12      0.28045978E+01
      0.70411707E+00      0.41093101E+00     -0.23053295E-12     -0.29637376E-12      0.28528166E+01
      0.70448457E+00      0.41771959E+00     -0.22429855E-12     -0.28314035E-12      0.28999451E+01
      0.70485206E+00      0.42434041E+00     -0.21771620E-12     -0.26956516E-12      0.29459089E+01
      0.70521955E+00      0.43078302E+00     -0.21079313E-12     -0.25567606E-12      0.29906357E+01
      0.70558705E+00      0.43703727E+00     -0.20353696E-12     -0.24150064E-12      0.30340547E+01
      0.70595454E+00      0.44309333E+00     -0.19595560E-12     -0.22706624E-12      0.30760978E+01
      0.70632203E+00      0.44894167E+00     -0.18805734E-12     -0.21239980E-12      0.31166989E+01
      0.70668953E+00      0.45457315E+00     -0.17985076E-12     -0.19752788E-12      0.31557944E+01
      0.70705702E+00      0.45997895E+00     -0.17134476E-12     -0.18247654E-12      0.31933233E+01
      0.70742451E+00      0.46515068E+00     -0.16254854E-12     -0.16727132E-12      0.32292271E+01
      0.70779201E+00      0.47008033E+00     -0.15347162E-12     -0.15193717E-12      0.32634503E+01
      0.70815950E+00      0.47476030E+00     -0.14412378E-12     -0.13649845E-12      0.32959403E+01
      0.70852699E+00      0.47918346E+00     -0.13451510E-12     -0.12097885E-12      0.33266473E+01
      0.70889449E+00      0.48334311E+00     -0.12465590E-12     -0.10540134E-12      0.33555249E+01
      0.70926198E+00      0.48723303E+00     -0.11455678E-12     -0.89788219E-13      0.33825300E+01
      0.70962947E+00      0.49084748E+00     -0.10422861E-12     -0.74160989E-13      0.34076227E+01
      0.70999697E+00      0.49418124E+00     -0.93682485E-13     -0.58540401E-13      0.34307667E+01
      0.71036446E+00      0.49722958E+00     -0.82929730E-13     -0.42946409E-13      0.34519293E+01
      0.71073195E+00      0.49998834E+00     -0.71981911E-13     -0.27398160E-13      0.34710815E+01
      0.71109945E+00      0.50245387E+00     -0.60850811E-13     -0.11913986E-13      0.34881980E+01
      0.71146694E+00      0.50462311E+00     -0.49548419E-13      0.34886062E-14      0.35032576E+01
      0.71183443E+00      0.50649357E+00     -0.38086930E-13      0.18792938E-13      0.35162429E+01
      0.71220193E+00      0.50806334E+00     -0.26478728E-13      0.33983156E-13      0.35271408E+01
      0.71256942E+00      0.50933111E+00     -0.14736380E-13      0.49044235E-13      0.35359420E+01
      0.71293691E+00      0.51029620E+00     -0.28726265E-14      0.63961963E-13      0.35426420E+01
      0.71330441E+00      0.51095853E+00      0.90996306E-14      0.78722939E-13      0.35472401E+01
      0.71367190E+00      0.51131867E+00      0.21167337E-13      0.93314559E-13      0.35497403E+01
      0.71403939E+00      0.51137783E+00      0.33317296E-13      0.10772500E-12      0.35501510E+01
      0.71440689E+00      0.51113789E+00      0.45536182E-13      0.12194319E-12      0.35484852E+01
      0.71477438E+00      0.51060136E+00      0.57810551E-13      0.13595884E-12      0.35447605E+01
      0.71514187E+00      0.50977146E+00      0.70126854E-13      0.14976234E-12      0.35389990E+01
      0.71550937E+00      0.50865205E+00      0.82471447E-13      0.16334480E-12      0.35312278E+01
      0.71587686E+00      0.50724772E+00      0.94830606E-13      0.17669803E-12      0.35214784E+01
      0.71624435E+00      0.50556370E+00      0.10719054E-12      0.18981444E-12      0.35097875E+01
      0.71661185E+00      0.50360596E+00      0.11953741E-12      0.20268711E-12      0.34961962E+01
      0.71697934E+00      0.50138115E+00      0.13185733E-12      0.21530971E-12      0.34807508E+01
      0.71734683E+00      0.49889662E+00      0.14413640E-12      0.22767644E-12      0.34635024E+01
      0.71771433E+00      0.49616042E+00      0.15636071E-12      0.23978210E-12      0.34445068E+01
      0.71808182E+00      0.49318132E+00      0.16851636E-12      0.25162194E-12      0.34238249E+01
      0.71844931E+00      0.48996878E+00      0.18058948E-12      0.26319173E-12      0.34015225E+01
      0.71881680E+00      0.48653299E+00      0.19256624E-12      0.27448768E-12      0.33776701E+01
      0.71918430E+00      0.48288481E+00      0.20443286E-12      0.28550643E-12      0.33523432E+01
      0.71955179E+00      0.47903581E+00      0.21617567E-12      0.29624500E-12      0.33256222E+01
      0.71991928E+00      0.47499826E+00      0.22778107E-12      0.30670078E-12      0.32975922E+01
      0.72028678E+00      0.47078511E+00      0.23923559E-12      0.31687151E-12      0.32683432E+01
      0.72065427E+00      0.46640999E+00      0.25052589E-12      0.32675523E-12      0.32379696E+01
      0.72102176E+00      0.46188719E+00      0.26163881E-12      0.33635028E-12      0.32065709E+01
      0.72138926E+00      0.45723168E+00      0.27256133E-12      0.34565526E-12      0.31742509E+01
      0.72175675E+00      0.45245907E+00      0.28328067E-12      0.35466899E-12      0.31411178E+01
      0.72212424E+00      0.44758560E+00      0.29378423E-12      0.36339055E-12      0.31072846E+01
      0.72249174E+00      0.44262814E+00      0.30405968E-12      0.37181918E-12      0.30728683E+01
      0.72285923E+00      0.43760416E+00      0.31409493E-12      0.37995433E-12      0.30379902E+01
      0.72322672E+00      0.43253171E+00      0.32387819E-12      0.38779559E-12      0.30027756E+01
      0.72359422E+00      0.42742942E+00      0.33339797E-12      0.39534270E-12      0.29673539E+01
      0.72396171E+00      0.42231646E+00      0.34264308E-12      0.40259556E-12      0.29318580E+01
      0.72432920E+00      0.41721252E+00      0.35160271E-12      0.40955416E-12      0.28964248E+01
      0.72469670E+00      0.41213780E+00      0.36026640E-12      0.41621862E-12      0.28611945E+01
      0.72506419E+00      0.40711298E+00      0.36862407E-12      0.42258916E-12      0.28263105E+01
      0.72543168E+00      0.40215916E+00      0.37666606E-12      0.42866607E-12      0.27919195E+01
      0.72579918E+00      0.39729787E+00      0.38438314E-12      0.43444978E-12      0.27581709E+01
      0.72616667E+00      0.39255105E+00      0.39176650E-12      0.43994075E-12      0.27252169E+01
      0.72653416E+00      0.38794096E+00      0.39880784E-12      0.44513956E-12      0.26932121E+01
      0.72690166E+00      0.38349019E+00      0.40549930E-12      0.45004685E-12      0.26623135E+01
      0.72726915E+00      0.37922162E+00      0.41183355E-12      0.45466336E-12      0.26326797E+01
      0.72763664E+00      0.37515839E+00      0.41780377E-12      0.45898991E-12      0.26044714E+01
      0.72800414E+00      0.37132381E+00      0.42340368E-12      0.46302740E-12      0.25778505E+01
      0.72837163E+00      0.36774140E+00      0.42862754E-12      0.46677682E-12      0.25529803E+01
      0.72873912E+00      0.36443478E+00      0.43347018E-12      0.47023927E-12      0.25300246E+01
      0.72910662E+00      0.36142765E+00      0.43792702E-12      0.47341594E-12      0.25091481E+01
      0.72947411E+00      0.35874376E+00      0.44199406E-12      0.47630814E-12      0.24905157E+01
      0.72984160E+00      0.35640685E+00      0.44566790E-12      0.47891730E-12      0.24742921E+01
      0.73020910E+00      0.35444059E+00      0.44894577E-12      0.48124498E-12      0.24606417E+01
      0.73057659E+00      0.35286857E+00      0.45182550E-12      0.48329287E-12      0.24497283E+01
      0.73094408E+00      0.35171420E+00      0.45430557E-12      0.48506282E-12      0.24417143E+01
      0.73131158E+00      0.35100070E+00      0.45638508E-12      0.48655682E-12      0.24367609E+01
      0.73167907E+00      0.35075103E+00      0.45806378E-12      0.48777706E-12      0.24350276E+01
      0.73204656E+00      0.35098783E+00      0.45934208E-12      0.48872590E-12      0.24366715E+01
      0.73241406E+00      0.35173339E+00      0.46022100E-12      0.48940586E-12      0.24418475E+01
      0.73278155E+00      0.35300958E+00      0.46070224E-12      0.48981972E-12      0.24507072E+01
      0.73314904E+00      0.35483780E+00      0.46078814E-12      0.48997042E-12      0.24633993E+01
      0.73351653E+00      0.35723891E+00      0.46048168E-12      0.48986116E-12      0.24800686E+01
      0.73388403E+00      0.36023320E+00      0.45978650E-12      0.48949537E-12      0.25008559E+01
      0.73425152E+00      0.36384033E+00      0.45870686E-12      0.48887670E-12      0.25258978E+01
      0.73461901E+00      0.36807925E+00      0.45724766E-12      0.48800907E-12      0.25553257E+01
      0.73498651E+00      0.37296817E+00      0.45541441E-12      0.48689667E-12      0.25892662E+01
